{"train/total_loss":0.002899169921875,"_wandb":{"runtime":26394},"train/epoch":4,"epoch/total_loss_avg":1.1766829863048736,"train/depth_loss_weighted":0.002899169921875,"_timestamp":1.7655744532227318e+09,"train/depth_loss":0.029052734375,"epoch/noise_loss_avg":0.07636451150689806,"train/learning_rate":0.0001,"train/timestep":264,"train/global_step":2620,"epoch/epoch":4,"train/noise_loss_weighted":0.08285225927829742,"_runtime":26394.122776854,"train/noise_loss":0.05447228625416756,"_step":2625,"epoch/depth_loss_avg":11.744922688802083}