{"train/depth_loss_weighted":0.00162506103515625,"_wandb":{"runtime":25662},"train/global_step":2620,"train/total_loss":0.00162506103515625,"train/epoch":4,"train/noise_loss":0.020334936678409576,"train/learning_rate":0.0001,"train/timestep":896,"epoch/depth_loss_avg":0.04681861514136905,"train/depth_loss":0.0162353515625,"_timestamp":1.7658991293914008e+09,"_runtime":25662.321607874,"epoch/epoch":4,"train/noise_loss_weighted":0.013322625309228897,"epoch/total_loss_avg":0.004682806105840774,"_step":2625,"epoch/noise_loss_avg":0.08277877598468747}