{"_timestamp":1.7659295054997966e+09,"train/noise_loss":0.05893434211611748,"epoch/total_loss_avg":0.23659958708853948,"train/learning_rate":0.0001,"train/epoch":4,"epoch/motion_loss_avg":1.1663643973214286,"_step":2625,"train/motion_loss":0.73828125,"epoch/depth_loss_avg":0.03501127697172619,"train/total_loss":0.20878322422504425,"epoch/warp_loss_avg":0.03516868954613095,"train/global_step":2620,"train/motion_loss_weighted":0.07373046875,"train/depth_loss_weighted":0.00714111328125,"train/depth_loss":0.0712890625,"_wandb":{"runtime":56008},"train/warp_loss":0.07177734375,"epoch/epoch":4,"train/warp_loss_weighted":0.007171630859375,"_runtime":56008.187297487,"epoch/noise_loss_avg":0.15131859128673872,"train/timestep":448,"train/noise_loss_weighted":0.12074001133441925}