video,prompt,negative_prompt,num_images
/scratch/vcj9002/MagicPhysics/test_ball_and_block_collect/0/env/camera/cam_0,A physics simulation of a ball and block interaction (scene 0),,47
/scratch/vcj9002/MagicPhysics/test_ball_and_block_collect/1/env/camera/cam_0,A physics simulation of a ball and block interaction (scene 1),,47
/scratch/vcj9002/MagicPhysics/test_ball_and_block_collect/10/env/camera/cam_0,A physics simulation of a ball and block interaction (scene 10),,80
/scratch/vcj9002/MagicPhysics/test_ball_and_block_collect/100/env/camera/cam_0,A physics simulation of a ball and block interaction (scene 100),,173
/scratch/vcj9002/MagicPhysics/test_ball_and_block_collect/1000/env/camera/cam_0,A physics simulation of a ball and block interaction (scene 1000),,216
/scratch/vcj9002/MagicPhysics/test_ball_and_block_collect/1001/env/camera/cam_0,A physics simulation of a ball and block interaction (scene 1001),,61
/scratch/vcj9002/MagicPhysics/test_ball_and_block_collect/1002/env/camera/cam_0,A physics simulation of a ball and block interaction (scene 1002),,180
/scratch/vcj9002/MagicPhysics/test_ball_and_block_collect/1003/env/camera/cam_0,A physics simulation of a ball and block interaction (scene 1003),,139
/scratch/vcj9002/MagicPhysics/test_ball_and_block_collect/1004/env/camera/cam_0,A physics simulation of a ball and block interaction (scene 1004),,164
/scratch/vcj9002/MagicPhysics/test_ball_and_block_collect/1005/env/camera/cam_0,A physics simulation of a ball and block interaction (scene 1005),,275
/scratch/vcj9002/MagicPhysics/test_ball_and_block_collect/1006/env/camera/cam_0,A physics simulation of a ball and block interaction (scene 1006),,154
/scratch/vcj9002/MagicPhysics/test_ball_and_block_collect/1007/env/camera/cam_0,A physics simulation of a ball and block interaction (scene 1007),,231
/scratch/vcj9002/MagicPhysics/test_ball_and_block_collect/1008/env/camera/cam_0,A physics simulation of a ball and block interaction (scene 1008),,76
/scratch/vcj9002/MagicPhysics/test_ball_and_block_collect/101/env/camera/cam_0,A physics simulation of a ball and block interaction (scene 101),,49
/scratch/vcj9002/MagicPhysics/test_ball_and_block_collect/102/env/camera/cam_0,A physics simulation of a ball and block interaction (scene 102),,149
/scratch/vcj9002/MagicPhysics/test_ball_and_block_collect/103/env/camera/cam_0,A physics simulation of a ball and block interaction (scene 103),,191
/scratch/vcj9002/MagicPhysics/test_ball_and_block_collect/104/env/camera/cam_0,A physics simulation of a ball and block interaction (scene 104),,152
/scratch/vcj9002/MagicPhysics/test_ball_and_block_collect/105/env/camera/cam_0,A physics simulation of a ball and block interaction (scene 105),,138
/scratch/vcj9002/MagicPhysics/test_ball_and_block_collect/106/env/camera/cam_0,A physics simulation of a ball and block interaction (scene 106),,49
/scratch/vcj9002/MagicPhysics/test_ball_and_block_collect/107/env/camera/cam_0,A physics simulation of a ball and block interaction (scene 107),,183
/scratch/vcj9002/MagicPhysics/test_ball_and_block_collect/108/env/camera/cam_0,A physics simulation of a ball and block interaction (scene 108),,139
/scratch/vcj9002/MagicPhysics/test_ball_and_block_collect/109/env/camera/cam_0,A physics simulation of a ball and block interaction (scene 109),,49
/scratch/vcj9002/MagicPhysics/test_ball_and_block_collect/11/env/camera/cam_0,A physics simulation of a ball and block interaction (scene 11),,69
/scratch/vcj9002/MagicPhysics/test_ball_and_block_collect/110/env/camera/cam_0,A physics simulation of a ball and block interaction (scene 110),,160
/scratch/vcj9002/MagicPhysics/test_ball_and_block_collect/111/env/camera/cam_0,A physics simulation of a ball and block interaction (scene 111),,141
/scratch/vcj9002/MagicPhysics/test_ball_and_block_collect/112/env/camera/cam_0,A physics simulation of a ball and block interaction (scene 112),,196
/scratch/vcj9002/MagicPhysics/test_ball_and_block_collect/113/env/camera/cam_0,A physics simulation of a ball and block interaction (scene 113),,49
/scratch/vcj9002/MagicPhysics/test_ball_and_block_collect/114/env/camera/cam_0,A physics simulation of a ball and block interaction (scene 114),,49
/scratch/vcj9002/MagicPhysics/test_ball_and_block_collect/115/env/camera/cam_0,A physics simulation of a ball and block interaction (scene 115),,183
/scratch/vcj9002/MagicPhysics/test_ball_and_block_collect/116/env/camera/cam_0,A physics simulation of a ball and block interaction (scene 116),,142
/scratch/vcj9002/MagicPhysics/test_ball_and_block_collect/117/env/camera/cam_0,A physics simulation of a ball and block interaction (scene 117),,168
/scratch/vcj9002/MagicPhysics/test_ball_and_block_collect/118/env/camera/cam_0,A physics simulation of a ball and block interaction (scene 118),,49
/scratch/vcj9002/MagicPhysics/test_ball_and_block_collect/119/env/camera/cam_0,A physics simulation of a ball and block interaction (scene 119),,60
/scratch/vcj9002/MagicPhysics/test_ball_and_block_collect/12/env/camera/cam_0,A physics simulation of a ball and block interaction (scene 12),,61
/scratch/vcj9002/MagicPhysics/test_ball_and_block_collect/120/env/camera/cam_0,A physics simulation of a ball and block interaction (scene 120),,213
/scratch/vcj9002/MagicPhysics/test_ball_and_block_collect/121/env/camera/cam_0,A physics simulation of a ball and block interaction (scene 121),,134
/scratch/vcj9002/MagicPhysics/test_ball_and_block_collect/122/env/camera/cam_0,A physics simulation of a ball and block interaction (scene 122),,176
/scratch/vcj9002/MagicPhysics/test_ball_and_block_collect/123/env/camera/cam_0,A physics simulation of a ball and block interaction (scene 123),,49
/scratch/vcj9002/MagicPhysics/test_ball_and_block_collect/124/env/camera/cam_0,A physics simulation of a ball and block interaction (scene 124),,142
/scratch/vcj9002/MagicPhysics/test_ball_and_block_collect/125/env/camera/cam_0,A physics simulation of a ball and block interaction (scene 125),,185
/scratch/vcj9002/MagicPhysics/test_ball_and_block_collect/126/env/camera/cam_0,A physics simulation of a ball and block interaction (scene 126),,191
/scratch/vcj9002/MagicPhysics/test_ball_and_block_collect/127/env/camera/cam_0,A physics simulation of a ball and block interaction (scene 127),,185
/scratch/vcj9002/MagicPhysics/test_ball_and_block_collect/128/env/camera/cam_0,A physics simulation of a ball and block interaction (scene 128),,136
/scratch/vcj9002/MagicPhysics/test_ball_and_block_collect/129/env/camera/cam_0,A physics simulation of a ball and block interaction (scene 129),,133
/scratch/vcj9002/MagicPhysics/test_ball_and_block_collect/13/env/camera/cam_0,A physics simulation of a ball and block interaction (scene 13),,187
/scratch/vcj9002/MagicPhysics/test_ball_and_block_collect/130/env/camera/cam_0,A physics simulation of a ball and block interaction (scene 130),,140
/scratch/vcj9002/MagicPhysics/test_ball_and_block_collect/131/env/camera/cam_0,A physics simulation of a ball and block interaction (scene 131),,177
/scratch/vcj9002/MagicPhysics/test_ball_and_block_collect/132/env/camera/cam_0,A physics simulation of a ball and block interaction (scene 132),,145
/scratch/vcj9002/MagicPhysics/test_ball_and_block_collect/133/env/camera/cam_0,A physics simulation of a ball and block interaction (scene 133),,155
/scratch/vcj9002/MagicPhysics/test_ball_and_block_collect/134/env/camera/cam_0,A physics simulation of a ball and block interaction (scene 134),,49
/scratch/vcj9002/MagicPhysics/test_ball_and_block_collect/135/env/camera/cam_0,A physics simulation of a ball and block interaction (scene 135),,135
/scratch/vcj9002/MagicPhysics/test_ball_and_block_collect/136/env/camera/cam_0,A physics simulation of a ball and block interaction (scene 136),,49
/scratch/vcj9002/MagicPhysics/test_ball_and_block_collect/137/env/camera/cam_0,A physics simulation of a ball and block interaction (scene 137),,204
/scratch/vcj9002/MagicPhysics/test_ball_and_block_collect/138/env/camera/cam_0,A physics simulation of a ball and block interaction (scene 138),,185
/scratch/vcj9002/MagicPhysics/test_ball_and_block_collect/139/env/camera/cam_0,A physics simulation of a ball and block interaction (scene 139),,60
/scratch/vcj9002/MagicPhysics/test_ball_and_block_collect/14/env/camera/cam_0,A physics simulation of a ball and block interaction (scene 14),,49
/scratch/vcj9002/MagicPhysics/test_ball_and_block_collect/140/env/camera/cam_0,A physics simulation of a ball and block interaction (scene 140),,137
/scratch/vcj9002/MagicPhysics/test_ball_and_block_collect/141/env/camera/cam_0,A physics simulation of a ball and block interaction (scene 141),,166
/scratch/vcj9002/MagicPhysics/test_ball_and_block_collect/142/env/camera/cam_0,A physics simulation of a ball and block interaction (scene 142),,80
/scratch/vcj9002/MagicPhysics/test_ball_and_block_collect/144/env/camera/cam_0,A physics simulation of a ball and block interaction (scene 144),,46
/scratch/vcj9002/MagicPhysics/test_ball_and_block_collect/145/env/camera/cam_0,A physics simulation of a ball and block interaction (scene 145),,46
/scratch/vcj9002/MagicPhysics/test_ball_and_block_collect/146/env/camera/cam_0,A physics simulation of a ball and block interaction (scene 146),,46
/scratch/vcj9002/MagicPhysics/test_ball_and_block_collect/147/env/camera/cam_0,A physics simulation of a ball and block interaction (scene 147),,58
/scratch/vcj9002/MagicPhysics/test_ball_and_block_collect/148/env/camera/cam_0,A physics simulation of a ball and block interaction (scene 148),,49
/scratch/vcj9002/MagicPhysics/test_ball_and_block_collect/149/env/camera/cam_0,A physics simulation of a ball and block interaction (scene 149),,49
/scratch/vcj9002/MagicPhysics/test_ball_and_block_collect/15/env/camera/cam_0,A physics simulation of a ball and block interaction (scene 15),,61
/scratch/vcj9002/MagicPhysics/test_ball_and_block_collect/150/env/camera/cam_0,A physics simulation of a ball and block interaction (scene 150),,50
/scratch/vcj9002/MagicPhysics/test_ball_and_block_collect/151/env/camera/cam_0,A physics simulation of a ball and block interaction (scene 151),,70
/scratch/vcj9002/MagicPhysics/test_ball_and_block_collect/152/env/camera/cam_0,A physics simulation of a ball and block interaction (scene 152),,49
/scratch/vcj9002/MagicPhysics/test_ball_and_block_collect/153/env/camera/cam_0,A physics simulation of a ball and block interaction (scene 153),,49
/scratch/vcj9002/MagicPhysics/test_ball_and_block_collect/154/env/camera/cam_0,A physics simulation of a ball and block interaction (scene 154),,50
/scratch/vcj9002/MagicPhysics/test_ball_and_block_collect/155/env/camera/cam_0,A physics simulation of a ball and block interaction (scene 155),,49
/scratch/vcj9002/MagicPhysics/test_ball_and_block_collect/156/env/camera/cam_0,A physics simulation of a ball and block interaction (scene 156),,49
/scratch/vcj9002/MagicPhysics/test_ball_and_block_collect/157/env/camera/cam_0,A physics simulation of a ball and block interaction (scene 157),,97
/scratch/vcj9002/MagicPhysics/test_ball_and_block_collect/158/env/camera/cam_0,A physics simulation of a ball and block interaction (scene 158),,60
/scratch/vcj9002/MagicPhysics/test_ball_and_block_collect/159/env/camera/cam_0,A physics simulation of a ball and block interaction (scene 159),,181
/scratch/vcj9002/MagicPhysics/test_ball_and_block_collect/16/env/camera/cam_0,A physics simulation of a ball and block interaction (scene 16),,246
/scratch/vcj9002/MagicPhysics/test_ball_and_block_collect/160/env/camera/cam_0,A physics simulation of a ball and block interaction (scene 160),,49
/scratch/vcj9002/MagicPhysics/test_ball_and_block_collect/161/env/camera/cam_0,A physics simulation of a ball and block interaction (scene 161),,60
/scratch/vcj9002/MagicPhysics/test_ball_and_block_collect/162/env/camera/cam_0,A physics simulation of a ball and block interaction (scene 162),,187
/scratch/vcj9002/MagicPhysics/test_ball_and_block_collect/163/env/camera/cam_0,A physics simulation of a ball and block interaction (scene 163),,183
/scratch/vcj9002/MagicPhysics/test_ball_and_block_collect/164/env/camera/cam_0,A physics simulation of a ball and block interaction (scene 164),,181
/scratch/vcj9002/MagicPhysics/test_ball_and_block_collect/166/env/camera/cam_0,A physics simulation of a ball and block interaction (scene 166),,45
/scratch/vcj9002/MagicPhysics/test_ball_and_block_collect/167/env/camera/cam_0,A physics simulation of a ball and block interaction (scene 167),,46
/scratch/vcj9002/MagicPhysics/test_ball_and_block_collect/168/env/camera/cam_0,A physics simulation of a ball and block interaction (scene 168),,46
/scratch/vcj9002/MagicPhysics/test_ball_and_block_collect/169/env/camera/cam_0,A physics simulation of a ball and block interaction (scene 169),,57
/scratch/vcj9002/MagicPhysics/test_ball_and_block_collect/17/env/camera/cam_0,A physics simulation of a ball and block interaction (scene 17),,140
/scratch/vcj9002/MagicPhysics/test_ball_and_block_collect/170/env/camera/cam_0,A physics simulation of a ball and block interaction (scene 170),,57
/scratch/vcj9002/MagicPhysics/test_ball_and_block_collect/171/env/camera/cam_0,A physics simulation of a ball and block interaction (scene 171),,57
/scratch/vcj9002/MagicPhysics/test_ball_and_block_collect/172/env/camera/cam_0,A physics simulation of a ball and block interaction (scene 172),,58
/scratch/vcj9002/MagicPhysics/test_ball_and_block_collect/173/env/camera/cam_0,A physics simulation of a ball and block interaction (scene 173),,74
/scratch/vcj9002/MagicPhysics/test_ball_and_block_collect/174/env/camera/cam_0,A physics simulation of a ball and block interaction (scene 174),,76
/scratch/vcj9002/MagicPhysics/test_ball_and_block_collect/175/env/camera/cam_0,A physics simulation of a ball and block interaction (scene 175),,76
/scratch/vcj9002/MagicPhysics/test_ball_and_block_collect/176/env/camera/cam_0,A physics simulation of a ball and block interaction (scene 176),,49
/scratch/vcj9002/MagicPhysics/test_ball_and_block_collect/177/env/camera/cam_0,A physics simulation of a ball and block interaction (scene 177),,49
/scratch/vcj9002/MagicPhysics/test_ball_and_block_collect/178/env/camera/cam_0,A physics simulation of a ball and block interaction (scene 178),,49
/scratch/vcj9002/MagicPhysics/test_ball_and_block_collect/179/env/camera/cam_0,A physics simulation of a ball and block interaction (scene 179),,49
/scratch/vcj9002/MagicPhysics/test_ball_and_block_collect/18/env/camera/cam_0,A physics simulation of a ball and block interaction (scene 18),,184
/scratch/vcj9002/MagicPhysics/test_ball_and_block_collect/180/env/camera/cam_0,A physics simulation of a ball and block interaction (scene 180),,49
/scratch/vcj9002/MagicPhysics/test_ball_and_block_collect/181/env/camera/cam_0,A physics simulation of a ball and block interaction (scene 181),,50
/scratch/vcj9002/MagicPhysics/test_ball_and_block_collect/182/env/camera/cam_0,A physics simulation of a ball and block interaction (scene 182),,72
/scratch/vcj9002/MagicPhysics/test_ball_and_block_collect/183/env/camera/cam_0,A physics simulation of a ball and block interaction (scene 183),,61
/scratch/vcj9002/MagicPhysics/test_ball_and_block_collect/184/env/camera/cam_0,A physics simulation of a ball and block interaction (scene 184),,49
/scratch/vcj9002/MagicPhysics/test_ball_and_block_collect/185/env/camera/cam_0,A physics simulation of a ball and block interaction (scene 185),,92
/scratch/vcj9002/MagicPhysics/test_ball_and_block_collect/186/env/camera/cam_0,A physics simulation of a ball and block interaction (scene 186),,60
/scratch/vcj9002/MagicPhysics/test_ball_and_block_collect/187/env/camera/cam_0,A physics simulation of a ball and block interaction (scene 187),,60
/scratch/vcj9002/MagicPhysics/test_ball_and_block_collect/188/env/camera/cam_0,A physics simulation of a ball and block interaction (scene 188),,49
/scratch/vcj9002/MagicPhysics/test_ball_and_block_collect/189/env/camera/cam_0,A physics simulation of a ball and block interaction (scene 189),,71
/scratch/vcj9002/MagicPhysics/test_ball_and_block_collect/19/env/camera/cam_0,A physics simulation of a ball and block interaction (scene 19),,49
/scratch/vcj9002/MagicPhysics/test_ball_and_block_collect/190/env/camera/cam_0,A physics simulation of a ball and block interaction (scene 190),,60
/scratch/vcj9002/MagicPhysics/test_ball_and_block_collect/191/env/camera/cam_0,A physics simulation of a ball and block interaction (scene 191),,49
/scratch/vcj9002/MagicPhysics/test_ball_and_block_collect/192/env/camera/cam_0,A physics simulation of a ball and block interaction (scene 192),,50
/scratch/vcj9002/MagicPhysics/test_ball_and_block_collect/193/env/camera/cam_0,A physics simulation of a ball and block interaction (scene 193),,70
/scratch/vcj9002/MagicPhysics/test_ball_and_block_collect/194/env/camera/cam_0,A physics simulation of a ball and block interaction (scene 194),,49
/scratch/vcj9002/MagicPhysics/test_ball_and_block_collect/195/env/camera/cam_0,A physics simulation of a ball and block interaction (scene 195),,50
/scratch/vcj9002/MagicPhysics/test_ball_and_block_collect/196/env/camera/cam_0,A physics simulation of a ball and block interaction (scene 196),,155
/scratch/vcj9002/MagicPhysics/test_ball_and_block_collect/197/env/camera/cam_0,A physics simulation of a ball and block interaction (scene 197),,60
/scratch/vcj9002/MagicPhysics/test_ball_and_block_collect/198/env/camera/cam_0,A physics simulation of a ball and block interaction (scene 198),,80
/scratch/vcj9002/MagicPhysics/test_ball_and_block_collect/199/env/camera/cam_0,A physics simulation of a ball and block interaction (scene 199),,90
/scratch/vcj9002/MagicPhysics/test_ball_and_block_collect/2/env/camera/cam_0,A physics simulation of a ball and block interaction (scene 2),,59
/scratch/vcj9002/MagicPhysics/test_ball_and_block_collect/20/env/camera/cam_0,A physics simulation of a ball and block interaction (scene 20),,162
/scratch/vcj9002/MagicPhysics/test_ball_and_block_collect/200/env/camera/cam_0,A physics simulation of a ball and block interaction (scene 200),,193
/scratch/vcj9002/MagicPhysics/test_ball_and_block_collect/201/env/camera/cam_0,A physics simulation of a ball and block interaction (scene 201),,229
/scratch/vcj9002/MagicPhysics/test_ball_and_block_collect/202/env/camera/cam_0,A physics simulation of a ball and block interaction (scene 202),,49
/scratch/vcj9002/MagicPhysics/test_ball_and_block_collect/203/env/camera/cam_0,A physics simulation of a ball and block interaction (scene 203),,69
/scratch/vcj9002/MagicPhysics/test_ball_and_block_collect/204/env/camera/cam_0,A physics simulation of a ball and block interaction (scene 204),,181
/scratch/vcj9002/MagicPhysics/test_ball_and_block_collect/205/env/camera/cam_0,A physics simulation of a ball and block interaction (scene 205),,49
/scratch/vcj9002/MagicPhysics/test_ball_and_block_collect/206/env/camera/cam_0,A physics simulation of a ball and block interaction (scene 206),,81
/scratch/vcj9002/MagicPhysics/test_ball_and_block_collect/207/env/camera/cam_0,A physics simulation of a ball and block interaction (scene 207),,60
/scratch/vcj9002/MagicPhysics/test_ball_and_block_collect/208/env/camera/cam_0,A physics simulation of a ball and block interaction (scene 208),,211
/scratch/vcj9002/MagicPhysics/test_ball_and_block_collect/209/env/camera/cam_0,A physics simulation of a ball and block interaction (scene 209),,61
/scratch/vcj9002/MagicPhysics/test_ball_and_block_collect/21/env/camera/cam_0,A physics simulation of a ball and block interaction (scene 21),,152
/scratch/vcj9002/MagicPhysics/test_ball_and_block_collect/210/env/camera/cam_0,A physics simulation of a ball and block interaction (scene 210),,135
/scratch/vcj9002/MagicPhysics/test_ball_and_block_collect/211/env/camera/cam_0,A physics simulation of a ball and block interaction (scene 211),,146
/scratch/vcj9002/MagicPhysics/test_ball_and_block_collect/212/env/camera/cam_0,A physics simulation of a ball and block interaction (scene 212),,82
/scratch/vcj9002/MagicPhysics/test_ball_and_block_collect/213/env/camera/cam_0,A physics simulation of a ball and block interaction (scene 213),,156
/scratch/vcj9002/MagicPhysics/test_ball_and_block_collect/214/env/camera/cam_0,A physics simulation of a ball and block interaction (scene 214),,191
/scratch/vcj9002/MagicPhysics/test_ball_and_block_collect/215/env/camera/cam_0,A physics simulation of a ball and block interaction (scene 215),,139
/scratch/vcj9002/MagicPhysics/test_ball_and_block_collect/216/env/camera/cam_0,A physics simulation of a ball and block interaction (scene 216),,49
/scratch/vcj9002/MagicPhysics/test_ball_and_block_collect/217/env/camera/cam_0,A physics simulation of a ball and block interaction (scene 217),,197
/scratch/vcj9002/MagicPhysics/test_ball_and_block_collect/218/env/camera/cam_0,A physics simulation of a ball and block interaction (scene 218),,127
/scratch/vcj9002/MagicPhysics/test_ball_and_block_collect/219/env/camera/cam_0,A physics simulation of a ball and block interaction (scene 219),,148
/scratch/vcj9002/MagicPhysics/test_ball_and_block_collect/22/env/camera/cam_0,A physics simulation of a ball and block interaction (scene 22),,151
/scratch/vcj9002/MagicPhysics/test_ball_and_block_collect/220/env/camera/cam_0,A physics simulation of a ball and block interaction (scene 220),,102
/scratch/vcj9002/MagicPhysics/test_ball_and_block_collect/221/env/camera/cam_0,A physics simulation of a ball and block interaction (scene 221),,227
/scratch/vcj9002/MagicPhysics/test_ball_and_block_collect/222/env/camera/cam_0,A physics simulation of a ball and block interaction (scene 222),,49
/scratch/vcj9002/MagicPhysics/test_ball_and_block_collect/223/env/camera/cam_0,A physics simulation of a ball and block interaction (scene 223),,215
/scratch/vcj9002/MagicPhysics/test_ball_and_block_collect/224/env/camera/cam_0,A physics simulation of a ball and block interaction (scene 224),,171
/scratch/vcj9002/MagicPhysics/test_ball_and_block_collect/225/env/camera/cam_0,A physics simulation of a ball and block interaction (scene 225),,127
/scratch/vcj9002/MagicPhysics/test_ball_and_block_collect/226/env/camera/cam_0,A physics simulation of a ball and block interaction (scene 226),,174
/scratch/vcj9002/MagicPhysics/test_ball_and_block_collect/227/env/camera/cam_0,A physics simulation of a ball and block interaction (scene 227),,168
/scratch/vcj9002/MagicPhysics/test_ball_and_block_collect/228/env/camera/cam_0,A physics simulation of a ball and block interaction (scene 228),,165
/scratch/vcj9002/MagicPhysics/test_ball_and_block_collect/229/env/camera/cam_0,A physics simulation of a ball and block interaction (scene 229),,131
/scratch/vcj9002/MagicPhysics/test_ball_and_block_collect/23/env/camera/cam_0,A physics simulation of a ball and block interaction (scene 23),,177
/scratch/vcj9002/MagicPhysics/test_ball_and_block_collect/230/env/camera/cam_0,A physics simulation of a ball and block interaction (scene 230),,61
/scratch/vcj9002/MagicPhysics/test_ball_and_block_collect/231/env/camera/cam_0,A physics simulation of a ball and block interaction (scene 231),,123
/scratch/vcj9002/MagicPhysics/test_ball_and_block_collect/232/env/camera/cam_0,A physics simulation of a ball and block interaction (scene 232),,61
/scratch/vcj9002/MagicPhysics/test_ball_and_block_collect/233/env/camera/cam_0,A physics simulation of a ball and block interaction (scene 233),,61
/scratch/vcj9002/MagicPhysics/test_ball_and_block_collect/234/env/camera/cam_0,A physics simulation of a ball and block interaction (scene 234),,156
/scratch/vcj9002/MagicPhysics/test_ball_and_block_collect/235/env/camera/cam_0,A physics simulation of a ball and block interaction (scene 235),,149
/scratch/vcj9002/MagicPhysics/test_ball_and_block_collect/236/env/camera/cam_0,A physics simulation of a ball and block interaction (scene 236),,72
/scratch/vcj9002/MagicPhysics/test_ball_and_block_collect/237/env/camera/cam_0,A physics simulation of a ball and block interaction (scene 237),,239
/scratch/vcj9002/MagicPhysics/test_ball_and_block_collect/238/env/camera/cam_0,A physics simulation of a ball and block interaction (scene 238),,160
/scratch/vcj9002/MagicPhysics/test_ball_and_block_collect/239/env/camera/cam_0,A physics simulation of a ball and block interaction (scene 239),,161
/scratch/vcj9002/MagicPhysics/test_ball_and_block_collect/24/env/camera/cam_0,A physics simulation of a ball and block interaction (scene 24),,132
/scratch/vcj9002/MagicPhysics/test_ball_and_block_collect/240/env/camera/cam_0,A physics simulation of a ball and block interaction (scene 240),,132
/scratch/vcj9002/MagicPhysics/test_ball_and_block_collect/241/env/camera/cam_0,A physics simulation of a ball and block interaction (scene 241),,202
/scratch/vcj9002/MagicPhysics/test_ball_and_block_collect/242/env/camera/cam_0,A physics simulation of a ball and block interaction (scene 242),,155
/scratch/vcj9002/MagicPhysics/test_ball_and_block_collect/243/env/camera/cam_0,A physics simulation of a ball and block interaction (scene 243),,49
/scratch/vcj9002/MagicPhysics/test_ball_and_block_collect/244/env/camera/cam_0,A physics simulation of a ball and block interaction (scene 244),,140
/scratch/vcj9002/MagicPhysics/test_ball_and_block_collect/245/env/camera/cam_0,A physics simulation of a ball and block interaction (scene 245),,163
/scratch/vcj9002/MagicPhysics/test_ball_and_block_collect/246/env/camera/cam_0,A physics simulation of a ball and block interaction (scene 246),,139
/scratch/vcj9002/MagicPhysics/test_ball_and_block_collect/247/env/camera/cam_0,A physics simulation of a ball and block interaction (scene 247),,120
/scratch/vcj9002/MagicPhysics/test_ball_and_block_collect/248/env/camera/cam_0,A physics simulation of a ball and block interaction (scene 248),,130
/scratch/vcj9002/MagicPhysics/test_ball_and_block_collect/249/env/camera/cam_0,A physics simulation of a ball and block interaction (scene 249),,171
/scratch/vcj9002/MagicPhysics/test_ball_and_block_collect/25/env/camera/cam_0,A physics simulation of a ball and block interaction (scene 25),,148
/scratch/vcj9002/MagicPhysics/test_ball_and_block_collect/250/env/camera/cam_0,A physics simulation of a ball and block interaction (scene 250),,159
/scratch/vcj9002/MagicPhysics/test_ball_and_block_collect/251/env/camera/cam_0,A physics simulation of a ball and block interaction (scene 251),,128
/scratch/vcj9002/MagicPhysics/test_ball_and_block_collect/252/env/camera/cam_0,A physics simulation of a ball and block interaction (scene 252),,160
/scratch/vcj9002/MagicPhysics/test_ball_and_block_collect/253/env/camera/cam_0,A physics simulation of a ball and block interaction (scene 253),,50
/scratch/vcj9002/MagicPhysics/test_ball_and_block_collect/254/env/camera/cam_0,A physics simulation of a ball and block interaction (scene 254),,150
/scratch/vcj9002/MagicPhysics/test_ball_and_block_collect/255/env/camera/cam_0,A physics simulation of a ball and block interaction (scene 255),,171
/scratch/vcj9002/MagicPhysics/test_ball_and_block_collect/256/env/camera/cam_0,A physics simulation of a ball and block interaction (scene 256),,144
/scratch/vcj9002/MagicPhysics/test_ball_and_block_collect/257/env/camera/cam_0,A physics simulation of a ball and block interaction (scene 257),,184
/scratch/vcj9002/MagicPhysics/test_ball_and_block_collect/258/env/camera/cam_0,A physics simulation of a ball and block interaction (scene 258),,49
/scratch/vcj9002/MagicPhysics/test_ball_and_block_collect/259/env/camera/cam_0,A physics simulation of a ball and block interaction (scene 259),,138
/scratch/vcj9002/MagicPhysics/test_ball_and_block_collect/26/env/camera/cam_0,A physics simulation of a ball and block interaction (scene 26),,160
/scratch/vcj9002/MagicPhysics/test_ball_and_block_collect/260/env/camera/cam_0,A physics simulation of a ball and block interaction (scene 260),,198
/scratch/vcj9002/MagicPhysics/test_ball_and_block_collect/261/env/camera/cam_0,A physics simulation of a ball and block interaction (scene 261),,147
/scratch/vcj9002/MagicPhysics/test_ball_and_block_collect/262/env/camera/cam_0,A physics simulation of a ball and block interaction (scene 262),,61
/scratch/vcj9002/MagicPhysics/test_ball_and_block_collect/263/env/camera/cam_0,A physics simulation of a ball and block interaction (scene 263),,61
/scratch/vcj9002/MagicPhysics/test_ball_and_block_collect/264/env/camera/cam_0,A physics simulation of a ball and block interaction (scene 264),,135
/scratch/vcj9002/MagicPhysics/test_ball_and_block_collect/265/env/camera/cam_0,A physics simulation of a ball and block interaction (scene 265),,131
/scratch/vcj9002/MagicPhysics/test_ball_and_block_collect/266/env/camera/cam_0,A physics simulation of a ball and block interaction (scene 266),,159
/scratch/vcj9002/MagicPhysics/test_ball_and_block_collect/267/env/camera/cam_0,A physics simulation of a ball and block interaction (scene 267),,172
/scratch/vcj9002/MagicPhysics/test_ball_and_block_collect/268/env/camera/cam_0,A physics simulation of a ball and block interaction (scene 268),,61
/scratch/vcj9002/MagicPhysics/test_ball_and_block_collect/269/env/camera/cam_0,A physics simulation of a ball and block interaction (scene 269),,60
/scratch/vcj9002/MagicPhysics/test_ball_and_block_collect/27/env/camera/cam_0,A physics simulation of a ball and block interaction (scene 27),,165
/scratch/vcj9002/MagicPhysics/test_ball_and_block_collect/270/env/camera/cam_0,A physics simulation of a ball and block interaction (scene 270),,202
/scratch/vcj9002/MagicPhysics/test_ball_and_block_collect/271/env/camera/cam_0,A physics simulation of a ball and block interaction (scene 271),,128
/scratch/vcj9002/MagicPhysics/test_ball_and_block_collect/272/env/camera/cam_0,A physics simulation of a ball and block interaction (scene 272),,49
/scratch/vcj9002/MagicPhysics/test_ball_and_block_collect/273/env/camera/cam_0,A physics simulation of a ball and block interaction (scene 273),,164
/scratch/vcj9002/MagicPhysics/test_ball_and_block_collect/274/env/camera/cam_0,A physics simulation of a ball and block interaction (scene 274),,136
/scratch/vcj9002/MagicPhysics/test_ball_and_block_collect/275/env/camera/cam_0,A physics simulation of a ball and block interaction (scene 275),,146
/scratch/vcj9002/MagicPhysics/test_ball_and_block_collect/276/env/camera/cam_0,A physics simulation of a ball and block interaction (scene 276),,150
/scratch/vcj9002/MagicPhysics/test_ball_and_block_collect/277/env/camera/cam_0,A physics simulation of a ball and block interaction (scene 277),,193
/scratch/vcj9002/MagicPhysics/test_ball_and_block_collect/278/env/camera/cam_0,A physics simulation of a ball and block interaction (scene 278),,148
/scratch/vcj9002/MagicPhysics/test_ball_and_block_collect/279/env/camera/cam_0,A physics simulation of a ball and block interaction (scene 279),,179
/scratch/vcj9002/MagicPhysics/test_ball_and_block_collect/28/env/camera/cam_0,A physics simulation of a ball and block interaction (scene 28),,88
/scratch/vcj9002/MagicPhysics/test_ball_and_block_collect/280/env/camera/cam_0,A physics simulation of a ball and block interaction (scene 280),,149
/scratch/vcj9002/MagicPhysics/test_ball_and_block_collect/281/env/camera/cam_0,A physics simulation of a ball and block interaction (scene 281),,168
/scratch/vcj9002/MagicPhysics/test_ball_and_block_collect/282/env/camera/cam_0,A physics simulation of a ball and block interaction (scene 282),,63
/scratch/vcj9002/MagicPhysics/test_ball_and_block_collect/283/env/camera/cam_0,A physics simulation of a ball and block interaction (scene 283),,129
/scratch/vcj9002/MagicPhysics/test_ball_and_block_collect/284/env/camera/cam_0,A physics simulation of a ball and block interaction (scene 284),,158
/scratch/vcj9002/MagicPhysics/test_ball_and_block_collect/285/env/camera/cam_0,A physics simulation of a ball and block interaction (scene 285),,141
/scratch/vcj9002/MagicPhysics/test_ball_and_block_collect/286/env/camera/cam_0,A physics simulation of a ball and block interaction (scene 286),,148
/scratch/vcj9002/MagicPhysics/test_ball_and_block_collect/287/env/camera/cam_0,A physics simulation of a ball and block interaction (scene 287),,133
/scratch/vcj9002/MagicPhysics/test_ball_and_block_collect/288/env/camera/cam_0,A physics simulation of a ball and block interaction (scene 288),,245
/scratch/vcj9002/MagicPhysics/test_ball_and_block_collect/289/env/camera/cam_0,A physics simulation of a ball and block interaction (scene 289),,160
/scratch/vcj9002/MagicPhysics/test_ball_and_block_collect/29/env/camera/cam_0,A physics simulation of a ball and block interaction (scene 29),,49
/scratch/vcj9002/MagicPhysics/test_ball_and_block_collect/290/env/camera/cam_0,A physics simulation of a ball and block interaction (scene 290),,61
/scratch/vcj9002/MagicPhysics/test_ball_and_block_collect/291/env/camera/cam_0,A physics simulation of a ball and block interaction (scene 291),,49
/scratch/vcj9002/MagicPhysics/test_ball_and_block_collect/292/env/camera/cam_0,A physics simulation of a ball and block interaction (scene 292),,177
/scratch/vcj9002/MagicPhysics/test_ball_and_block_collect/293/env/camera/cam_0,A physics simulation of a ball and block interaction (scene 293),,138
/scratch/vcj9002/MagicPhysics/test_ball_and_block_collect/294/env/camera/cam_0,A physics simulation of a ball and block interaction (scene 294),,136
/scratch/vcj9002/MagicPhysics/test_ball_and_block_collect/295/env/camera/cam_0,A physics simulation of a ball and block interaction (scene 295),,169
/scratch/vcj9002/MagicPhysics/test_ball_and_block_collect/296/env/camera/cam_0,A physics simulation of a ball and block interaction (scene 296),,156
/scratch/vcj9002/MagicPhysics/test_ball_and_block_collect/297/env/camera/cam_0,A physics simulation of a ball and block interaction (scene 297),,140
/scratch/vcj9002/MagicPhysics/test_ball_and_block_collect/298/env/camera/cam_0,A physics simulation of a ball and block interaction (scene 298),,139
/scratch/vcj9002/MagicPhysics/test_ball_and_block_collect/299/env/camera/cam_0,A physics simulation of a ball and block interaction (scene 299),,141
/scratch/vcj9002/MagicPhysics/test_ball_and_block_collect/3/env/camera/cam_0,A physics simulation of a ball and block interaction (scene 3),,78
/scratch/vcj9002/MagicPhysics/test_ball_and_block_collect/30/env/camera/cam_0,A physics simulation of a ball and block interaction (scene 30),,127
/scratch/vcj9002/MagicPhysics/test_ball_and_block_collect/300/env/camera/cam_0,A physics simulation of a ball and block interaction (scene 300),,169
/scratch/vcj9002/MagicPhysics/test_ball_and_block_collect/301/env/camera/cam_0,A physics simulation of a ball and block interaction (scene 301),,131
/scratch/vcj9002/MagicPhysics/test_ball_and_block_collect/302/env/camera/cam_0,A physics simulation of a ball and block interaction (scene 302),,146
/scratch/vcj9002/MagicPhysics/test_ball_and_block_collect/303/env/camera/cam_0,A physics simulation of a ball and block interaction (scene 303),,144
/scratch/vcj9002/MagicPhysics/test_ball_and_block_collect/304/env/camera/cam_0,A physics simulation of a ball and block interaction (scene 304),,162
/scratch/vcj9002/MagicPhysics/test_ball_and_block_collect/305/env/camera/cam_0,A physics simulation of a ball and block interaction (scene 305),,136
/scratch/vcj9002/MagicPhysics/test_ball_and_block_collect/306/env/camera/cam_0,A physics simulation of a ball and block interaction (scene 306),,49
/scratch/vcj9002/MagicPhysics/test_ball_and_block_collect/307/env/camera/cam_0,A physics simulation of a ball and block interaction (scene 307),,49
/scratch/vcj9002/MagicPhysics/test_ball_and_block_collect/308/env/camera/cam_0,A physics simulation of a ball and block interaction (scene 308),,166
/scratch/vcj9002/MagicPhysics/test_ball_and_block_collect/309/env/camera/cam_0,A physics simulation of a ball and block interaction (scene 309),,137
/scratch/vcj9002/MagicPhysics/test_ball_and_block_collect/31/env/camera/cam_0,A physics simulation of a ball and block interaction (scene 31),,120
/scratch/vcj9002/MagicPhysics/test_ball_and_block_collect/310/env/camera/cam_0,A physics simulation of a ball and block interaction (scene 310),,61
/scratch/vcj9002/MagicPhysics/test_ball_and_block_collect/311/env/camera/cam_0,A physics simulation of a ball and block interaction (scene 311),,48
/scratch/vcj9002/MagicPhysics/test_ball_and_block_collect/312/env/camera/cam_0,A physics simulation of a ball and block interaction (scene 312),,148
/scratch/vcj9002/MagicPhysics/test_ball_and_block_collect/313/env/camera/cam_0,A physics simulation of a ball and block interaction (scene 313),,158
/scratch/vcj9002/MagicPhysics/test_ball_and_block_collect/314/env/camera/cam_0,A physics simulation of a ball and block interaction (scene 314),,50
/scratch/vcj9002/MagicPhysics/test_ball_and_block_collect/315/env/camera/cam_0,A physics simulation of a ball and block interaction (scene 315),,133
/scratch/vcj9002/MagicPhysics/test_ball_and_block_collect/316/env/camera/cam_0,A physics simulation of a ball and block interaction (scene 316),,49
/scratch/vcj9002/MagicPhysics/test_ball_and_block_collect/317/env/camera/cam_0,A physics simulation of a ball and block interaction (scene 317),,137
/scratch/vcj9002/MagicPhysics/test_ball_and_block_collect/318/env/camera/cam_0,A physics simulation of a ball and block interaction (scene 318),,49
/scratch/vcj9002/MagicPhysics/test_ball_and_block_collect/319/env/camera/cam_0,A physics simulation of a ball and block interaction (scene 319),,49
/scratch/vcj9002/MagicPhysics/test_ball_and_block_collect/32/env/camera/cam_0,A physics simulation of a ball and block interaction (scene 32),,49
/scratch/vcj9002/MagicPhysics/test_ball_and_block_collect/320/env/camera/cam_0,A physics simulation of a ball and block interaction (scene 320),,146
/scratch/vcj9002/MagicPhysics/test_ball_and_block_collect/321/env/camera/cam_0,A physics simulation of a ball and block interaction (scene 321),,137
/scratch/vcj9002/MagicPhysics/test_ball_and_block_collect/322/env/camera/cam_0,A physics simulation of a ball and block interaction (scene 322),,141
/scratch/vcj9002/MagicPhysics/test_ball_and_block_collect/323/env/camera/cam_0,A physics simulation of a ball and block interaction (scene 323),,140
/scratch/vcj9002/MagicPhysics/test_ball_and_block_collect/324/env/camera/cam_0,A physics simulation of a ball and block interaction (scene 324),,61
/scratch/vcj9002/MagicPhysics/test_ball_and_block_collect/325/env/camera/cam_0,A physics simulation of a ball and block interaction (scene 325),,128
/scratch/vcj9002/MagicPhysics/test_ball_and_block_collect/326/env/camera/cam_0,A physics simulation of a ball and block interaction (scene 326),,150
/scratch/vcj9002/MagicPhysics/test_ball_and_block_collect/327/env/camera/cam_0,A physics simulation of a ball and block interaction (scene 327),,149
/scratch/vcj9002/MagicPhysics/test_ball_and_block_collect/328/env/camera/cam_0,A physics simulation of a ball and block interaction (scene 328),,145
/scratch/vcj9002/MagicPhysics/test_ball_and_block_collect/329/env/camera/cam_0,A physics simulation of a ball and block interaction (scene 329),,139
/scratch/vcj9002/MagicPhysics/test_ball_and_block_collect/33/env/camera/cam_0,A physics simulation of a ball and block interaction (scene 33),,50
/scratch/vcj9002/MagicPhysics/test_ball_and_block_collect/330/env/camera/cam_0,A physics simulation of a ball and block interaction (scene 330),,161
/scratch/vcj9002/MagicPhysics/test_ball_and_block_collect/331/env/camera/cam_0,A physics simulation of a ball and block interaction (scene 331),,173
/scratch/vcj9002/MagicPhysics/test_ball_and_block_collect/332/env/camera/cam_0,A physics simulation of a ball and block interaction (scene 332),,133
/scratch/vcj9002/MagicPhysics/test_ball_and_block_collect/333/env/camera/cam_0,A physics simulation of a ball and block interaction (scene 333),,94
/scratch/vcj9002/MagicPhysics/test_ball_and_block_collect/335/env/camera/cam_0,A physics simulation of a ball and block interaction (scene 335),,45
/scratch/vcj9002/MagicPhysics/test_ball_and_block_collect/336/env/camera/cam_0,A physics simulation of a ball and block interaction (scene 336),,46
/scratch/vcj9002/MagicPhysics/test_ball_and_block_collect/337/env/camera/cam_0,A physics simulation of a ball and block interaction (scene 337),,46
/scratch/vcj9002/MagicPhysics/test_ball_and_block_collect/338/env/camera/cam_0,A physics simulation of a ball and block interaction (scene 338),,46
/scratch/vcj9002/MagicPhysics/test_ball_and_block_collect/339/env/camera/cam_0,A physics simulation of a ball and block interaction (scene 339),,46
/scratch/vcj9002/MagicPhysics/test_ball_and_block_collect/34/env/camera/cam_0,A physics simulation of a ball and block interaction (scene 34),,135
/scratch/vcj9002/MagicPhysics/test_ball_and_block_collect/340/env/camera/cam_0,A physics simulation of a ball and block interaction (scene 340),,46
/scratch/vcj9002/MagicPhysics/test_ball_and_block_collect/341/env/camera/cam_0,A physics simulation of a ball and block interaction (scene 341),,46
/scratch/vcj9002/MagicPhysics/test_ball_and_block_collect/342/env/camera/cam_0,A physics simulation of a ball and block interaction (scene 342),,58
/scratch/vcj9002/MagicPhysics/test_ball_and_block_collect/343/env/camera/cam_0,A physics simulation of a ball and block interaction (scene 343),,68
/scratch/vcj9002/MagicPhysics/test_ball_and_block_collect/344/env/camera/cam_0,A physics simulation of a ball and block interaction (scene 344),,49
/scratch/vcj9002/MagicPhysics/test_ball_and_block_collect/345/env/camera/cam_0,A physics simulation of a ball and block interaction (scene 345),,49
/scratch/vcj9002/MagicPhysics/test_ball_and_block_collect/346/env/camera/cam_0,A physics simulation of a ball and block interaction (scene 346),,49
/scratch/vcj9002/MagicPhysics/test_ball_and_block_collect/347/env/camera/cam_0,A physics simulation of a ball and block interaction (scene 347),,49
/scratch/vcj9002/MagicPhysics/test_ball_and_block_collect/348/env/camera/cam_0,A physics simulation of a ball and block interaction (scene 348),,60
/scratch/vcj9002/MagicPhysics/test_ball_and_block_collect/349/env/camera/cam_0,A physics simulation of a ball and block interaction (scene 349),,60
/scratch/vcj9002/MagicPhysics/test_ball_and_block_collect/35/env/camera/cam_0,A physics simulation of a ball and block interaction (scene 35),,167
/scratch/vcj9002/MagicPhysics/test_ball_and_block_collect/350/env/camera/cam_0,A physics simulation of a ball and block interaction (scene 350),,50
/scratch/vcj9002/MagicPhysics/test_ball_and_block_collect/351/env/camera/cam_0,A physics simulation of a ball and block interaction (scene 351),,69
/scratch/vcj9002/MagicPhysics/test_ball_and_block_collect/352/env/camera/cam_0,A physics simulation of a ball and block interaction (scene 352),,91
/scratch/vcj9002/MagicPhysics/test_ball_and_block_collect/353/env/camera/cam_0,A physics simulation of a ball and block interaction (scene 353),,50
/scratch/vcj9002/MagicPhysics/test_ball_and_block_collect/354/env/camera/cam_0,A physics simulation of a ball and block interaction (scene 354),,80
/scratch/vcj9002/MagicPhysics/test_ball_and_block_collect/355/env/camera/cam_0,A physics simulation of a ball and block interaction (scene 355),,68
/scratch/vcj9002/MagicPhysics/test_ball_and_block_collect/356/env/camera/cam_0,A physics simulation of a ball and block interaction (scene 356),,95
/scratch/vcj9002/MagicPhysics/test_ball_and_block_collect/357/env/camera/cam_0,A physics simulation of a ball and block interaction (scene 357),,202
/scratch/vcj9002/MagicPhysics/test_ball_and_block_collect/358/env/camera/cam_0,A physics simulation of a ball and block interaction (scene 358),,49
/scratch/vcj9002/MagicPhysics/test_ball_and_block_collect/359/env/camera/cam_0,A physics simulation of a ball and block interaction (scene 359),,60
/scratch/vcj9002/MagicPhysics/test_ball_and_block_collect/36/env/camera/cam_0,A physics simulation of a ball and block interaction (scene 36),,61
/scratch/vcj9002/MagicPhysics/test_ball_and_block_collect/360/env/camera/cam_0,A physics simulation of a ball and block interaction (scene 360),,50
/scratch/vcj9002/MagicPhysics/test_ball_and_block_collect/361/env/camera/cam_0,A physics simulation of a ball and block interaction (scene 361),,154
/scratch/vcj9002/MagicPhysics/test_ball_and_block_collect/362/env/camera/cam_0,A physics simulation of a ball and block interaction (scene 362),,106
/scratch/vcj9002/MagicPhysics/test_ball_and_block_collect/363/env/camera/cam_0,A physics simulation of a ball and block interaction (scene 363),,95
/scratch/vcj9002/MagicPhysics/test_ball_and_block_collect/364/env/camera/cam_0,A physics simulation of a ball and block interaction (scene 364),,60
/scratch/vcj9002/MagicPhysics/test_ball_and_block_collect/365/env/camera/cam_0,A physics simulation of a ball and block interaction (scene 365),,175
/scratch/vcj9002/MagicPhysics/test_ball_and_block_collect/366/env/camera/cam_0,A physics simulation of a ball and block interaction (scene 366),,212
/scratch/vcj9002/MagicPhysics/test_ball_and_block_collect/367/env/camera/cam_0,A physics simulation of a ball and block interaction (scene 367),,72
/scratch/vcj9002/MagicPhysics/test_ball_and_block_collect/368/env/camera/cam_0,A physics simulation of a ball and block interaction (scene 368),,49
/scratch/vcj9002/MagicPhysics/test_ball_and_block_collect/369/env/camera/cam_0,A physics simulation of a ball and block interaction (scene 369),,236
/scratch/vcj9002/MagicPhysics/test_ball_and_block_collect/37/env/camera/cam_0,A physics simulation of a ball and block interaction (scene 37),,202
/scratch/vcj9002/MagicPhysics/test_ball_and_block_collect/370/env/camera/cam_0,A physics simulation of a ball and block interaction (scene 370),,60
/scratch/vcj9002/MagicPhysics/test_ball_and_block_collect/371/env/camera/cam_0,A physics simulation of a ball and block interaction (scene 371),,49
/scratch/vcj9002/MagicPhysics/test_ball_and_block_collect/372/env/camera/cam_0,A physics simulation of a ball and block interaction (scene 372),,60
/scratch/vcj9002/MagicPhysics/test_ball_and_block_collect/373/env/camera/cam_0,A physics simulation of a ball and block interaction (scene 373),,139
/scratch/vcj9002/MagicPhysics/test_ball_and_block_collect/374/env/camera/cam_0,A physics simulation of a ball and block interaction (scene 374),,135
/scratch/vcj9002/MagicPhysics/test_ball_and_block_collect/375/env/camera/cam_0,A physics simulation of a ball and block interaction (scene 375),,61
/scratch/vcj9002/MagicPhysics/test_ball_and_block_collect/376/env/camera/cam_0,A physics simulation of a ball and block interaction (scene 376),,214
/scratch/vcj9002/MagicPhysics/test_ball_and_block_collect/377/env/camera/cam_0,A physics simulation of a ball and block interaction (scene 377),,49
/scratch/vcj9002/MagicPhysics/test_ball_and_block_collect/378/env/camera/cam_0,A physics simulation of a ball and block interaction (scene 378),,175
/scratch/vcj9002/MagicPhysics/test_ball_and_block_collect/379/env/camera/cam_0,A physics simulation of a ball and block interaction (scene 379),,167
/scratch/vcj9002/MagicPhysics/test_ball_and_block_collect/38/env/camera/cam_0,A physics simulation of a ball and block interaction (scene 38),,71
/scratch/vcj9002/MagicPhysics/test_ball_and_block_collect/380/env/camera/cam_0,A physics simulation of a ball and block interaction (scene 380),,49
/scratch/vcj9002/MagicPhysics/test_ball_and_block_collect/381/env/camera/cam_0,A physics simulation of a ball and block interaction (scene 381),,95
/scratch/vcj9002/MagicPhysics/test_ball_and_block_collect/382/env/camera/cam_0,A physics simulation of a ball and block interaction (scene 382),,77
/scratch/vcj9002/MagicPhysics/test_ball_and_block_collect/383/env/camera/cam_0,A physics simulation of a ball and block interaction (scene 383),,158
/scratch/vcj9002/MagicPhysics/test_ball_and_block_collect/384/env/camera/cam_0,A physics simulation of a ball and block interaction (scene 384),,48
/scratch/vcj9002/MagicPhysics/test_ball_and_block_collect/385/env/camera/cam_0,A physics simulation of a ball and block interaction (scene 385),,129
/scratch/vcj9002/MagicPhysics/test_ball_and_block_collect/386/env/camera/cam_0,A physics simulation of a ball and block interaction (scene 386),,227
/scratch/vcj9002/MagicPhysics/test_ball_and_block_collect/387/env/camera/cam_0,A physics simulation of a ball and block interaction (scene 387),,150
/scratch/vcj9002/MagicPhysics/test_ball_and_block_collect/388/env/camera/cam_0,A physics simulation of a ball and block interaction (scene 388),,150
/scratch/vcj9002/MagicPhysics/test_ball_and_block_collect/389/env/camera/cam_0,A physics simulation of a ball and block interaction (scene 389),,164
/scratch/vcj9002/MagicPhysics/test_ball_and_block_collect/39/env/camera/cam_0,A physics simulation of a ball and block interaction (scene 39),,49
/scratch/vcj9002/MagicPhysics/test_ball_and_block_collect/390/env/camera/cam_0,A physics simulation of a ball and block interaction (scene 390),,121
/scratch/vcj9002/MagicPhysics/test_ball_and_block_collect/391/env/camera/cam_0,A physics simulation of a ball and block interaction (scene 391),,49
/scratch/vcj9002/MagicPhysics/test_ball_and_block_collect/392/env/camera/cam_0,A physics simulation of a ball and block interaction (scene 392),,181
/scratch/vcj9002/MagicPhysics/test_ball_and_block_collect/393/env/camera/cam_0,A physics simulation of a ball and block interaction (scene 393),,261
/scratch/vcj9002/MagicPhysics/test_ball_and_block_collect/394/env/camera/cam_0,A physics simulation of a ball and block interaction (scene 394),,226
/scratch/vcj9002/MagicPhysics/test_ball_and_block_collect/395/env/camera/cam_0,A physics simulation of a ball and block interaction (scene 395),,157
/scratch/vcj9002/MagicPhysics/test_ball_and_block_collect/396/env/camera/cam_0,A physics simulation of a ball and block interaction (scene 396),,142
/scratch/vcj9002/MagicPhysics/test_ball_and_block_collect/397/env/camera/cam_0,A physics simulation of a ball and block interaction (scene 397),,169
/scratch/vcj9002/MagicPhysics/test_ball_and_block_collect/398/env/camera/cam_0,A physics simulation of a ball and block interaction (scene 398),,61
/scratch/vcj9002/MagicPhysics/test_ball_and_block_collect/399/env/camera/cam_0,A physics simulation of a ball and block interaction (scene 399),,181
/scratch/vcj9002/MagicPhysics/test_ball_and_block_collect/4/env/camera/cam_0,A physics simulation of a ball and block interaction (scene 4),,49
/scratch/vcj9002/MagicPhysics/test_ball_and_block_collect/40/env/camera/cam_0,A physics simulation of a ball and block interaction (scene 40),,130
/scratch/vcj9002/MagicPhysics/test_ball_and_block_collect/400/env/camera/cam_0,A physics simulation of a ball and block interaction (scene 400),,49
/scratch/vcj9002/MagicPhysics/test_ball_and_block_collect/401/env/camera/cam_0,A physics simulation of a ball and block interaction (scene 401),,171
/scratch/vcj9002/MagicPhysics/test_ball_and_block_collect/402/env/camera/cam_0,A physics simulation of a ball and block interaction (scene 402),,156
/scratch/vcj9002/MagicPhysics/test_ball_and_block_collect/403/env/camera/cam_0,A physics simulation of a ball and block interaction (scene 403),,137
/scratch/vcj9002/MagicPhysics/test_ball_and_block_collect/404/env/camera/cam_0,A physics simulation of a ball and block interaction (scene 404),,151
/scratch/vcj9002/MagicPhysics/test_ball_and_block_collect/405/env/camera/cam_0,A physics simulation of a ball and block interaction (scene 405),,145
/scratch/vcj9002/MagicPhysics/test_ball_and_block_collect/406/env/camera/cam_0,A physics simulation of a ball and block interaction (scene 406),,144
/scratch/vcj9002/MagicPhysics/test_ball_and_block_collect/407/env/camera/cam_0,A physics simulation of a ball and block interaction (scene 407),,133
/scratch/vcj9002/MagicPhysics/test_ball_and_block_collect/408/env/camera/cam_0,A physics simulation of a ball and block interaction (scene 408),,168
/scratch/vcj9002/MagicPhysics/test_ball_and_block_collect/409/env/camera/cam_0,A physics simulation of a ball and block interaction (scene 409),,49
/scratch/vcj9002/MagicPhysics/test_ball_and_block_collect/41/env/camera/cam_0,A physics simulation of a ball and block interaction (scene 41),,158
/scratch/vcj9002/MagicPhysics/test_ball_and_block_collect/410/env/camera/cam_0,A physics simulation of a ball and block interaction (scene 410),,70
/scratch/vcj9002/MagicPhysics/test_ball_and_block_collect/411/env/camera/cam_0,A physics simulation of a ball and block interaction (scene 411),,188
/scratch/vcj9002/MagicPhysics/test_ball_and_block_collect/412/env/camera/cam_0,A physics simulation of a ball and block interaction (scene 412),,49
/scratch/vcj9002/MagicPhysics/test_ball_and_block_collect/413/env/camera/cam_0,A physics simulation of a ball and block interaction (scene 413),,177
/scratch/vcj9002/MagicPhysics/test_ball_and_block_collect/414/env/camera/cam_0,A physics simulation of a ball and block interaction (scene 414),,49
/scratch/vcj9002/MagicPhysics/test_ball_and_block_collect/415/env/camera/cam_0,A physics simulation of a ball and block interaction (scene 415),,157
/scratch/vcj9002/MagicPhysics/test_ball_and_block_collect/416/env/camera/cam_0,A physics simulation of a ball and block interaction (scene 416),,192
/scratch/vcj9002/MagicPhysics/test_ball_and_block_collect/417/env/camera/cam_0,A physics simulation of a ball and block interaction (scene 417),,61
/scratch/vcj9002/MagicPhysics/test_ball_and_block_collect/418/env/camera/cam_0,A physics simulation of a ball and block interaction (scene 418),,150
/scratch/vcj9002/MagicPhysics/test_ball_and_block_collect/419/env/camera/cam_0,A physics simulation of a ball and block interaction (scene 419),,143
/scratch/vcj9002/MagicPhysics/test_ball_and_block_collect/42/env/camera/cam_0,A physics simulation of a ball and block interaction (scene 42),,49
/scratch/vcj9002/MagicPhysics/test_ball_and_block_collect/420/env/camera/cam_0,A physics simulation of a ball and block interaction (scene 420),,81
/scratch/vcj9002/MagicPhysics/test_ball_and_block_collect/421/env/camera/cam_0,A physics simulation of a ball and block interaction (scene 421),,170
/scratch/vcj9002/MagicPhysics/test_ball_and_block_collect/422/env/camera/cam_0,A physics simulation of a ball and block interaction (scene 422),,175
/scratch/vcj9002/MagicPhysics/test_ball_and_block_collect/423/env/camera/cam_0,A physics simulation of a ball and block interaction (scene 423),,49
/scratch/vcj9002/MagicPhysics/test_ball_and_block_collect/424/env/camera/cam_0,A physics simulation of a ball and block interaction (scene 424),,174
/scratch/vcj9002/MagicPhysics/test_ball_and_block_collect/425/env/camera/cam_0,A physics simulation of a ball and block interaction (scene 425),,146
/scratch/vcj9002/MagicPhysics/test_ball_and_block_collect/426/env/camera/cam_0,A physics simulation of a ball and block interaction (scene 426),,70
/scratch/vcj9002/MagicPhysics/test_ball_and_block_collect/427/env/camera/cam_0,A physics simulation of a ball and block interaction (scene 427),,49
/scratch/vcj9002/MagicPhysics/test_ball_and_block_collect/428/env/camera/cam_0,A physics simulation of a ball and block interaction (scene 428),,130
/scratch/vcj9002/MagicPhysics/test_ball_and_block_collect/429/env/camera/cam_0,A physics simulation of a ball and block interaction (scene 429),,125
/scratch/vcj9002/MagicPhysics/test_ball_and_block_collect/43/env/camera/cam_0,A physics simulation of a ball and block interaction (scene 43),,189
/scratch/vcj9002/MagicPhysics/test_ball_and_block_collect/430/env/camera/cam_0,A physics simulation of a ball and block interaction (scene 430),,61
/scratch/vcj9002/MagicPhysics/test_ball_and_block_collect/431/env/camera/cam_0,A physics simulation of a ball and block interaction (scene 431),,237
/scratch/vcj9002/MagicPhysics/test_ball_and_block_collect/432/env/camera/cam_0,A physics simulation of a ball and block interaction (scene 432),,71
/scratch/vcj9002/MagicPhysics/test_ball_and_block_collect/433/env/camera/cam_0,A physics simulation of a ball and block interaction (scene 433),,167
/scratch/vcj9002/MagicPhysics/test_ball_and_block_collect/434/env/camera/cam_0,A physics simulation of a ball and block interaction (scene 434),,134
/scratch/vcj9002/MagicPhysics/test_ball_and_block_collect/435/env/camera/cam_0,A physics simulation of a ball and block interaction (scene 435),,49
/scratch/vcj9002/MagicPhysics/test_ball_and_block_collect/436/env/camera/cam_0,A physics simulation of a ball and block interaction (scene 436),,49
/scratch/vcj9002/MagicPhysics/test_ball_and_block_collect/437/env/camera/cam_0,A physics simulation of a ball and block interaction (scene 437),,72
/scratch/vcj9002/MagicPhysics/test_ball_and_block_collect/438/env/camera/cam_0,A physics simulation of a ball and block interaction (scene 438),,125
/scratch/vcj9002/MagicPhysics/test_ball_and_block_collect/439/env/camera/cam_0,A physics simulation of a ball and block interaction (scene 439),,156
/scratch/vcj9002/MagicPhysics/test_ball_and_block_collect/44/env/camera/cam_0,A physics simulation of a ball and block interaction (scene 44),,138
/scratch/vcj9002/MagicPhysics/test_ball_and_block_collect/440/env/camera/cam_0,A physics simulation of a ball and block interaction (scene 440),,157
/scratch/vcj9002/MagicPhysics/test_ball_and_block_collect/441/env/camera/cam_0,A physics simulation of a ball and block interaction (scene 441),,61
/scratch/vcj9002/MagicPhysics/test_ball_and_block_collect/442/env/camera/cam_0,A physics simulation of a ball and block interaction (scene 442),,163
/scratch/vcj9002/MagicPhysics/test_ball_and_block_collect/443/env/camera/cam_0,A physics simulation of a ball and block interaction (scene 443),,145
/scratch/vcj9002/MagicPhysics/test_ball_and_block_collect/444/env/camera/cam_0,A physics simulation of a ball and block interaction (scene 444),,163
/scratch/vcj9002/MagicPhysics/test_ball_and_block_collect/445/env/camera/cam_0,A physics simulation of a ball and block interaction (scene 445),,161
/scratch/vcj9002/MagicPhysics/test_ball_and_block_collect/446/env/camera/cam_0,A physics simulation of a ball and block interaction (scene 446),,79
/scratch/vcj9002/MagicPhysics/test_ball_and_block_collect/447/env/camera/cam_0,A physics simulation of a ball and block interaction (scene 447),,163
/scratch/vcj9002/MagicPhysics/test_ball_and_block_collect/448/env/camera/cam_0,A physics simulation of a ball and block interaction (scene 448),,151
/scratch/vcj9002/MagicPhysics/test_ball_and_block_collect/449/env/camera/cam_0,A physics simulation of a ball and block interaction (scene 449),,133
/scratch/vcj9002/MagicPhysics/test_ball_and_block_collect/45/env/camera/cam_0,A physics simulation of a ball and block interaction (scene 45),,165
/scratch/vcj9002/MagicPhysics/test_ball_and_block_collect/450/env/camera/cam_0,A physics simulation of a ball and block interaction (scene 450),,215
/scratch/vcj9002/MagicPhysics/test_ball_and_block_collect/451/env/camera/cam_0,A physics simulation of a ball and block interaction (scene 451),,49
/scratch/vcj9002/MagicPhysics/test_ball_and_block_collect/452/env/camera/cam_0,A physics simulation of a ball and block interaction (scene 452),,166
/scratch/vcj9002/MagicPhysics/test_ball_and_block_collect/453/env/camera/cam_0,A physics simulation of a ball and block interaction (scene 453),,152
/scratch/vcj9002/MagicPhysics/test_ball_and_block_collect/454/env/camera/cam_0,A physics simulation of a ball and block interaction (scene 454),,71
/scratch/vcj9002/MagicPhysics/test_ball_and_block_collect/455/env/camera/cam_0,A physics simulation of a ball and block interaction (scene 455),,49
/scratch/vcj9002/MagicPhysics/test_ball_and_block_collect/456/env/camera/cam_0,A physics simulation of a ball and block interaction (scene 456),,139
/scratch/vcj9002/MagicPhysics/test_ball_and_block_collect/457/env/camera/cam_0,A physics simulation of a ball and block interaction (scene 457),,163
/scratch/vcj9002/MagicPhysics/test_ball_and_block_collect/458/env/camera/cam_0,A physics simulation of a ball and block interaction (scene 458),,166
/scratch/vcj9002/MagicPhysics/test_ball_and_block_collect/459/env/camera/cam_0,A physics simulation of a ball and block interaction (scene 459),,130
/scratch/vcj9002/MagicPhysics/test_ball_and_block_collect/46/env/camera/cam_0,A physics simulation of a ball and block interaction (scene 46),,130
/scratch/vcj9002/MagicPhysics/test_ball_and_block_collect/460/env/camera/cam_0,A physics simulation of a ball and block interaction (scene 460),,80
/scratch/vcj9002/MagicPhysics/test_ball_and_block_collect/461/env/camera/cam_0,A physics simulation of a ball and block interaction (scene 461),,134
/scratch/vcj9002/MagicPhysics/test_ball_and_block_collect/462/env/camera/cam_0,A physics simulation of a ball and block interaction (scene 462),,49
/scratch/vcj9002/MagicPhysics/test_ball_and_block_collect/463/env/camera/cam_0,A physics simulation of a ball and block interaction (scene 463),,122
/scratch/vcj9002/MagicPhysics/test_ball_and_block_collect/464/env/camera/cam_0,A physics simulation of a ball and block interaction (scene 464),,168
/scratch/vcj9002/MagicPhysics/test_ball_and_block_collect/465/env/camera/cam_0,A physics simulation of a ball and block interaction (scene 465),,61
/scratch/vcj9002/MagicPhysics/test_ball_and_block_collect/466/env/camera/cam_0,A physics simulation of a ball and block interaction (scene 466),,187
/scratch/vcj9002/MagicPhysics/test_ball_and_block_collect/467/env/camera/cam_0,A physics simulation of a ball and block interaction (scene 467),,50
/scratch/vcj9002/MagicPhysics/test_ball_and_block_collect/468/env/camera/cam_0,A physics simulation of a ball and block interaction (scene 468),,119
/scratch/vcj9002/MagicPhysics/test_ball_and_block_collect/469/env/camera/cam_0,A physics simulation of a ball and block interaction (scene 469),,127
/scratch/vcj9002/MagicPhysics/test_ball_and_block_collect/47/env/camera/cam_0,A physics simulation of a ball and block interaction (scene 47),,190
/scratch/vcj9002/MagicPhysics/test_ball_and_block_collect/470/env/camera/cam_0,A physics simulation of a ball and block interaction (scene 470),,158
/scratch/vcj9002/MagicPhysics/test_ball_and_block_collect/471/env/camera/cam_0,A physics simulation of a ball and block interaction (scene 471),,188
/scratch/vcj9002/MagicPhysics/test_ball_and_block_collect/472/env/camera/cam_0,A physics simulation of a ball and block interaction (scene 472),,80
/scratch/vcj9002/MagicPhysics/test_ball_and_block_collect/473/env/camera/cam_0,A physics simulation of a ball and block interaction (scene 473),,132
/scratch/vcj9002/MagicPhysics/test_ball_and_block_collect/474/env/camera/cam_0,A physics simulation of a ball and block interaction (scene 474),,49
/scratch/vcj9002/MagicPhysics/test_ball_and_block_collect/475/env/camera/cam_0,A physics simulation of a ball and block interaction (scene 475),,49
/scratch/vcj9002/MagicPhysics/test_ball_and_block_collect/476/env/camera/cam_0,A physics simulation of a ball and block interaction (scene 476),,155
/scratch/vcj9002/MagicPhysics/test_ball_and_block_collect/477/env/camera/cam_0,A physics simulation of a ball and block interaction (scene 477),,160
/scratch/vcj9002/MagicPhysics/test_ball_and_block_collect/478/env/camera/cam_0,A physics simulation of a ball and block interaction (scene 478),,61
/scratch/vcj9002/MagicPhysics/test_ball_and_block_collect/479/env/camera/cam_0,A physics simulation of a ball and block interaction (scene 479),,49
/scratch/vcj9002/MagicPhysics/test_ball_and_block_collect/48/env/camera/cam_0,A physics simulation of a ball and block interaction (scene 48),,141
/scratch/vcj9002/MagicPhysics/test_ball_and_block_collect/480/env/camera/cam_0,A physics simulation of a ball and block interaction (scene 480),,150
/scratch/vcj9002/MagicPhysics/test_ball_and_block_collect/481/env/camera/cam_0,A physics simulation of a ball and block interaction (scene 481),,61
/scratch/vcj9002/MagicPhysics/test_ball_and_block_collect/482/env/camera/cam_0,A physics simulation of a ball and block interaction (scene 482),,143
/scratch/vcj9002/MagicPhysics/test_ball_and_block_collect/483/env/camera/cam_0,A physics simulation of a ball and block interaction (scene 483),,60
/scratch/vcj9002/MagicPhysics/test_ball_and_block_collect/484/env/camera/cam_0,A physics simulation of a ball and block interaction (scene 484),,171
/scratch/vcj9002/MagicPhysics/test_ball_and_block_collect/485/env/camera/cam_0,A physics simulation of a ball and block interaction (scene 485),,145
/scratch/vcj9002/MagicPhysics/test_ball_and_block_collect/486/env/camera/cam_0,A physics simulation of a ball and block interaction (scene 486),,150
/scratch/vcj9002/MagicPhysics/test_ball_and_block_collect/487/env/camera/cam_0,A physics simulation of a ball and block interaction (scene 487),,159
/scratch/vcj9002/MagicPhysics/test_ball_and_block_collect/488/env/camera/cam_0,A physics simulation of a ball and block interaction (scene 488),,152
/scratch/vcj9002/MagicPhysics/test_ball_and_block_collect/489/env/camera/cam_0,A physics simulation of a ball and block interaction (scene 489),,153
/scratch/vcj9002/MagicPhysics/test_ball_and_block_collect/49/env/camera/cam_0,A physics simulation of a ball and block interaction (scene 49),,147
/scratch/vcj9002/MagicPhysics/test_ball_and_block_collect/490/env/camera/cam_0,A physics simulation of a ball and block interaction (scene 490),,185
/scratch/vcj9002/MagicPhysics/test_ball_and_block_collect/491/env/camera/cam_0,A physics simulation of a ball and block interaction (scene 491),,129
/scratch/vcj9002/MagicPhysics/test_ball_and_block_collect/492/env/camera/cam_0,A physics simulation of a ball and block interaction (scene 492),,155
/scratch/vcj9002/MagicPhysics/test_ball_and_block_collect/493/env/camera/cam_0,A physics simulation of a ball and block interaction (scene 493),,137
/scratch/vcj9002/MagicPhysics/test_ball_and_block_collect/494/env/camera/cam_0,A physics simulation of a ball and block interaction (scene 494),,156
/scratch/vcj9002/MagicPhysics/test_ball_and_block_collect/495/env/camera/cam_0,A physics simulation of a ball and block interaction (scene 495),,49
/scratch/vcj9002/MagicPhysics/test_ball_and_block_collect/496/env/camera/cam_0,A physics simulation of a ball and block interaction (scene 496),,49
/scratch/vcj9002/MagicPhysics/test_ball_and_block_collect/497/env/camera/cam_0,A physics simulation of a ball and block interaction (scene 497),,112
/scratch/vcj9002/MagicPhysics/test_ball_and_block_collect/498/env/camera/cam_0,A physics simulation of a ball and block interaction (scene 498),,172
/scratch/vcj9002/MagicPhysics/test_ball_and_block_collect/499/env/camera/cam_0,A physics simulation of a ball and block interaction (scene 499),,60
/scratch/vcj9002/MagicPhysics/test_ball_and_block_collect/5/env/camera/cam_0,A physics simulation of a ball and block interaction (scene 5),,49
/scratch/vcj9002/MagicPhysics/test_ball_and_block_collect/50/env/camera/cam_0,A physics simulation of a ball and block interaction (scene 50),,61
/scratch/vcj9002/MagicPhysics/test_ball_and_block_collect/500/env/camera/cam_0,A physics simulation of a ball and block interaction (scene 500),,49
/scratch/vcj9002/MagicPhysics/test_ball_and_block_collect/501/env/camera/cam_0,A physics simulation of a ball and block interaction (scene 501),,176
/scratch/vcj9002/MagicPhysics/test_ball_and_block_collect/502/env/camera/cam_0,A physics simulation of a ball and block interaction (scene 502),,257
/scratch/vcj9002/MagicPhysics/test_ball_and_block_collect/503/env/camera/cam_0,A physics simulation of a ball and block interaction (scene 503),,132
/scratch/vcj9002/MagicPhysics/test_ball_and_block_collect/504/env/camera/cam_0,A physics simulation of a ball and block interaction (scene 504),,49
/scratch/vcj9002/MagicPhysics/test_ball_and_block_collect/505/env/camera/cam_0,A physics simulation of a ball and block interaction (scene 505),,130
/scratch/vcj9002/MagicPhysics/test_ball_and_block_collect/506/env/camera/cam_0,A physics simulation of a ball and block interaction (scene 506),,61
/scratch/vcj9002/MagicPhysics/test_ball_and_block_collect/507/env/camera/cam_0,A physics simulation of a ball and block interaction (scene 507),,141
/scratch/vcj9002/MagicPhysics/test_ball_and_block_collect/508/env/camera/cam_0,A physics simulation of a ball and block interaction (scene 508),,149
/scratch/vcj9002/MagicPhysics/test_ball_and_block_collect/509/env/camera/cam_0,A physics simulation of a ball and block interaction (scene 509),,49
/scratch/vcj9002/MagicPhysics/test_ball_and_block_collect/51/env/camera/cam_0,A physics simulation of a ball and block interaction (scene 51),,134
/scratch/vcj9002/MagicPhysics/test_ball_and_block_collect/510/env/camera/cam_0,A physics simulation of a ball and block interaction (scene 510),,157
/scratch/vcj9002/MagicPhysics/test_ball_and_block_collect/511/env/camera/cam_0,A physics simulation of a ball and block interaction (scene 511),,194
/scratch/vcj9002/MagicPhysics/test_ball_and_block_collect/512/env/camera/cam_0,A physics simulation of a ball and block interaction (scene 512),,162
/scratch/vcj9002/MagicPhysics/test_ball_and_block_collect/513/env/camera/cam_0,A physics simulation of a ball and block interaction (scene 513),,144
/scratch/vcj9002/MagicPhysics/test_ball_and_block_collect/514/env/camera/cam_0,A physics simulation of a ball and block interaction (scene 514),,123
/scratch/vcj9002/MagicPhysics/test_ball_and_block_collect/515/env/camera/cam_0,A physics simulation of a ball and block interaction (scene 515),,71
/scratch/vcj9002/MagicPhysics/test_ball_and_block_collect/516/env/camera/cam_0,A physics simulation of a ball and block interaction (scene 516),,150
/scratch/vcj9002/MagicPhysics/test_ball_and_block_collect/517/env/camera/cam_0,A physics simulation of a ball and block interaction (scene 517),,71
/scratch/vcj9002/MagicPhysics/test_ball_and_block_collect/518/env/camera/cam_0,A physics simulation of a ball and block interaction (scene 518),,49
/scratch/vcj9002/MagicPhysics/test_ball_and_block_collect/519/env/camera/cam_0,A physics simulation of a ball and block interaction (scene 519),,72
/scratch/vcj9002/MagicPhysics/test_ball_and_block_collect/52/env/camera/cam_0,A physics simulation of a ball and block interaction (scene 52),,61
/scratch/vcj9002/MagicPhysics/test_ball_and_block_collect/520/env/camera/cam_0,A physics simulation of a ball and block interaction (scene 520),,187
/scratch/vcj9002/MagicPhysics/test_ball_and_block_collect/521/env/camera/cam_0,A physics simulation of a ball and block interaction (scene 521),,201
/scratch/vcj9002/MagicPhysics/test_ball_and_block_collect/522/env/camera/cam_0,A physics simulation of a ball and block interaction (scene 522),,219
/scratch/vcj9002/MagicPhysics/test_ball_and_block_collect/523/env/camera/cam_0,A physics simulation of a ball and block interaction (scene 523),,136
/scratch/vcj9002/MagicPhysics/test_ball_and_block_collect/524/env/camera/cam_0,A physics simulation of a ball and block interaction (scene 524),,131
/scratch/vcj9002/MagicPhysics/test_ball_and_block_collect/525/env/camera/cam_0,A physics simulation of a ball and block interaction (scene 525),,175
/scratch/vcj9002/MagicPhysics/test_ball_and_block_collect/526/env/camera/cam_0,A physics simulation of a ball and block interaction (scene 526),,49
/scratch/vcj9002/MagicPhysics/test_ball_and_block_collect/527/env/camera/cam_0,A physics simulation of a ball and block interaction (scene 527),,49
/scratch/vcj9002/MagicPhysics/test_ball_and_block_collect/528/env/camera/cam_0,A physics simulation of a ball and block interaction (scene 528),,68
/scratch/vcj9002/MagicPhysics/test_ball_and_block_collect/529/env/camera/cam_0,A physics simulation of a ball and block interaction (scene 529),,147
/scratch/vcj9002/MagicPhysics/test_ball_and_block_collect/53/env/camera/cam_0,A physics simulation of a ball and block interaction (scene 53),,88
/scratch/vcj9002/MagicPhysics/test_ball_and_block_collect/530/env/camera/cam_0,A physics simulation of a ball and block interaction (scene 530),,49
/scratch/vcj9002/MagicPhysics/test_ball_and_block_collect/531/env/camera/cam_0,A physics simulation of a ball and block interaction (scene 531),,211
/scratch/vcj9002/MagicPhysics/test_ball_and_block_collect/532/env/camera/cam_0,A physics simulation of a ball and block interaction (scene 532),,119
/scratch/vcj9002/MagicPhysics/test_ball_and_block_collect/533/env/camera/cam_0,A physics simulation of a ball and block interaction (scene 533),,145
/scratch/vcj9002/MagicPhysics/test_ball_and_block_collect/534/env/camera/cam_0,A physics simulation of a ball and block interaction (scene 534),,49
/scratch/vcj9002/MagicPhysics/test_ball_and_block_collect/535/env/camera/cam_0,A physics simulation of a ball and block interaction (scene 535),,135
/scratch/vcj9002/MagicPhysics/test_ball_and_block_collect/536/env/camera/cam_0,A physics simulation of a ball and block interaction (scene 536),,153
/scratch/vcj9002/MagicPhysics/test_ball_and_block_collect/537/env/camera/cam_0,A physics simulation of a ball and block interaction (scene 537),,159
/scratch/vcj9002/MagicPhysics/test_ball_and_block_collect/538/env/camera/cam_0,A physics simulation of a ball and block interaction (scene 538),,174
/scratch/vcj9002/MagicPhysics/test_ball_and_block_collect/539/env/camera/cam_0,A physics simulation of a ball and block interaction (scene 539),,78
/scratch/vcj9002/MagicPhysics/test_ball_and_block_collect/54/env/camera/cam_0,A physics simulation of a ball and block interaction (scene 54),,191
/scratch/vcj9002/MagicPhysics/test_ball_and_block_collect/540/env/camera/cam_0,A physics simulation of a ball and block interaction (scene 540),,150
/scratch/vcj9002/MagicPhysics/test_ball_and_block_collect/541/env/camera/cam_0,A physics simulation of a ball and block interaction (scene 541),,140
/scratch/vcj9002/MagicPhysics/test_ball_and_block_collect/542/env/camera/cam_0,A physics simulation of a ball and block interaction (scene 542),,49
/scratch/vcj9002/MagicPhysics/test_ball_and_block_collect/543/env/camera/cam_0,A physics simulation of a ball and block interaction (scene 543),,175
/scratch/vcj9002/MagicPhysics/test_ball_and_block_collect/544/env/camera/cam_0,A physics simulation of a ball and block interaction (scene 544),,254
/scratch/vcj9002/MagicPhysics/test_ball_and_block_collect/545/env/camera/cam_0,A physics simulation of a ball and block interaction (scene 545),,145
/scratch/vcj9002/MagicPhysics/test_ball_and_block_collect/546/env/camera/cam_0,A physics simulation of a ball and block interaction (scene 546),,149
/scratch/vcj9002/MagicPhysics/test_ball_and_block_collect/547/env/camera/cam_0,A physics simulation of a ball and block interaction (scene 547),,130
/scratch/vcj9002/MagicPhysics/test_ball_and_block_collect/548/env/camera/cam_0,A physics simulation of a ball and block interaction (scene 548),,193
/scratch/vcj9002/MagicPhysics/test_ball_and_block_collect/549/env/camera/cam_0,A physics simulation of a ball and block interaction (scene 549),,137
/scratch/vcj9002/MagicPhysics/test_ball_and_block_collect/55/env/camera/cam_0,A physics simulation of a ball and block interaction (scene 55),,71
/scratch/vcj9002/MagicPhysics/test_ball_and_block_collect/550/env/camera/cam_0,A physics simulation of a ball and block interaction (scene 550),,150
/scratch/vcj9002/MagicPhysics/test_ball_and_block_collect/551/env/camera/cam_0,A physics simulation of a ball and block interaction (scene 551),,130
/scratch/vcj9002/MagicPhysics/test_ball_and_block_collect/552/env/camera/cam_0,A physics simulation of a ball and block interaction (scene 552),,159
/scratch/vcj9002/MagicPhysics/test_ball_and_block_collect/553/env/camera/cam_0,A physics simulation of a ball and block interaction (scene 553),,126
/scratch/vcj9002/MagicPhysics/test_ball_and_block_collect/554/env/camera/cam_0,A physics simulation of a ball and block interaction (scene 554),,71
/scratch/vcj9002/MagicPhysics/test_ball_and_block_collect/555/env/camera/cam_0,A physics simulation of a ball and block interaction (scene 555),,124
/scratch/vcj9002/MagicPhysics/test_ball_and_block_collect/556/env/camera/cam_0,A physics simulation of a ball and block interaction (scene 556),,170
/scratch/vcj9002/MagicPhysics/test_ball_and_block_collect/557/env/camera/cam_0,A physics simulation of a ball and block interaction (scene 557),,140
/scratch/vcj9002/MagicPhysics/test_ball_and_block_collect/558/env/camera/cam_0,A physics simulation of a ball and block interaction (scene 558),,140
/scratch/vcj9002/MagicPhysics/test_ball_and_block_collect/559/env/camera/cam_0,A physics simulation of a ball and block interaction (scene 559),,212
/scratch/vcj9002/MagicPhysics/test_ball_and_block_collect/56/env/camera/cam_0,A physics simulation of a ball and block interaction (scene 56),,179
/scratch/vcj9002/MagicPhysics/test_ball_and_block_collect/560/env/camera/cam_0,A physics simulation of a ball and block interaction (scene 560),,90
/scratch/vcj9002/MagicPhysics/test_ball_and_block_collect/561/env/camera/cam_0,A physics simulation of a ball and block interaction (scene 561),,143
/scratch/vcj9002/MagicPhysics/test_ball_and_block_collect/562/env/camera/cam_0,A physics simulation of a ball and block interaction (scene 562),,181
/scratch/vcj9002/MagicPhysics/test_ball_and_block_collect/563/env/camera/cam_0,A physics simulation of a ball and block interaction (scene 563),,135
/scratch/vcj9002/MagicPhysics/test_ball_and_block_collect/564/env/camera/cam_0,A physics simulation of a ball and block interaction (scene 564),,132
/scratch/vcj9002/MagicPhysics/test_ball_and_block_collect/565/env/camera/cam_0,A physics simulation of a ball and block interaction (scene 565),,129
/scratch/vcj9002/MagicPhysics/test_ball_and_block_collect/566/env/camera/cam_0,A physics simulation of a ball and block interaction (scene 566),,49
/scratch/vcj9002/MagicPhysics/test_ball_and_block_collect/567/env/camera/cam_0,A physics simulation of a ball and block interaction (scene 567),,140
/scratch/vcj9002/MagicPhysics/test_ball_and_block_collect/568/env/camera/cam_0,A physics simulation of a ball and block interaction (scene 568),,174
/scratch/vcj9002/MagicPhysics/test_ball_and_block_collect/569/env/camera/cam_0,A physics simulation of a ball and block interaction (scene 569),,164
/scratch/vcj9002/MagicPhysics/test_ball_and_block_collect/57/env/camera/cam_0,A physics simulation of a ball and block interaction (scene 57),,49
/scratch/vcj9002/MagicPhysics/test_ball_and_block_collect/570/env/camera/cam_0,A physics simulation of a ball and block interaction (scene 570),,49
/scratch/vcj9002/MagicPhysics/test_ball_and_block_collect/571/env/camera/cam_0,A physics simulation of a ball and block interaction (scene 571),,110
/scratch/vcj9002/MagicPhysics/test_ball_and_block_collect/572/env/camera/cam_0,A physics simulation of a ball and block interaction (scene 572),,130
/scratch/vcj9002/MagicPhysics/test_ball_and_block_collect/573/env/camera/cam_0,A physics simulation of a ball and block interaction (scene 573),,211
/scratch/vcj9002/MagicPhysics/test_ball_and_block_collect/574/env/camera/cam_0,A physics simulation of a ball and block interaction (scene 574),,49
/scratch/vcj9002/MagicPhysics/test_ball_and_block_collect/575/env/camera/cam_0,A physics simulation of a ball and block interaction (scene 575),,134
/scratch/vcj9002/MagicPhysics/test_ball_and_block_collect/576/env/camera/cam_0,A physics simulation of a ball and block interaction (scene 576),,148
/scratch/vcj9002/MagicPhysics/test_ball_and_block_collect/577/env/camera/cam_0,A physics simulation of a ball and block interaction (scene 577),,131
/scratch/vcj9002/MagicPhysics/test_ball_and_block_collect/578/env/camera/cam_0,A physics simulation of a ball and block interaction (scene 578),,59
/scratch/vcj9002/MagicPhysics/test_ball_and_block_collect/579/env/camera/cam_0,A physics simulation of a ball and block interaction (scene 579),,127
/scratch/vcj9002/MagicPhysics/test_ball_and_block_collect/58/env/camera/cam_0,A physics simulation of a ball and block interaction (scene 58),,126
/scratch/vcj9002/MagicPhysics/test_ball_and_block_collect/580/env/camera/cam_0,A physics simulation of a ball and block interaction (scene 580),,144
/scratch/vcj9002/MagicPhysics/test_ball_and_block_collect/581/env/camera/cam_0,A physics simulation of a ball and block interaction (scene 581),,61
/scratch/vcj9002/MagicPhysics/test_ball_and_block_collect/582/env/camera/cam_0,A physics simulation of a ball and block interaction (scene 582),,49
/scratch/vcj9002/MagicPhysics/test_ball_and_block_collect/583/env/camera/cam_0,A physics simulation of a ball and block interaction (scene 583),,116
/scratch/vcj9002/MagicPhysics/test_ball_and_block_collect/584/env/camera/cam_0,A physics simulation of a ball and block interaction (scene 584),,49
/scratch/vcj9002/MagicPhysics/test_ball_and_block_collect/585/env/camera/cam_0,A physics simulation of a ball and block interaction (scene 585),,180
/scratch/vcj9002/MagicPhysics/test_ball_and_block_collect/586/env/camera/cam_0,A physics simulation of a ball and block interaction (scene 586),,170
/scratch/vcj9002/MagicPhysics/test_ball_and_block_collect/587/env/camera/cam_0,A physics simulation of a ball and block interaction (scene 587),,230
/scratch/vcj9002/MagicPhysics/test_ball_and_block_collect/588/env/camera/cam_0,A physics simulation of a ball and block interaction (scene 588),,140
/scratch/vcj9002/MagicPhysics/test_ball_and_block_collect/589/env/camera/cam_0,A physics simulation of a ball and block interaction (scene 589),,128
/scratch/vcj9002/MagicPhysics/test_ball_and_block_collect/59/env/camera/cam_0,A physics simulation of a ball and block interaction (scene 59),,180
/scratch/vcj9002/MagicPhysics/test_ball_and_block_collect/590/env/camera/cam_0,A physics simulation of a ball and block interaction (scene 590),,139
/scratch/vcj9002/MagicPhysics/test_ball_and_block_collect/591/env/camera/cam_0,A physics simulation of a ball and block interaction (scene 591),,80
/scratch/vcj9002/MagicPhysics/test_ball_and_block_collect/592/env/camera/cam_0,A physics simulation of a ball and block interaction (scene 592),,178
/scratch/vcj9002/MagicPhysics/test_ball_and_block_collect/593/env/camera/cam_0,A physics simulation of a ball and block interaction (scene 593),,159
/scratch/vcj9002/MagicPhysics/test_ball_and_block_collect/594/env/camera/cam_0,A physics simulation of a ball and block interaction (scene 594),,81
/scratch/vcj9002/MagicPhysics/test_ball_and_block_collect/595/env/camera/cam_0,A physics simulation of a ball and block interaction (scene 595),,147
/scratch/vcj9002/MagicPhysics/test_ball_and_block_collect/596/env/camera/cam_0,A physics simulation of a ball and block interaction (scene 596),,179
/scratch/vcj9002/MagicPhysics/test_ball_and_block_collect/597/env/camera/cam_0,A physics simulation of a ball and block interaction (scene 597),,71
/scratch/vcj9002/MagicPhysics/test_ball_and_block_collect/598/env/camera/cam_0,A physics simulation of a ball and block interaction (scene 598),,128
/scratch/vcj9002/MagicPhysics/test_ball_and_block_collect/599/env/camera/cam_0,A physics simulation of a ball and block interaction (scene 599),,237
/scratch/vcj9002/MagicPhysics/test_ball_and_block_collect/6/env/camera/cam_0,A physics simulation of a ball and block interaction (scene 6),,61
/scratch/vcj9002/MagicPhysics/test_ball_and_block_collect/60/env/camera/cam_0,A physics simulation of a ball and block interaction (scene 60),,69
/scratch/vcj9002/MagicPhysics/test_ball_and_block_collect/600/env/camera/cam_0,A physics simulation of a ball and block interaction (scene 600),,175
/scratch/vcj9002/MagicPhysics/test_ball_and_block_collect/601/env/camera/cam_0,A physics simulation of a ball and block interaction (scene 601),,135
/scratch/vcj9002/MagicPhysics/test_ball_and_block_collect/602/env/camera/cam_0,A physics simulation of a ball and block interaction (scene 602),,50
/scratch/vcj9002/MagicPhysics/test_ball_and_block_collect/603/env/camera/cam_0,A physics simulation of a ball and block interaction (scene 603),,126
/scratch/vcj9002/MagicPhysics/test_ball_and_block_collect/604/env/camera/cam_0,A physics simulation of a ball and block interaction (scene 604),,142
/scratch/vcj9002/MagicPhysics/test_ball_and_block_collect/605/env/camera/cam_0,A physics simulation of a ball and block interaction (scene 605),,143
/scratch/vcj9002/MagicPhysics/test_ball_and_block_collect/606/env/camera/cam_0,A physics simulation of a ball and block interaction (scene 606),,82
/scratch/vcj9002/MagicPhysics/test_ball_and_block_collect/607/env/camera/cam_0,A physics simulation of a ball and block interaction (scene 607),,165
/scratch/vcj9002/MagicPhysics/test_ball_and_block_collect/608/env/camera/cam_0,A physics simulation of a ball and block interaction (scene 608),,134
/scratch/vcj9002/MagicPhysics/test_ball_and_block_collect/609/env/camera/cam_0,A physics simulation of a ball and block interaction (scene 609),,194
/scratch/vcj9002/MagicPhysics/test_ball_and_block_collect/61/env/camera/cam_0,A physics simulation of a ball and block interaction (scene 61),,152
/scratch/vcj9002/MagicPhysics/test_ball_and_block_collect/610/env/camera/cam_0,A physics simulation of a ball and block interaction (scene 610),,161
/scratch/vcj9002/MagicPhysics/test_ball_and_block_collect/611/env/camera/cam_0,A physics simulation of a ball and block interaction (scene 611),,49
/scratch/vcj9002/MagicPhysics/test_ball_and_block_collect/612/env/camera/cam_0,A physics simulation of a ball and block interaction (scene 612),,157
/scratch/vcj9002/MagicPhysics/test_ball_and_block_collect/613/env/camera/cam_0,A physics simulation of a ball and block interaction (scene 613),,178
/scratch/vcj9002/MagicPhysics/test_ball_and_block_collect/614/env/camera/cam_0,A physics simulation of a ball and block interaction (scene 614),,141
/scratch/vcj9002/MagicPhysics/test_ball_and_block_collect/615/env/camera/cam_0,A physics simulation of a ball and block interaction (scene 615),,145
/scratch/vcj9002/MagicPhysics/test_ball_and_block_collect/616/env/camera/cam_0,A physics simulation of a ball and block interaction (scene 616),,69
/scratch/vcj9002/MagicPhysics/test_ball_and_block_collect/617/env/camera/cam_0,A physics simulation of a ball and block interaction (scene 617),,151
/scratch/vcj9002/MagicPhysics/test_ball_and_block_collect/618/env/camera/cam_0,A physics simulation of a ball and block interaction (scene 618),,129
/scratch/vcj9002/MagicPhysics/test_ball_and_block_collect/619/env/camera/cam_0,A physics simulation of a ball and block interaction (scene 619),,170
/scratch/vcj9002/MagicPhysics/test_ball_and_block_collect/62/env/camera/cam_0,A physics simulation of a ball and block interaction (scene 62),,149
/scratch/vcj9002/MagicPhysics/test_ball_and_block_collect/620/env/camera/cam_0,A physics simulation of a ball and block interaction (scene 620),,49
/scratch/vcj9002/MagicPhysics/test_ball_and_block_collect/621/env/camera/cam_0,A physics simulation of a ball and block interaction (scene 621),,155
/scratch/vcj9002/MagicPhysics/test_ball_and_block_collect/622/env/camera/cam_0,A physics simulation of a ball and block interaction (scene 622),,107
/scratch/vcj9002/MagicPhysics/test_ball_and_block_collect/623/env/camera/cam_0,A physics simulation of a ball and block interaction (scene 623),,145
/scratch/vcj9002/MagicPhysics/test_ball_and_block_collect/624/env/camera/cam_0,A physics simulation of a ball and block interaction (scene 624),,49
/scratch/vcj9002/MagicPhysics/test_ball_and_block_collect/625/env/camera/cam_0,A physics simulation of a ball and block interaction (scene 625),,160
/scratch/vcj9002/MagicPhysics/test_ball_and_block_collect/626/env/camera/cam_0,A physics simulation of a ball and block interaction (scene 626),,201
/scratch/vcj9002/MagicPhysics/test_ball_and_block_collect/627/env/camera/cam_0,A physics simulation of a ball and block interaction (scene 627),,134
/scratch/vcj9002/MagicPhysics/test_ball_and_block_collect/628/env/camera/cam_0,A physics simulation of a ball and block interaction (scene 628),,49
/scratch/vcj9002/MagicPhysics/test_ball_and_block_collect/629/env/camera/cam_0,A physics simulation of a ball and block interaction (scene 629),,141
/scratch/vcj9002/MagicPhysics/test_ball_and_block_collect/63/env/camera/cam_0,A physics simulation of a ball and block interaction (scene 63),,221
/scratch/vcj9002/MagicPhysics/test_ball_and_block_collect/630/env/camera/cam_0,A physics simulation of a ball and block interaction (scene 630),,149
/scratch/vcj9002/MagicPhysics/test_ball_and_block_collect/631/env/camera/cam_0,A physics simulation of a ball and block interaction (scene 631),,151
/scratch/vcj9002/MagicPhysics/test_ball_and_block_collect/632/env/camera/cam_0,A physics simulation of a ball and block interaction (scene 632),,130
/scratch/vcj9002/MagicPhysics/test_ball_and_block_collect/633/env/camera/cam_0,A physics simulation of a ball and block interaction (scene 633),,49
/scratch/vcj9002/MagicPhysics/test_ball_and_block_collect/634/env/camera/cam_0,A physics simulation of a ball and block interaction (scene 634),,138
/scratch/vcj9002/MagicPhysics/test_ball_and_block_collect/635/env/camera/cam_0,A physics simulation of a ball and block interaction (scene 635),,162
/scratch/vcj9002/MagicPhysics/test_ball_and_block_collect/636/env/camera/cam_0,A physics simulation of a ball and block interaction (scene 636),,127
/scratch/vcj9002/MagicPhysics/test_ball_and_block_collect/637/env/camera/cam_0,A physics simulation of a ball and block interaction (scene 637),,164
/scratch/vcj9002/MagicPhysics/test_ball_and_block_collect/638/env/camera/cam_0,A physics simulation of a ball and block interaction (scene 638),,161
/scratch/vcj9002/MagicPhysics/test_ball_and_block_collect/639/env/camera/cam_0,A physics simulation of a ball and block interaction (scene 639),,72
/scratch/vcj9002/MagicPhysics/test_ball_and_block_collect/64/env/camera/cam_0,A physics simulation of a ball and block interaction (scene 64),,180
/scratch/vcj9002/MagicPhysics/test_ball_and_block_collect/640/env/camera/cam_0,A physics simulation of a ball and block interaction (scene 640),,143
/scratch/vcj9002/MagicPhysics/test_ball_and_block_collect/641/env/camera/cam_0,A physics simulation of a ball and block interaction (scene 641),,139
/scratch/vcj9002/MagicPhysics/test_ball_and_block_collect/642/env/camera/cam_0,A physics simulation of a ball and block interaction (scene 642),,49
/scratch/vcj9002/MagicPhysics/test_ball_and_block_collect/643/env/camera/cam_0,A physics simulation of a ball and block interaction (scene 643),,60
/scratch/vcj9002/MagicPhysics/test_ball_and_block_collect/644/env/camera/cam_0,A physics simulation of a ball and block interaction (scene 644),,49
/scratch/vcj9002/MagicPhysics/test_ball_and_block_collect/645/env/camera/cam_0,A physics simulation of a ball and block interaction (scene 645),,115
/scratch/vcj9002/MagicPhysics/test_ball_and_block_collect/646/env/camera/cam_0,A physics simulation of a ball and block interaction (scene 646),,49
/scratch/vcj9002/MagicPhysics/test_ball_and_block_collect/647/env/camera/cam_0,A physics simulation of a ball and block interaction (scene 647),,60
/scratch/vcj9002/MagicPhysics/test_ball_and_block_collect/648/env/camera/cam_0,A physics simulation of a ball and block interaction (scene 648),,151
/scratch/vcj9002/MagicPhysics/test_ball_and_block_collect/649/env/camera/cam_0,A physics simulation of a ball and block interaction (scene 649),,149
/scratch/vcj9002/MagicPhysics/test_ball_and_block_collect/65/env/camera/cam_0,A physics simulation of a ball and block interaction (scene 65),,230
/scratch/vcj9002/MagicPhysics/test_ball_and_block_collect/650/env/camera/cam_0,A physics simulation of a ball and block interaction (scene 650),,155
/scratch/vcj9002/MagicPhysics/test_ball_and_block_collect/651/env/camera/cam_0,A physics simulation of a ball and block interaction (scene 651),,49
/scratch/vcj9002/MagicPhysics/test_ball_and_block_collect/652/env/camera/cam_0,A physics simulation of a ball and block interaction (scene 652),,164
/scratch/vcj9002/MagicPhysics/test_ball_and_block_collect/653/env/camera/cam_0,A physics simulation of a ball and block interaction (scene 653),,130
/scratch/vcj9002/MagicPhysics/test_ball_and_block_collect/654/env/camera/cam_0,A physics simulation of a ball and block interaction (scene 654),,70
/scratch/vcj9002/MagicPhysics/test_ball_and_block_collect/655/env/camera/cam_0,A physics simulation of a ball and block interaction (scene 655),,49
/scratch/vcj9002/MagicPhysics/test_ball_and_block_collect/656/env/camera/cam_0,A physics simulation of a ball and block interaction (scene 656),,215
/scratch/vcj9002/MagicPhysics/test_ball_and_block_collect/657/env/camera/cam_0,A physics simulation of a ball and block interaction (scene 657),,149
/scratch/vcj9002/MagicPhysics/test_ball_and_block_collect/658/env/camera/cam_0,A physics simulation of a ball and block interaction (scene 658),,60
/scratch/vcj9002/MagicPhysics/test_ball_and_block_collect/659/env/camera/cam_0,A physics simulation of a ball and block interaction (scene 659),,192
/scratch/vcj9002/MagicPhysics/test_ball_and_block_collect/66/env/camera/cam_0,A physics simulation of a ball and block interaction (scene 66),,147
/scratch/vcj9002/MagicPhysics/test_ball_and_block_collect/660/env/camera/cam_0,A physics simulation of a ball and block interaction (scene 660),,49
/scratch/vcj9002/MagicPhysics/test_ball_and_block_collect/661/env/camera/cam_0,A physics simulation of a ball and block interaction (scene 661),,129
/scratch/vcj9002/MagicPhysics/test_ball_and_block_collect/662/env/camera/cam_0,A physics simulation of a ball and block interaction (scene 662),,50
/scratch/vcj9002/MagicPhysics/test_ball_and_block_collect/663/env/camera/cam_0,A physics simulation of a ball and block interaction (scene 663),,49
/scratch/vcj9002/MagicPhysics/test_ball_and_block_collect/664/env/camera/cam_0,A physics simulation of a ball and block interaction (scene 664),,50
/scratch/vcj9002/MagicPhysics/test_ball_and_block_collect/665/env/camera/cam_0,A physics simulation of a ball and block interaction (scene 665),,192
/scratch/vcj9002/MagicPhysics/test_ball_and_block_collect/666/env/camera/cam_0,A physics simulation of a ball and block interaction (scene 666),,207
/scratch/vcj9002/MagicPhysics/test_ball_and_block_collect/667/env/camera/cam_0,A physics simulation of a ball and block interaction (scene 667),,60
/scratch/vcj9002/MagicPhysics/test_ball_and_block_collect/668/env/camera/cam_0,A physics simulation of a ball and block interaction (scene 668),,135
/scratch/vcj9002/MagicPhysics/test_ball_and_block_collect/669/env/camera/cam_0,A physics simulation of a ball and block interaction (scene 669),,210
/scratch/vcj9002/MagicPhysics/test_ball_and_block_collect/67/env/camera/cam_0,A physics simulation of a ball and block interaction (scene 67),,129
/scratch/vcj9002/MagicPhysics/test_ball_and_block_collect/670/env/camera/cam_0,A physics simulation of a ball and block interaction (scene 670),,49
/scratch/vcj9002/MagicPhysics/test_ball_and_block_collect/671/env/camera/cam_0,A physics simulation of a ball and block interaction (scene 671),,215
/scratch/vcj9002/MagicPhysics/test_ball_and_block_collect/672/env/camera/cam_0,A physics simulation of a ball and block interaction (scene 672),,157
/scratch/vcj9002/MagicPhysics/test_ball_and_block_collect/673/env/camera/cam_0,A physics simulation of a ball and block interaction (scene 673),,49
/scratch/vcj9002/MagicPhysics/test_ball_and_block_collect/674/env/camera/cam_0,A physics simulation of a ball and block interaction (scene 674),,61
/scratch/vcj9002/MagicPhysics/test_ball_and_block_collect/675/env/camera/cam_0,A physics simulation of a ball and block interaction (scene 675),,149
/scratch/vcj9002/MagicPhysics/test_ball_and_block_collect/676/env/camera/cam_0,A physics simulation of a ball and block interaction (scene 676),,70
/scratch/vcj9002/MagicPhysics/test_ball_and_block_collect/677/env/camera/cam_0,A physics simulation of a ball and block interaction (scene 677),,71
/scratch/vcj9002/MagicPhysics/test_ball_and_block_collect/678/env/camera/cam_0,A physics simulation of a ball and block interaction (scene 678),,89
/scratch/vcj9002/MagicPhysics/test_ball_and_block_collect/679/env/camera/cam_0,A physics simulation of a ball and block interaction (scene 679),,180
/scratch/vcj9002/MagicPhysics/test_ball_and_block_collect/68/env/camera/cam_0,A physics simulation of a ball and block interaction (scene 68),,132
/scratch/vcj9002/MagicPhysics/test_ball_and_block_collect/680/env/camera/cam_0,A physics simulation of a ball and block interaction (scene 680),,189
/scratch/vcj9002/MagicPhysics/test_ball_and_block_collect/681/env/camera/cam_0,A physics simulation of a ball and block interaction (scene 681),,144
/scratch/vcj9002/MagicPhysics/test_ball_and_block_collect/682/env/camera/cam_0,A physics simulation of a ball and block interaction (scene 682),,163
/scratch/vcj9002/MagicPhysics/test_ball_and_block_collect/683/env/camera/cam_0,A physics simulation of a ball and block interaction (scene 683),,139
/scratch/vcj9002/MagicPhysics/test_ball_and_block_collect/684/env/camera/cam_0,A physics simulation of a ball and block interaction (scene 684),,72
/scratch/vcj9002/MagicPhysics/test_ball_and_block_collect/685/env/camera/cam_0,A physics simulation of a ball and block interaction (scene 685),,197
/scratch/vcj9002/MagicPhysics/test_ball_and_block_collect/686/env/camera/cam_0,A physics simulation of a ball and block interaction (scene 686),,84
/scratch/vcj9002/MagicPhysics/test_ball_and_block_collect/687/env/camera/cam_0,A physics simulation of a ball and block interaction (scene 687),,71
/scratch/vcj9002/MagicPhysics/test_ball_and_block_collect/688/env/camera/cam_0,A physics simulation of a ball and block interaction (scene 688),,70
/scratch/vcj9002/MagicPhysics/test_ball_and_block_collect/689/env/camera/cam_0,A physics simulation of a ball and block interaction (scene 689),,183
/scratch/vcj9002/MagicPhysics/test_ball_and_block_collect/69/env/camera/cam_0,A physics simulation of a ball and block interaction (scene 69),,141
/scratch/vcj9002/MagicPhysics/test_ball_and_block_collect/690/env/camera/cam_0,A physics simulation of a ball and block interaction (scene 690),,49
/scratch/vcj9002/MagicPhysics/test_ball_and_block_collect/691/env/camera/cam_0,A physics simulation of a ball and block interaction (scene 691),,61
/scratch/vcj9002/MagicPhysics/test_ball_and_block_collect/692/env/camera/cam_0,A physics simulation of a ball and block interaction (scene 692),,249
/scratch/vcj9002/MagicPhysics/test_ball_and_block_collect/693/env/camera/cam_0,A physics simulation of a ball and block interaction (scene 693),,142
/scratch/vcj9002/MagicPhysics/test_ball_and_block_collect/694/env/camera/cam_0,A physics simulation of a ball and block interaction (scene 694),,173
/scratch/vcj9002/MagicPhysics/test_ball_and_block_collect/695/env/camera/cam_0,A physics simulation of a ball and block interaction (scene 695),,145
/scratch/vcj9002/MagicPhysics/test_ball_and_block_collect/696/env/camera/cam_0,A physics simulation of a ball and block interaction (scene 696),,166
/scratch/vcj9002/MagicPhysics/test_ball_and_block_collect/697/env/camera/cam_0,A physics simulation of a ball and block interaction (scene 697),,182
/scratch/vcj9002/MagicPhysics/test_ball_and_block_collect/698/env/camera/cam_0,A physics simulation of a ball and block interaction (scene 698),,223
/scratch/vcj9002/MagicPhysics/test_ball_and_block_collect/699/env/camera/cam_0,A physics simulation of a ball and block interaction (scene 699),,200
/scratch/vcj9002/MagicPhysics/test_ball_and_block_collect/7/env/camera/cam_0,A physics simulation of a ball and block interaction (scene 7),,61
/scratch/vcj9002/MagicPhysics/test_ball_and_block_collect/70/env/camera/cam_0,A physics simulation of a ball and block interaction (scene 70),,145
/scratch/vcj9002/MagicPhysics/test_ball_and_block_collect/700/env/camera/cam_0,A physics simulation of a ball and block interaction (scene 700),,210
/scratch/vcj9002/MagicPhysics/test_ball_and_block_collect/701/env/camera/cam_0,A physics simulation of a ball and block interaction (scene 701),,70
/scratch/vcj9002/MagicPhysics/test_ball_and_block_collect/702/env/camera/cam_0,A physics simulation of a ball and block interaction (scene 702),,147
/scratch/vcj9002/MagicPhysics/test_ball_and_block_collect/703/env/camera/cam_0,A physics simulation of a ball and block interaction (scene 703),,128
/scratch/vcj9002/MagicPhysics/test_ball_and_block_collect/704/env/camera/cam_0,A physics simulation of a ball and block interaction (scene 704),,131
/scratch/vcj9002/MagicPhysics/test_ball_and_block_collect/705/env/camera/cam_0,A physics simulation of a ball and block interaction (scene 705),,205
/scratch/vcj9002/MagicPhysics/test_ball_and_block_collect/706/env/camera/cam_0,A physics simulation of a ball and block interaction (scene 706),,200
/scratch/vcj9002/MagicPhysics/test_ball_and_block_collect/707/env/camera/cam_0,A physics simulation of a ball and block interaction (scene 707),,49
/scratch/vcj9002/MagicPhysics/test_ball_and_block_collect/708/env/camera/cam_0,A physics simulation of a ball and block interaction (scene 708),,59
/scratch/vcj9002/MagicPhysics/test_ball_and_block_collect/709/env/camera/cam_0,A physics simulation of a ball and block interaction (scene 709),,178
/scratch/vcj9002/MagicPhysics/test_ball_and_block_collect/71/env/camera/cam_0,A physics simulation of a ball and block interaction (scene 71),,49
/scratch/vcj9002/MagicPhysics/test_ball_and_block_collect/710/env/camera/cam_0,A physics simulation of a ball and block interaction (scene 710),,49
/scratch/vcj9002/MagicPhysics/test_ball_and_block_collect/711/env/camera/cam_0,A physics simulation of a ball and block interaction (scene 711),,149
/scratch/vcj9002/MagicPhysics/test_ball_and_block_collect/712/env/camera/cam_0,A physics simulation of a ball and block interaction (scene 712),,49
/scratch/vcj9002/MagicPhysics/test_ball_and_block_collect/713/env/camera/cam_0,A physics simulation of a ball and block interaction (scene 713),,170
/scratch/vcj9002/MagicPhysics/test_ball_and_block_collect/714/env/camera/cam_0,A physics simulation of a ball and block interaction (scene 714),,182
/scratch/vcj9002/MagicPhysics/test_ball_and_block_collect/715/env/camera/cam_0,A physics simulation of a ball and block interaction (scene 715),,60
/scratch/vcj9002/MagicPhysics/test_ball_and_block_collect/716/env/camera/cam_0,A physics simulation of a ball and block interaction (scene 716),,147
/scratch/vcj9002/MagicPhysics/test_ball_and_block_collect/717/env/camera/cam_0,A physics simulation of a ball and block interaction (scene 717),,154
/scratch/vcj9002/MagicPhysics/test_ball_and_block_collect/718/env/camera/cam_0,A physics simulation of a ball and block interaction (scene 718),,151
/scratch/vcj9002/MagicPhysics/test_ball_and_block_collect/719/env/camera/cam_0,A physics simulation of a ball and block interaction (scene 719),,215
/scratch/vcj9002/MagicPhysics/test_ball_and_block_collect/72/env/camera/cam_0,A physics simulation of a ball and block interaction (scene 72),,164
/scratch/vcj9002/MagicPhysics/test_ball_and_block_collect/720/env/camera/cam_0,A physics simulation of a ball and block interaction (scene 720),,49
/scratch/vcj9002/MagicPhysics/test_ball_and_block_collect/721/env/camera/cam_0,A physics simulation of a ball and block interaction (scene 721),,147
/scratch/vcj9002/MagicPhysics/test_ball_and_block_collect/722/env/camera/cam_0,A physics simulation of a ball and block interaction (scene 722),,206
/scratch/vcj9002/MagicPhysics/test_ball_and_block_collect/723/env/camera/cam_0,A physics simulation of a ball and block interaction (scene 723),,143
/scratch/vcj9002/MagicPhysics/test_ball_and_block_collect/724/env/camera/cam_0,A physics simulation of a ball and block interaction (scene 724),,190
/scratch/vcj9002/MagicPhysics/test_ball_and_block_collect/725/env/camera/cam_0,A physics simulation of a ball and block interaction (scene 725),,175
/scratch/vcj9002/MagicPhysics/test_ball_and_block_collect/726/env/camera/cam_0,A physics simulation of a ball and block interaction (scene 726),,142
/scratch/vcj9002/MagicPhysics/test_ball_and_block_collect/727/env/camera/cam_0,A physics simulation of a ball and block interaction (scene 727),,196
/scratch/vcj9002/MagicPhysics/test_ball_and_block_collect/728/env/camera/cam_0,A physics simulation of a ball and block interaction (scene 728),,161
/scratch/vcj9002/MagicPhysics/test_ball_and_block_collect/729/env/camera/cam_0,A physics simulation of a ball and block interaction (scene 729),,60
/scratch/vcj9002/MagicPhysics/test_ball_and_block_collect/73/env/camera/cam_0,A physics simulation of a ball and block interaction (scene 73),,50
/scratch/vcj9002/MagicPhysics/test_ball_and_block_collect/730/env/camera/cam_0,A physics simulation of a ball and block interaction (scene 730),,137
/scratch/vcj9002/MagicPhysics/test_ball_and_block_collect/731/env/camera/cam_0,A physics simulation of a ball and block interaction (scene 731),,170
/scratch/vcj9002/MagicPhysics/test_ball_and_block_collect/732/env/camera/cam_0,A physics simulation of a ball and block interaction (scene 732),,49
/scratch/vcj9002/MagicPhysics/test_ball_and_block_collect/733/env/camera/cam_0,A physics simulation of a ball and block interaction (scene 733),,140
/scratch/vcj9002/MagicPhysics/test_ball_and_block_collect/734/env/camera/cam_0,A physics simulation of a ball and block interaction (scene 734),,157
/scratch/vcj9002/MagicPhysics/test_ball_and_block_collect/735/env/camera/cam_0,A physics simulation of a ball and block interaction (scene 735),,134
/scratch/vcj9002/MagicPhysics/test_ball_and_block_collect/736/env/camera/cam_0,A physics simulation of a ball and block interaction (scene 736),,129
/scratch/vcj9002/MagicPhysics/test_ball_and_block_collect/737/env/camera/cam_0,A physics simulation of a ball and block interaction (scene 737),,61
/scratch/vcj9002/MagicPhysics/test_ball_and_block_collect/738/env/camera/cam_0,A physics simulation of a ball and block interaction (scene 738),,49
/scratch/vcj9002/MagicPhysics/test_ball_and_block_collect/739/env/camera/cam_0,A physics simulation of a ball and block interaction (scene 739),,80
/scratch/vcj9002/MagicPhysics/test_ball_and_block_collect/74/env/camera/cam_0,A physics simulation of a ball and block interaction (scene 74),,136
/scratch/vcj9002/MagicPhysics/test_ball_and_block_collect/740/env/camera/cam_0,A physics simulation of a ball and block interaction (scene 740),,147
/scratch/vcj9002/MagicPhysics/test_ball_and_block_collect/741/env/camera/cam_0,A physics simulation of a ball and block interaction (scene 741),,128
/scratch/vcj9002/MagicPhysics/test_ball_and_block_collect/742/env/camera/cam_0,A physics simulation of a ball and block interaction (scene 742),,59
/scratch/vcj9002/MagicPhysics/test_ball_and_block_collect/743/env/camera/cam_0,A physics simulation of a ball and block interaction (scene 743),,61
/scratch/vcj9002/MagicPhysics/test_ball_and_block_collect/744/env/camera/cam_0,A physics simulation of a ball and block interaction (scene 744),,50
/scratch/vcj9002/MagicPhysics/test_ball_and_block_collect/745/env/camera/cam_0,A physics simulation of a ball and block interaction (scene 745),,167
/scratch/vcj9002/MagicPhysics/test_ball_and_block_collect/746/env/camera/cam_0,A physics simulation of a ball and block interaction (scene 746),,49
/scratch/vcj9002/MagicPhysics/test_ball_and_block_collect/747/env/camera/cam_0,A physics simulation of a ball and block interaction (scene 747),,143
/scratch/vcj9002/MagicPhysics/test_ball_and_block_collect/748/env/camera/cam_0,A physics simulation of a ball and block interaction (scene 748),,175
/scratch/vcj9002/MagicPhysics/test_ball_and_block_collect/749/env/camera/cam_0,A physics simulation of a ball and block interaction (scene 749),,177
/scratch/vcj9002/MagicPhysics/test_ball_and_block_collect/75/env/camera/cam_0,A physics simulation of a ball and block interaction (scene 75),,61
/scratch/vcj9002/MagicPhysics/test_ball_and_block_collect/750/env/camera/cam_0,A physics simulation of a ball and block interaction (scene 750),,145
/scratch/vcj9002/MagicPhysics/test_ball_and_block_collect/751/env/camera/cam_0,A physics simulation of a ball and block interaction (scene 751),,49
/scratch/vcj9002/MagicPhysics/test_ball_and_block_collect/752/env/camera/cam_0,A physics simulation of a ball and block interaction (scene 752),,173
/scratch/vcj9002/MagicPhysics/test_ball_and_block_collect/753/env/camera/cam_0,A physics simulation of a ball and block interaction (scene 753),,124
/scratch/vcj9002/MagicPhysics/test_ball_and_block_collect/754/env/camera/cam_0,A physics simulation of a ball and block interaction (scene 754),,59
/scratch/vcj9002/MagicPhysics/test_ball_and_block_collect/755/env/camera/cam_0,A physics simulation of a ball and block interaction (scene 755),,61
/scratch/vcj9002/MagicPhysics/test_ball_and_block_collect/756/env/camera/cam_0,A physics simulation of a ball and block interaction (scene 756),,81
/scratch/vcj9002/MagicPhysics/test_ball_and_block_collect/757/env/camera/cam_0,A physics simulation of a ball and block interaction (scene 757),,168
/scratch/vcj9002/MagicPhysics/test_ball_and_block_collect/758/env/camera/cam_0,A physics simulation of a ball and block interaction (scene 758),,49
/scratch/vcj9002/MagicPhysics/test_ball_and_block_collect/759/env/camera/cam_0,A physics simulation of a ball and block interaction (scene 759),,131
/scratch/vcj9002/MagicPhysics/test_ball_and_block_collect/76/env/camera/cam_0,A physics simulation of a ball and block interaction (scene 76),,132
/scratch/vcj9002/MagicPhysics/test_ball_and_block_collect/760/env/camera/cam_0,A physics simulation of a ball and block interaction (scene 760),,147
/scratch/vcj9002/MagicPhysics/test_ball_and_block_collect/761/env/camera/cam_0,A physics simulation of a ball and block interaction (scene 761),,179
/scratch/vcj9002/MagicPhysics/test_ball_and_block_collect/762/env/camera/cam_0,A physics simulation of a ball and block interaction (scene 762),,130
/scratch/vcj9002/MagicPhysics/test_ball_and_block_collect/763/env/camera/cam_0,A physics simulation of a ball and block interaction (scene 763),,187
/scratch/vcj9002/MagicPhysics/test_ball_and_block_collect/764/env/camera/cam_0,A physics simulation of a ball and block interaction (scene 764),,60
/scratch/vcj9002/MagicPhysics/test_ball_and_block_collect/765/env/camera/cam_0,A physics simulation of a ball and block interaction (scene 765),,50
/scratch/vcj9002/MagicPhysics/test_ball_and_block_collect/766/env/camera/cam_0,A physics simulation of a ball and block interaction (scene 766),,193
/scratch/vcj9002/MagicPhysics/test_ball_and_block_collect/767/env/camera/cam_0,A physics simulation of a ball and block interaction (scene 767),,182
/scratch/vcj9002/MagicPhysics/test_ball_and_block_collect/768/env/camera/cam_0,A physics simulation of a ball and block interaction (scene 768),,110
/scratch/vcj9002/MagicPhysics/test_ball_and_block_collect/769/env/camera/cam_0,A physics simulation of a ball and block interaction (scene 769),,136
/scratch/vcj9002/MagicPhysics/test_ball_and_block_collect/77/env/camera/cam_0,A physics simulation of a ball and block interaction (scene 77),,141
/scratch/vcj9002/MagicPhysics/test_ball_and_block_collect/770/env/camera/cam_0,A physics simulation of a ball and block interaction (scene 770),,71
/scratch/vcj9002/MagicPhysics/test_ball_and_block_collect/771/env/camera/cam_0,A physics simulation of a ball and block interaction (scene 771),,183
/scratch/vcj9002/MagicPhysics/test_ball_and_block_collect/772/env/camera/cam_0,A physics simulation of a ball and block interaction (scene 772),,155
/scratch/vcj9002/MagicPhysics/test_ball_and_block_collect/773/env/camera/cam_0,A physics simulation of a ball and block interaction (scene 773),,191
/scratch/vcj9002/MagicPhysics/test_ball_and_block_collect/774/env/camera/cam_0,A physics simulation of a ball and block interaction (scene 774),,160
/scratch/vcj9002/MagicPhysics/test_ball_and_block_collect/775/env/camera/cam_0,A physics simulation of a ball and block interaction (scene 775),,163
/scratch/vcj9002/MagicPhysics/test_ball_and_block_collect/776/env/camera/cam_0,A physics simulation of a ball and block interaction (scene 776),,176
/scratch/vcj9002/MagicPhysics/test_ball_and_block_collect/777/env/camera/cam_0,A physics simulation of a ball and block interaction (scene 777),,71
/scratch/vcj9002/MagicPhysics/test_ball_and_block_collect/778/env/camera/cam_0,A physics simulation of a ball and block interaction (scene 778),,139
/scratch/vcj9002/MagicPhysics/test_ball_and_block_collect/779/env/camera/cam_0,A physics simulation of a ball and block interaction (scene 779),,216
/scratch/vcj9002/MagicPhysics/test_ball_and_block_collect/78/env/camera/cam_0,A physics simulation of a ball and block interaction (scene 78),,212
/scratch/vcj9002/MagicPhysics/test_ball_and_block_collect/780/env/camera/cam_0,A physics simulation of a ball and block interaction (scene 780),,71
/scratch/vcj9002/MagicPhysics/test_ball_and_block_collect/781/env/camera/cam_0,A physics simulation of a ball and block interaction (scene 781),,49
/scratch/vcj9002/MagicPhysics/test_ball_and_block_collect/782/env/camera/cam_0,A physics simulation of a ball and block interaction (scene 782),,49
/scratch/vcj9002/MagicPhysics/test_ball_and_block_collect/783/env/camera/cam_0,A physics simulation of a ball and block interaction (scene 783),,168
/scratch/vcj9002/MagicPhysics/test_ball_and_block_collect/784/env/camera/cam_0,A physics simulation of a ball and block interaction (scene 784),,160
/scratch/vcj9002/MagicPhysics/test_ball_and_block_collect/785/env/camera/cam_0,A physics simulation of a ball and block interaction (scene 785),,49
/scratch/vcj9002/MagicPhysics/test_ball_and_block_collect/786/env/camera/cam_0,A physics simulation of a ball and block interaction (scene 786),,181
/scratch/vcj9002/MagicPhysics/test_ball_and_block_collect/787/env/camera/cam_0,A physics simulation of a ball and block interaction (scene 787),,220
/scratch/vcj9002/MagicPhysics/test_ball_and_block_collect/788/env/camera/cam_0,A physics simulation of a ball and block interaction (scene 788),,49
/scratch/vcj9002/MagicPhysics/test_ball_and_block_collect/789/env/camera/cam_0,A physics simulation of a ball and block interaction (scene 789),,71
/scratch/vcj9002/MagicPhysics/test_ball_and_block_collect/79/env/camera/cam_0,A physics simulation of a ball and block interaction (scene 79),,133
/scratch/vcj9002/MagicPhysics/test_ball_and_block_collect/790/env/camera/cam_0,A physics simulation of a ball and block interaction (scene 790),,49
/scratch/vcj9002/MagicPhysics/test_ball_and_block_collect/791/env/camera/cam_0,A physics simulation of a ball and block interaction (scene 791),,140
/scratch/vcj9002/MagicPhysics/test_ball_and_block_collect/792/env/camera/cam_0,A physics simulation of a ball and block interaction (scene 792),,71
/scratch/vcj9002/MagicPhysics/test_ball_and_block_collect/793/env/camera/cam_0,A physics simulation of a ball and block interaction (scene 793),,60
/scratch/vcj9002/MagicPhysics/test_ball_and_block_collect/794/env/camera/cam_0,A physics simulation of a ball and block interaction (scene 794),,155
/scratch/vcj9002/MagicPhysics/test_ball_and_block_collect/795/env/camera/cam_0,A physics simulation of a ball and block interaction (scene 795),,49
/scratch/vcj9002/MagicPhysics/test_ball_and_block_collect/796/env/camera/cam_0,A physics simulation of a ball and block interaction (scene 796),,185
/scratch/vcj9002/MagicPhysics/test_ball_and_block_collect/797/env/camera/cam_0,A physics simulation of a ball and block interaction (scene 797),,69
/scratch/vcj9002/MagicPhysics/test_ball_and_block_collect/798/env/camera/cam_0,A physics simulation of a ball and block interaction (scene 798),,130
/scratch/vcj9002/MagicPhysics/test_ball_and_block_collect/799/env/camera/cam_0,A physics simulation of a ball and block interaction (scene 799),,61
/scratch/vcj9002/MagicPhysics/test_ball_and_block_collect/8/env/camera/cam_0,A physics simulation of a ball and block interaction (scene 8),,70
/scratch/vcj9002/MagicPhysics/test_ball_and_block_collect/80/env/camera/cam_0,A physics simulation of a ball and block interaction (scene 80),,166
/scratch/vcj9002/MagicPhysics/test_ball_and_block_collect/800/env/camera/cam_0,A physics simulation of a ball and block interaction (scene 800),,76
/scratch/vcj9002/MagicPhysics/test_ball_and_block_collect/801/env/camera/cam_0,A physics simulation of a ball and block interaction (scene 801),,81
/scratch/vcj9002/MagicPhysics/test_ball_and_block_collect/802/env/camera/cam_0,A physics simulation of a ball and block interaction (scene 802),,153
/scratch/vcj9002/MagicPhysics/test_ball_and_block_collect/803/env/camera/cam_0,A physics simulation of a ball and block interaction (scene 803),,141
/scratch/vcj9002/MagicPhysics/test_ball_and_block_collect/804/env/camera/cam_0,A physics simulation of a ball and block interaction (scene 804),,172
/scratch/vcj9002/MagicPhysics/test_ball_and_block_collect/805/env/camera/cam_0,A physics simulation of a ball and block interaction (scene 805),,49
/scratch/vcj9002/MagicPhysics/test_ball_and_block_collect/806/env/camera/cam_0,A physics simulation of a ball and block interaction (scene 806),,49
/scratch/vcj9002/MagicPhysics/test_ball_and_block_collect/807/env/camera/cam_0,A physics simulation of a ball and block interaction (scene 807),,154
/scratch/vcj9002/MagicPhysics/test_ball_and_block_collect/808/env/camera/cam_0,A physics simulation of a ball and block interaction (scene 808),,137
/scratch/vcj9002/MagicPhysics/test_ball_and_block_collect/809/env/camera/cam_0,A physics simulation of a ball and block interaction (scene 809),,190
/scratch/vcj9002/MagicPhysics/test_ball_and_block_collect/81/env/camera/cam_0,A physics simulation of a ball and block interaction (scene 81),,150
/scratch/vcj9002/MagicPhysics/test_ball_and_block_collect/810/env/camera/cam_0,A physics simulation of a ball and block interaction (scene 810),,162
/scratch/vcj9002/MagicPhysics/test_ball_and_block_collect/811/env/camera/cam_0,A physics simulation of a ball and block interaction (scene 811),,147
/scratch/vcj9002/MagicPhysics/test_ball_and_block_collect/812/env/camera/cam_0,A physics simulation of a ball and block interaction (scene 812),,178
/scratch/vcj9002/MagicPhysics/test_ball_and_block_collect/813/env/camera/cam_0,A physics simulation of a ball and block interaction (scene 813),,105
/scratch/vcj9002/MagicPhysics/test_ball_and_block_collect/814/env/camera/cam_0,A physics simulation of a ball and block interaction (scene 814),,49
/scratch/vcj9002/MagicPhysics/test_ball_and_block_collect/815/env/camera/cam_0,A physics simulation of a ball and block interaction (scene 815),,49
/scratch/vcj9002/MagicPhysics/test_ball_and_block_collect/816/env/camera/cam_0,A physics simulation of a ball and block interaction (scene 816),,172
/scratch/vcj9002/MagicPhysics/test_ball_and_block_collect/817/env/camera/cam_0,A physics simulation of a ball and block interaction (scene 817),,187
/scratch/vcj9002/MagicPhysics/test_ball_and_block_collect/818/env/camera/cam_0,A physics simulation of a ball and block interaction (scene 818),,144
/scratch/vcj9002/MagicPhysics/test_ball_and_block_collect/819/env/camera/cam_0,A physics simulation of a ball and block interaction (scene 819),,137
/scratch/vcj9002/MagicPhysics/test_ball_and_block_collect/82/env/camera/cam_0,A physics simulation of a ball and block interaction (scene 82),,159
/scratch/vcj9002/MagicPhysics/test_ball_and_block_collect/820/env/camera/cam_0,A physics simulation of a ball and block interaction (scene 820),,70
/scratch/vcj9002/MagicPhysics/test_ball_and_block_collect/821/env/camera/cam_0,A physics simulation of a ball and block interaction (scene 821),,183
/scratch/vcj9002/MagicPhysics/test_ball_and_block_collect/822/env/camera/cam_0,A physics simulation of a ball and block interaction (scene 822),,144
/scratch/vcj9002/MagicPhysics/test_ball_and_block_collect/823/env/camera/cam_0,A physics simulation of a ball and block interaction (scene 823),,60
/scratch/vcj9002/MagicPhysics/test_ball_and_block_collect/824/env/camera/cam_0,A physics simulation of a ball and block interaction (scene 824),,71
/scratch/vcj9002/MagicPhysics/test_ball_and_block_collect/825/env/camera/cam_0,A physics simulation of a ball and block interaction (scene 825),,184
/scratch/vcj9002/MagicPhysics/test_ball_and_block_collect/826/env/camera/cam_0,A physics simulation of a ball and block interaction (scene 826),,228
/scratch/vcj9002/MagicPhysics/test_ball_and_block_collect/827/env/camera/cam_0,A physics simulation of a ball and block interaction (scene 827),,72
/scratch/vcj9002/MagicPhysics/test_ball_and_block_collect/828/env/camera/cam_0,A physics simulation of a ball and block interaction (scene 828),,131
/scratch/vcj9002/MagicPhysics/test_ball_and_block_collect/829/env/camera/cam_0,A physics simulation of a ball and block interaction (scene 829),,136
/scratch/vcj9002/MagicPhysics/test_ball_and_block_collect/83/env/camera/cam_0,A physics simulation of a ball and block interaction (scene 83),,134
/scratch/vcj9002/MagicPhysics/test_ball_and_block_collect/830/env/camera/cam_0,A physics simulation of a ball and block interaction (scene 830),,179
/scratch/vcj9002/MagicPhysics/test_ball_and_block_collect/831/env/camera/cam_0,A physics simulation of a ball and block interaction (scene 831),,166
/scratch/vcj9002/MagicPhysics/test_ball_and_block_collect/832/env/camera/cam_0,A physics simulation of a ball and block interaction (scene 832),,49
/scratch/vcj9002/MagicPhysics/test_ball_and_block_collect/833/env/camera/cam_0,A physics simulation of a ball and block interaction (scene 833),,60
/scratch/vcj9002/MagicPhysics/test_ball_and_block_collect/834/env/camera/cam_0,A physics simulation of a ball and block interaction (scene 834),,202
/scratch/vcj9002/MagicPhysics/test_ball_and_block_collect/835/env/camera/cam_0,A physics simulation of a ball and block interaction (scene 835),,209
/scratch/vcj9002/MagicPhysics/test_ball_and_block_collect/836/env/camera/cam_0,A physics simulation of a ball and block interaction (scene 836),,138
/scratch/vcj9002/MagicPhysics/test_ball_and_block_collect/837/env/camera/cam_0,A physics simulation of a ball and block interaction (scene 837),,160
/scratch/vcj9002/MagicPhysics/test_ball_and_block_collect/838/env/camera/cam_0,A physics simulation of a ball and block interaction (scene 838),,142
/scratch/vcj9002/MagicPhysics/test_ball_and_block_collect/839/env/camera/cam_0,A physics simulation of a ball and block interaction (scene 839),,137
/scratch/vcj9002/MagicPhysics/test_ball_and_block_collect/84/env/camera/cam_0,A physics simulation of a ball and block interaction (scene 84),,159
/scratch/vcj9002/MagicPhysics/test_ball_and_block_collect/840/env/camera/cam_0,A physics simulation of a ball and block interaction (scene 840),,151
/scratch/vcj9002/MagicPhysics/test_ball_and_block_collect/841/env/camera/cam_0,A physics simulation of a ball and block interaction (scene 841),,220
/scratch/vcj9002/MagicPhysics/test_ball_and_block_collect/842/env/camera/cam_0,A physics simulation of a ball and block interaction (scene 842),,175
/scratch/vcj9002/MagicPhysics/test_ball_and_block_collect/843/env/camera/cam_0,A physics simulation of a ball and block interaction (scene 843),,61
/scratch/vcj9002/MagicPhysics/test_ball_and_block_collect/844/env/camera/cam_0,A physics simulation of a ball and block interaction (scene 844),,123
/scratch/vcj9002/MagicPhysics/test_ball_and_block_collect/845/env/camera/cam_0,A physics simulation of a ball and block interaction (scene 845),,113
/scratch/vcj9002/MagicPhysics/test_ball_and_block_collect/846/env/camera/cam_0,A physics simulation of a ball and block interaction (scene 846),,70
/scratch/vcj9002/MagicPhysics/test_ball_and_block_collect/847/env/camera/cam_0,A physics simulation of a ball and block interaction (scene 847),,193
/scratch/vcj9002/MagicPhysics/test_ball_and_block_collect/848/env/camera/cam_0,A physics simulation of a ball and block interaction (scene 848),,181
/scratch/vcj9002/MagicPhysics/test_ball_and_block_collect/849/env/camera/cam_0,A physics simulation of a ball and block interaction (scene 849),,49
/scratch/vcj9002/MagicPhysics/test_ball_and_block_collect/85/env/camera/cam_0,A physics simulation of a ball and block interaction (scene 85),,151
/scratch/vcj9002/MagicPhysics/test_ball_and_block_collect/850/env/camera/cam_0,A physics simulation of a ball and block interaction (scene 850),,146
/scratch/vcj9002/MagicPhysics/test_ball_and_block_collect/851/env/camera/cam_0,A physics simulation of a ball and block interaction (scene 851),,140
/scratch/vcj9002/MagicPhysics/test_ball_and_block_collect/852/env/camera/cam_0,A physics simulation of a ball and block interaction (scene 852),,49
/scratch/vcj9002/MagicPhysics/test_ball_and_block_collect/853/env/camera/cam_0,A physics simulation of a ball and block interaction (scene 853),,145
/scratch/vcj9002/MagicPhysics/test_ball_and_block_collect/854/env/camera/cam_0,A physics simulation of a ball and block interaction (scene 854),,135
/scratch/vcj9002/MagicPhysics/test_ball_and_block_collect/855/env/camera/cam_0,A physics simulation of a ball and block interaction (scene 855),,49
/scratch/vcj9002/MagicPhysics/test_ball_and_block_collect/856/env/camera/cam_0,A physics simulation of a ball and block interaction (scene 856),,131
/scratch/vcj9002/MagicPhysics/test_ball_and_block_collect/857/env/camera/cam_0,A physics simulation of a ball and block interaction (scene 857),,167
/scratch/vcj9002/MagicPhysics/test_ball_and_block_collect/858/env/camera/cam_0,A physics simulation of a ball and block interaction (scene 858),,147
/scratch/vcj9002/MagicPhysics/test_ball_and_block_collect/859/env/camera/cam_0,A physics simulation of a ball and block interaction (scene 859),,141
/scratch/vcj9002/MagicPhysics/test_ball_and_block_collect/86/env/camera/cam_0,A physics simulation of a ball and block interaction (scene 86),,156
/scratch/vcj9002/MagicPhysics/test_ball_and_block_collect/860/env/camera/cam_0,A physics simulation of a ball and block interaction (scene 860),,60
/scratch/vcj9002/MagicPhysics/test_ball_and_block_collect/861/env/camera/cam_0,A physics simulation of a ball and block interaction (scene 861),,152
/scratch/vcj9002/MagicPhysics/test_ball_and_block_collect/862/env/camera/cam_0,A physics simulation of a ball and block interaction (scene 862),,79
/scratch/vcj9002/MagicPhysics/test_ball_and_block_collect/863/env/camera/cam_0,A physics simulation of a ball and block interaction (scene 863),,50
/scratch/vcj9002/MagicPhysics/test_ball_and_block_collect/864/env/camera/cam_0,A physics simulation of a ball and block interaction (scene 864),,60
/scratch/vcj9002/MagicPhysics/test_ball_and_block_collect/865/env/camera/cam_0,A physics simulation of a ball and block interaction (scene 865),,147
/scratch/vcj9002/MagicPhysics/test_ball_and_block_collect/866/env/camera/cam_0,A physics simulation of a ball and block interaction (scene 866),,49
/scratch/vcj9002/MagicPhysics/test_ball_and_block_collect/867/env/camera/cam_0,A physics simulation of a ball and block interaction (scene 867),,81
/scratch/vcj9002/MagicPhysics/test_ball_and_block_collect/868/env/camera/cam_0,A physics simulation of a ball and block interaction (scene 868),,148
/scratch/vcj9002/MagicPhysics/test_ball_and_block_collect/869/env/camera/cam_0,A physics simulation of a ball and block interaction (scene 869),,159
/scratch/vcj9002/MagicPhysics/test_ball_and_block_collect/87/env/camera/cam_0,A physics simulation of a ball and block interaction (scene 87),,78
/scratch/vcj9002/MagicPhysics/test_ball_and_block_collect/870/env/camera/cam_0,A physics simulation of a ball and block interaction (scene 870),,135
/scratch/vcj9002/MagicPhysics/test_ball_and_block_collect/871/env/camera/cam_0,A physics simulation of a ball and block interaction (scene 871),,152
/scratch/vcj9002/MagicPhysics/test_ball_and_block_collect/872/env/camera/cam_0,A physics simulation of a ball and block interaction (scene 872),,174
/scratch/vcj9002/MagicPhysics/test_ball_and_block_collect/873/env/camera/cam_0,A physics simulation of a ball and block interaction (scene 873),,49
/scratch/vcj9002/MagicPhysics/test_ball_and_block_collect/874/env/camera/cam_0,A physics simulation of a ball and block interaction (scene 874),,61
/scratch/vcj9002/MagicPhysics/test_ball_and_block_collect/875/env/camera/cam_0,A physics simulation of a ball and block interaction (scene 875),,151
/scratch/vcj9002/MagicPhysics/test_ball_and_block_collect/876/env/camera/cam_0,A physics simulation of a ball and block interaction (scene 876),,70
/scratch/vcj9002/MagicPhysics/test_ball_and_block_collect/877/env/camera/cam_0,A physics simulation of a ball and block interaction (scene 877),,61
/scratch/vcj9002/MagicPhysics/test_ball_and_block_collect/878/env/camera/cam_0,A physics simulation of a ball and block interaction (scene 878),,49
/scratch/vcj9002/MagicPhysics/test_ball_and_block_collect/879/env/camera/cam_0,A physics simulation of a ball and block interaction (scene 879),,167
/scratch/vcj9002/MagicPhysics/test_ball_and_block_collect/88/env/camera/cam_0,A physics simulation of a ball and block interaction (scene 88),,141
/scratch/vcj9002/MagicPhysics/test_ball_and_block_collect/880/env/camera/cam_0,A physics simulation of a ball and block interaction (scene 880),,49
/scratch/vcj9002/MagicPhysics/test_ball_and_block_collect/881/env/camera/cam_0,A physics simulation of a ball and block interaction (scene 881),,144
/scratch/vcj9002/MagicPhysics/test_ball_and_block_collect/882/env/camera/cam_0,A physics simulation of a ball and block interaction (scene 882),,80
/scratch/vcj9002/MagicPhysics/test_ball_and_block_collect/883/env/camera/cam_0,A physics simulation of a ball and block interaction (scene 883),,148
/scratch/vcj9002/MagicPhysics/test_ball_and_block_collect/884/env/camera/cam_0,A physics simulation of a ball and block interaction (scene 884),,69
/scratch/vcj9002/MagicPhysics/test_ball_and_block_collect/885/env/camera/cam_0,A physics simulation of a ball and block interaction (scene 885),,138
/scratch/vcj9002/MagicPhysics/test_ball_and_block_collect/886/env/camera/cam_0,A physics simulation of a ball and block interaction (scene 886),,181
/scratch/vcj9002/MagicPhysics/test_ball_and_block_collect/887/env/camera/cam_0,A physics simulation of a ball and block interaction (scene 887),,161
/scratch/vcj9002/MagicPhysics/test_ball_and_block_collect/888/env/camera/cam_0,A physics simulation of a ball and block interaction (scene 888),,159
/scratch/vcj9002/MagicPhysics/test_ball_and_block_collect/889/env/camera/cam_0,A physics simulation of a ball and block interaction (scene 889),,152
/scratch/vcj9002/MagicPhysics/test_ball_and_block_collect/89/env/camera/cam_0,A physics simulation of a ball and block interaction (scene 89),,49
/scratch/vcj9002/MagicPhysics/test_ball_and_block_collect/890/env/camera/cam_0,A physics simulation of a ball and block interaction (scene 890),,99
/scratch/vcj9002/MagicPhysics/test_ball_and_block_collect/891/env/camera/cam_0,A physics simulation of a ball and block interaction (scene 891),,154
/scratch/vcj9002/MagicPhysics/test_ball_and_block_collect/892/env/camera/cam_0,A physics simulation of a ball and block interaction (scene 892),,71
/scratch/vcj9002/MagicPhysics/test_ball_and_block_collect/893/env/camera/cam_0,A physics simulation of a ball and block interaction (scene 893),,185
/scratch/vcj9002/MagicPhysics/test_ball_and_block_collect/894/env/camera/cam_0,A physics simulation of a ball and block interaction (scene 894),,142
/scratch/vcj9002/MagicPhysics/test_ball_and_block_collect/895/env/camera/cam_0,A physics simulation of a ball and block interaction (scene 895),,131
/scratch/vcj9002/MagicPhysics/test_ball_and_block_collect/896/env/camera/cam_0,A physics simulation of a ball and block interaction (scene 896),,179
/scratch/vcj9002/MagicPhysics/test_ball_and_block_collect/897/env/camera/cam_0,A physics simulation of a ball and block interaction (scene 897),,71
/scratch/vcj9002/MagicPhysics/test_ball_and_block_collect/898/env/camera/cam_0,A physics simulation of a ball and block interaction (scene 898),,50
/scratch/vcj9002/MagicPhysics/test_ball_and_block_collect/899/env/camera/cam_0,A physics simulation of a ball and block interaction (scene 899),,60
/scratch/vcj9002/MagicPhysics/test_ball_and_block_collect/9/env/camera/cam_0,A physics simulation of a ball and block interaction (scene 9),,61
/scratch/vcj9002/MagicPhysics/test_ball_and_block_collect/90/env/camera/cam_0,A physics simulation of a ball and block interaction (scene 90),,153
/scratch/vcj9002/MagicPhysics/test_ball_and_block_collect/900/env/camera/cam_0,A physics simulation of a ball and block interaction (scene 900),,95
/scratch/vcj9002/MagicPhysics/test_ball_and_block_collect/901/env/camera/cam_0,A physics simulation of a ball and block interaction (scene 901),,49
/scratch/vcj9002/MagicPhysics/test_ball_and_block_collect/902/env/camera/cam_0,A physics simulation of a ball and block interaction (scene 902),,49
/scratch/vcj9002/MagicPhysics/test_ball_and_block_collect/903/env/camera/cam_0,A physics simulation of a ball and block interaction (scene 903),,185
/scratch/vcj9002/MagicPhysics/test_ball_and_block_collect/904/env/camera/cam_0,A physics simulation of a ball and block interaction (scene 904),,138
/scratch/vcj9002/MagicPhysics/test_ball_and_block_collect/905/env/camera/cam_0,A physics simulation of a ball and block interaction (scene 905),,188
/scratch/vcj9002/MagicPhysics/test_ball_and_block_collect/906/env/camera/cam_0,A physics simulation of a ball and block interaction (scene 906),,49
/scratch/vcj9002/MagicPhysics/test_ball_and_block_collect/907/env/camera/cam_0,A physics simulation of a ball and block interaction (scene 907),,181
/scratch/vcj9002/MagicPhysics/test_ball_and_block_collect/908/env/camera/cam_0,A physics simulation of a ball and block interaction (scene 908),,49
/scratch/vcj9002/MagicPhysics/test_ball_and_block_collect/909/env/camera/cam_0,A physics simulation of a ball and block interaction (scene 909),,149
/scratch/vcj9002/MagicPhysics/test_ball_and_block_collect/91/env/camera/cam_0,A physics simulation of a ball and block interaction (scene 91),,131
/scratch/vcj9002/MagicPhysics/test_ball_and_block_collect/910/env/camera/cam_0,A physics simulation of a ball and block interaction (scene 910),,84
/scratch/vcj9002/MagicPhysics/test_ball_and_block_collect/911/env/camera/cam_0,A physics simulation of a ball and block interaction (scene 911),,49
/scratch/vcj9002/MagicPhysics/test_ball_and_block_collect/912/env/camera/cam_0,A physics simulation of a ball and block interaction (scene 912),,163
/scratch/vcj9002/MagicPhysics/test_ball_and_block_collect/913/env/camera/cam_0,A physics simulation of a ball and block interaction (scene 913),,49
/scratch/vcj9002/MagicPhysics/test_ball_and_block_collect/914/env/camera/cam_0,A physics simulation of a ball and block interaction (scene 914),,70
/scratch/vcj9002/MagicPhysics/test_ball_and_block_collect/915/env/camera/cam_0,A physics simulation of a ball and block interaction (scene 915),,49
/scratch/vcj9002/MagicPhysics/test_ball_and_block_collect/916/env/camera/cam_0,A physics simulation of a ball and block interaction (scene 916),,133
/scratch/vcj9002/MagicPhysics/test_ball_and_block_collect/917/env/camera/cam_0,A physics simulation of a ball and block interaction (scene 917),,141
/scratch/vcj9002/MagicPhysics/test_ball_and_block_collect/918/env/camera/cam_0,A physics simulation of a ball and block interaction (scene 918),,169
/scratch/vcj9002/MagicPhysics/test_ball_and_block_collect/919/env/camera/cam_0,A physics simulation of a ball and block interaction (scene 919),,71
/scratch/vcj9002/MagicPhysics/test_ball_and_block_collect/92/env/camera/cam_0,A physics simulation of a ball and block interaction (scene 92),,50
/scratch/vcj9002/MagicPhysics/test_ball_and_block_collect/920/env/camera/cam_0,A physics simulation of a ball and block interaction (scene 920),,138
/scratch/vcj9002/MagicPhysics/test_ball_and_block_collect/921/env/camera/cam_0,A physics simulation of a ball and block interaction (scene 921),,232
/scratch/vcj9002/MagicPhysics/test_ball_and_block_collect/922/env/camera/cam_0,A physics simulation of a ball and block interaction (scene 922),,149
/scratch/vcj9002/MagicPhysics/test_ball_and_block_collect/923/env/camera/cam_0,A physics simulation of a ball and block interaction (scene 923),,69
/scratch/vcj9002/MagicPhysics/test_ball_and_block_collect/924/env/camera/cam_0,A physics simulation of a ball and block interaction (scene 924),,61
/scratch/vcj9002/MagicPhysics/test_ball_and_block_collect/925/env/camera/cam_0,A physics simulation of a ball and block interaction (scene 925),,139
/scratch/vcj9002/MagicPhysics/test_ball_and_block_collect/926/env/camera/cam_0,A physics simulation of a ball and block interaction (scene 926),,69
/scratch/vcj9002/MagicPhysics/test_ball_and_block_collect/927/env/camera/cam_0,A physics simulation of a ball and block interaction (scene 927),,158
/scratch/vcj9002/MagicPhysics/test_ball_and_block_collect/928/env/camera/cam_0,A physics simulation of a ball and block interaction (scene 928),,49
/scratch/vcj9002/MagicPhysics/test_ball_and_block_collect/929/env/camera/cam_0,A physics simulation of a ball and block interaction (scene 929),,142
/scratch/vcj9002/MagicPhysics/test_ball_and_block_collect/93/env/camera/cam_0,A physics simulation of a ball and block interaction (scene 93),,154
/scratch/vcj9002/MagicPhysics/test_ball_and_block_collect/930/env/camera/cam_0,A physics simulation of a ball and block interaction (scene 930),,127
/scratch/vcj9002/MagicPhysics/test_ball_and_block_collect/931/env/camera/cam_0,A physics simulation of a ball and block interaction (scene 931),,126
/scratch/vcj9002/MagicPhysics/test_ball_and_block_collect/932/env/camera/cam_0,A physics simulation of a ball and block interaction (scene 932),,156
/scratch/vcj9002/MagicPhysics/test_ball_and_block_collect/933/env/camera/cam_0,A physics simulation of a ball and block interaction (scene 933),,148
/scratch/vcj9002/MagicPhysics/test_ball_and_block_collect/934/env/camera/cam_0,A physics simulation of a ball and block interaction (scene 934),,145
/scratch/vcj9002/MagicPhysics/test_ball_and_block_collect/935/env/camera/cam_0,A physics simulation of a ball and block interaction (scene 935),,50
/scratch/vcj9002/MagicPhysics/test_ball_and_block_collect/936/env/camera/cam_0,A physics simulation of a ball and block interaction (scene 936),,209
/scratch/vcj9002/MagicPhysics/test_ball_and_block_collect/937/env/camera/cam_0,A physics simulation of a ball and block interaction (scene 937),,149
/scratch/vcj9002/MagicPhysics/test_ball_and_block_collect/938/env/camera/cam_0,A physics simulation of a ball and block interaction (scene 938),,188
/scratch/vcj9002/MagicPhysics/test_ball_and_block_collect/939/env/camera/cam_0,A physics simulation of a ball and block interaction (scene 939),,191
/scratch/vcj9002/MagicPhysics/test_ball_and_block_collect/94/env/camera/cam_0,A physics simulation of a ball and block interaction (scene 94),,49
/scratch/vcj9002/MagicPhysics/test_ball_and_block_collect/940/env/camera/cam_0,A physics simulation of a ball and block interaction (scene 940),,151
/scratch/vcj9002/MagicPhysics/test_ball_and_block_collect/941/env/camera/cam_0,A physics simulation of a ball and block interaction (scene 941),,160
/scratch/vcj9002/MagicPhysics/test_ball_and_block_collect/942/env/camera/cam_0,A physics simulation of a ball and block interaction (scene 942),,71
/scratch/vcj9002/MagicPhysics/test_ball_and_block_collect/943/env/camera/cam_0,A physics simulation of a ball and block interaction (scene 943),,72
/scratch/vcj9002/MagicPhysics/test_ball_and_block_collect/944/env/camera/cam_0,A physics simulation of a ball and block interaction (scene 944),,210
/scratch/vcj9002/MagicPhysics/test_ball_and_block_collect/945/env/camera/cam_0,A physics simulation of a ball and block interaction (scene 945),,132
/scratch/vcj9002/MagicPhysics/test_ball_and_block_collect/946/env/camera/cam_0,A physics simulation of a ball and block interaction (scene 946),,70
/scratch/vcj9002/MagicPhysics/test_ball_and_block_collect/947/env/camera/cam_0,A physics simulation of a ball and block interaction (scene 947),,142
/scratch/vcj9002/MagicPhysics/test_ball_and_block_collect/948/env/camera/cam_0,A physics simulation of a ball and block interaction (scene 948),,60
/scratch/vcj9002/MagicPhysics/test_ball_and_block_collect/949/env/camera/cam_0,A physics simulation of a ball and block interaction (scene 949),,62
/scratch/vcj9002/MagicPhysics/test_ball_and_block_collect/95/env/camera/cam_0,A physics simulation of a ball and block interaction (scene 95),,146
/scratch/vcj9002/MagicPhysics/test_ball_and_block_collect/950/env/camera/cam_0,A physics simulation of a ball and block interaction (scene 950),,208
/scratch/vcj9002/MagicPhysics/test_ball_and_block_collect/951/env/camera/cam_0,A physics simulation of a ball and block interaction (scene 951),,49
/scratch/vcj9002/MagicPhysics/test_ball_and_block_collect/952/env/camera/cam_0,A physics simulation of a ball and block interaction (scene 952),,80
/scratch/vcj9002/MagicPhysics/test_ball_and_block_collect/953/env/camera/cam_0,A physics simulation of a ball and block interaction (scene 953),,98
/scratch/vcj9002/MagicPhysics/test_ball_and_block_collect/954/env/camera/cam_0,A physics simulation of a ball and block interaction (scene 954),,62
/scratch/vcj9002/MagicPhysics/test_ball_and_block_collect/955/env/camera/cam_0,A physics simulation of a ball and block interaction (scene 955),,61
/scratch/vcj9002/MagicPhysics/test_ball_and_block_collect/956/env/camera/cam_0,A physics simulation of a ball and block interaction (scene 956),,152
/scratch/vcj9002/MagicPhysics/test_ball_and_block_collect/957/env/camera/cam_0,A physics simulation of a ball and block interaction (scene 957),,156
/scratch/vcj9002/MagicPhysics/test_ball_and_block_collect/958/env/camera/cam_0,A physics simulation of a ball and block interaction (scene 958),,61
/scratch/vcj9002/MagicPhysics/test_ball_and_block_collect/959/env/camera/cam_0,A physics simulation of a ball and block interaction (scene 959),,139
/scratch/vcj9002/MagicPhysics/test_ball_and_block_collect/96/env/camera/cam_0,A physics simulation of a ball and block interaction (scene 96),,147
/scratch/vcj9002/MagicPhysics/test_ball_and_block_collect/960/env/camera/cam_0,A physics simulation of a ball and block interaction (scene 960),,166
/scratch/vcj9002/MagicPhysics/test_ball_and_block_collect/961/env/camera/cam_0,A physics simulation of a ball and block interaction (scene 961),,71
/scratch/vcj9002/MagicPhysics/test_ball_and_block_collect/962/env/camera/cam_0,A physics simulation of a ball and block interaction (scene 962),,71
/scratch/vcj9002/MagicPhysics/test_ball_and_block_collect/963/env/camera/cam_0,A physics simulation of a ball and block interaction (scene 963),,49
/scratch/vcj9002/MagicPhysics/test_ball_and_block_collect/964/env/camera/cam_0,A physics simulation of a ball and block interaction (scene 964),,61
/scratch/vcj9002/MagicPhysics/test_ball_and_block_collect/965/env/camera/cam_0,A physics simulation of a ball and block interaction (scene 965),,49
/scratch/vcj9002/MagicPhysics/test_ball_and_block_collect/966/env/camera/cam_0,A physics simulation of a ball and block interaction (scene 966),,206
/scratch/vcj9002/MagicPhysics/test_ball_and_block_collect/967/env/camera/cam_0,A physics simulation of a ball and block interaction (scene 967),,49
/scratch/vcj9002/MagicPhysics/test_ball_and_block_collect/968/env/camera/cam_0,A physics simulation of a ball and block interaction (scene 968),,127
/scratch/vcj9002/MagicPhysics/test_ball_and_block_collect/969/env/camera/cam_0,A physics simulation of a ball and block interaction (scene 969),,145
/scratch/vcj9002/MagicPhysics/test_ball_and_block_collect/97/env/camera/cam_0,A physics simulation of a ball and block interaction (scene 97),,163
/scratch/vcj9002/MagicPhysics/test_ball_and_block_collect/970/env/camera/cam_0,A physics simulation of a ball and block interaction (scene 970),,145
/scratch/vcj9002/MagicPhysics/test_ball_and_block_collect/971/env/camera/cam_0,A physics simulation of a ball and block interaction (scene 971),,49
/scratch/vcj9002/MagicPhysics/test_ball_and_block_collect/972/env/camera/cam_0,A physics simulation of a ball and block interaction (scene 972),,152
/scratch/vcj9002/MagicPhysics/test_ball_and_block_collect/973/env/camera/cam_0,A physics simulation of a ball and block interaction (scene 973),,50
/scratch/vcj9002/MagicPhysics/test_ball_and_block_collect/974/env/camera/cam_0,A physics simulation of a ball and block interaction (scene 974),,60
/scratch/vcj9002/MagicPhysics/test_ball_and_block_collect/975/env/camera/cam_0,A physics simulation of a ball and block interaction (scene 975),,139
/scratch/vcj9002/MagicPhysics/test_ball_and_block_collect/976/env/camera/cam_0,A physics simulation of a ball and block interaction (scene 976),,49
/scratch/vcj9002/MagicPhysics/test_ball_and_block_collect/977/env/camera/cam_0,A physics simulation of a ball and block interaction (scene 977),,231
/scratch/vcj9002/MagicPhysics/test_ball_and_block_collect/978/env/camera/cam_0,A physics simulation of a ball and block interaction (scene 978),,49
/scratch/vcj9002/MagicPhysics/test_ball_and_block_collect/979/env/camera/cam_0,A physics simulation of a ball and block interaction (scene 979),,232
/scratch/vcj9002/MagicPhysics/test_ball_and_block_collect/98/env/camera/cam_0,A physics simulation of a ball and block interaction (scene 98),,159
/scratch/vcj9002/MagicPhysics/test_ball_and_block_collect/980/env/camera/cam_0,A physics simulation of a ball and block interaction (scene 980),,49
/scratch/vcj9002/MagicPhysics/test_ball_and_block_collect/981/env/camera/cam_0,A physics simulation of a ball and block interaction (scene 981),,114
/scratch/vcj9002/MagicPhysics/test_ball_and_block_collect/982/env/camera/cam_0,A physics simulation of a ball and block interaction (scene 982),,60
/scratch/vcj9002/MagicPhysics/test_ball_and_block_collect/983/env/camera/cam_0,A physics simulation of a ball and block interaction (scene 983),,61
/scratch/vcj9002/MagicPhysics/test_ball_and_block_collect/984/env/camera/cam_0,A physics simulation of a ball and block interaction (scene 984),,158
/scratch/vcj9002/MagicPhysics/test_ball_and_block_collect/985/env/camera/cam_0,A physics simulation of a ball and block interaction (scene 985),,156
/scratch/vcj9002/MagicPhysics/test_ball_and_block_collect/986/env/camera/cam_0,A physics simulation of a ball and block interaction (scene 986),,50
/scratch/vcj9002/MagicPhysics/test_ball_and_block_collect/987/env/camera/cam_0,A physics simulation of a ball and block interaction (scene 987),,189
/scratch/vcj9002/MagicPhysics/test_ball_and_block_collect/988/env/camera/cam_0,A physics simulation of a ball and block interaction (scene 988),,145
/scratch/vcj9002/MagicPhysics/test_ball_and_block_collect/989/env/camera/cam_0,A physics simulation of a ball and block interaction (scene 989),,167
/scratch/vcj9002/MagicPhysics/test_ball_and_block_collect/99/env/camera/cam_0,A physics simulation of a ball and block interaction (scene 99),,133
/scratch/vcj9002/MagicPhysics/test_ball_and_block_collect/990/env/camera/cam_0,A physics simulation of a ball and block interaction (scene 990),,164
/scratch/vcj9002/MagicPhysics/test_ball_and_block_collect/991/env/camera/cam_0,A physics simulation of a ball and block interaction (scene 991),,223
/scratch/vcj9002/MagicPhysics/test_ball_and_block_collect/992/env/camera/cam_0,A physics simulation of a ball and block interaction (scene 992),,163
/scratch/vcj9002/MagicPhysics/test_ball_and_block_collect/993/env/camera/cam_0,A physics simulation of a ball and block interaction (scene 993),,160
/scratch/vcj9002/MagicPhysics/test_ball_and_block_collect/994/env/camera/cam_0,A physics simulation of a ball and block interaction (scene 994),,154
/scratch/vcj9002/MagicPhysics/test_ball_and_block_collect/995/env/camera/cam_0,A physics simulation of a ball and block interaction (scene 995),,163
/scratch/vcj9002/MagicPhysics/test_ball_and_block_collect/996/env/camera/cam_0,A physics simulation of a ball and block interaction (scene 996),,126
/scratch/vcj9002/MagicPhysics/test_ball_and_block_collect/997/env/camera/cam_0,A physics simulation of a ball and block interaction (scene 997),,151
/scratch/vcj9002/MagicPhysics/test_ball_and_block_collect/998/env/camera/cam_0,A physics simulation of a ball and block interaction (scene 998),,61
/scratch/vcj9002/MagicPhysics/test_ball_and_block_collect/999/env/camera/cam_0,A physics simulation of a ball and block interaction (scene 999),,129
/scratch/vcj9002/MagicPhysics/test_ball_collide_collect/0/env/camera/cam_0,A physics simulation showing balls colliding (scene 0),,44
/scratch/vcj9002/MagicPhysics/test_ball_collide_collect/1/env/camera/cam_0,A physics simulation showing balls colliding (scene 1),,44
/scratch/vcj9002/MagicPhysics/test_ball_collide_collect/10/env/camera/cam_0,A physics simulation showing balls colliding (scene 10),,34
/scratch/vcj9002/MagicPhysics/test_ball_collide_collect/100/env/camera/cam_0,A physics simulation showing balls colliding (scene 100),,69
/scratch/vcj9002/MagicPhysics/test_ball_collide_collect/1000/env/camera/cam_0,A physics simulation showing balls colliding (scene 1000),,62
/scratch/vcj9002/MagicPhysics/test_ball_collide_collect/1001/env/camera/cam_0,A physics simulation showing balls colliding (scene 1001),,60
/scratch/vcj9002/MagicPhysics/test_ball_collide_collect/1002/env/camera/cam_0,A physics simulation showing balls colliding (scene 1002),,43
/scratch/vcj9002/MagicPhysics/test_ball_collide_collect/1003/env/camera/cam_0,A physics simulation showing balls colliding (scene 1003),,43
/scratch/vcj9002/MagicPhysics/test_ball_collide_collect/1004/env/camera/cam_0,A physics simulation showing balls colliding (scene 1004),,81
/scratch/vcj9002/MagicPhysics/test_ball_collide_collect/1005/env/camera/cam_0,A physics simulation showing balls colliding (scene 1005),,97
/scratch/vcj9002/MagicPhysics/test_ball_collide_collect/1006/env/camera/cam_0,A physics simulation showing balls colliding (scene 1006),,32
/scratch/vcj9002/MagicPhysics/test_ball_collide_collect/101/env/camera/cam_0,A physics simulation showing balls colliding (scene 101),,69
/scratch/vcj9002/MagicPhysics/test_ball_collide_collect/102/env/camera/cam_0,A physics simulation showing balls colliding (scene 102),,82
/scratch/vcj9002/MagicPhysics/test_ball_collide_collect/103/env/camera/cam_0,A physics simulation showing balls colliding (scene 103),,82
/scratch/vcj9002/MagicPhysics/test_ball_collide_collect/104/env/camera/cam_0,A physics simulation showing balls colliding (scene 104),,55
/scratch/vcj9002/MagicPhysics/test_ball_collide_collect/105/env/camera/cam_0,A physics simulation showing balls colliding (scene 105),,55
/scratch/vcj9002/MagicPhysics/test_ball_collide_collect/106/env/camera/cam_0,A physics simulation showing balls colliding (scene 106),,57
/scratch/vcj9002/MagicPhysics/test_ball_collide_collect/107/env/camera/cam_0,A physics simulation showing balls colliding (scene 107),,41
/scratch/vcj9002/MagicPhysics/test_ball_collide_collect/108/env/camera/cam_0,A physics simulation showing balls colliding (scene 108),,41
/scratch/vcj9002/MagicPhysics/test_ball_collide_collect/109/env/camera/cam_0,A physics simulation showing balls colliding (scene 109),,41
/scratch/vcj9002/MagicPhysics/test_ball_collide_collect/11/env/camera/cam_0,A physics simulation showing balls colliding (scene 11),,45
/scratch/vcj9002/MagicPhysics/test_ball_collide_collect/110/env/camera/cam_0,A physics simulation showing balls colliding (scene 110),,57
/scratch/vcj9002/MagicPhysics/test_ball_collide_collect/111/env/camera/cam_0,A physics simulation showing balls colliding (scene 111),,82
/scratch/vcj9002/MagicPhysics/test_ball_collide_collect/112/env/camera/cam_0,A physics simulation showing balls colliding (scene 112),,42
/scratch/vcj9002/MagicPhysics/test_ball_collide_collect/113/env/camera/cam_0,A physics simulation showing balls colliding (scene 113),,54
/scratch/vcj9002/MagicPhysics/test_ball_collide_collect/114/env/camera/cam_0,A physics simulation showing balls colliding (scene 114),,54
/scratch/vcj9002/MagicPhysics/test_ball_collide_collect/115/env/camera/cam_0,A physics simulation showing balls colliding (scene 115),,69
/scratch/vcj9002/MagicPhysics/test_ball_collide_collect/116/env/camera/cam_0,A physics simulation showing balls colliding (scene 116),,69
/scratch/vcj9002/MagicPhysics/test_ball_collide_collect/117/env/camera/cam_0,A physics simulation showing balls colliding (scene 117),,51
/scratch/vcj9002/MagicPhysics/test_ball_collide_collect/118/env/camera/cam_0,A physics simulation showing balls colliding (scene 118),,48
/scratch/vcj9002/MagicPhysics/test_ball_collide_collect/119/env/camera/cam_0,A physics simulation showing balls colliding (scene 119),,83
/scratch/vcj9002/MagicPhysics/test_ball_collide_collect/12/env/camera/cam_0,A physics simulation showing balls colliding (scene 12),,70
/scratch/vcj9002/MagicPhysics/test_ball_collide_collect/120/env/camera/cam_0,A physics simulation showing balls colliding (scene 120),,83
/scratch/vcj9002/MagicPhysics/test_ball_collide_collect/121/env/camera/cam_0,A physics simulation showing balls colliding (scene 121),,58
/scratch/vcj9002/MagicPhysics/test_ball_collide_collect/122/env/camera/cam_0,A physics simulation showing balls colliding (scene 122),,58
/scratch/vcj9002/MagicPhysics/test_ball_collide_collect/123/env/camera/cam_0,A physics simulation showing balls colliding (scene 123),,76
/scratch/vcj9002/MagicPhysics/test_ball_collide_collect/124/env/camera/cam_0,A physics simulation showing balls colliding (scene 124),,66
/scratch/vcj9002/MagicPhysics/test_ball_collide_collect/125/env/camera/cam_0,A physics simulation showing balls colliding (scene 125),,66
/scratch/vcj9002/MagicPhysics/test_ball_collide_collect/126/env/camera/cam_0,A physics simulation showing balls colliding (scene 126),,87
/scratch/vcj9002/MagicPhysics/test_ball_collide_collect/127/env/camera/cam_0,A physics simulation showing balls colliding (scene 127),,89
/scratch/vcj9002/MagicPhysics/test_ball_collide_collect/128/env/camera/cam_0,A physics simulation showing balls colliding (scene 128),,89
/scratch/vcj9002/MagicPhysics/test_ball_collide_collect/129/env/camera/cam_0,A physics simulation showing balls colliding (scene 129),,72
/scratch/vcj9002/MagicPhysics/test_ball_collide_collect/13/env/camera/cam_0,A physics simulation showing balls colliding (scene 13),,70
/scratch/vcj9002/MagicPhysics/test_ball_collide_collect/130/env/camera/cam_0,A physics simulation showing balls colliding (scene 130),,72
/scratch/vcj9002/MagicPhysics/test_ball_collide_collect/131/env/camera/cam_0,A physics simulation showing balls colliding (scene 131),,67
/scratch/vcj9002/MagicPhysics/test_ball_collide_collect/132/env/camera/cam_0,A physics simulation showing balls colliding (scene 132),,74
/scratch/vcj9002/MagicPhysics/test_ball_collide_collect/133/env/camera/cam_0,A physics simulation showing balls colliding (scene 133),,41
/scratch/vcj9002/MagicPhysics/test_ball_collide_collect/134/env/camera/cam_0,A physics simulation showing balls colliding (scene 134),,76
/scratch/vcj9002/MagicPhysics/test_ball_collide_collect/135/env/camera/cam_0,A physics simulation showing balls colliding (scene 135),,41
/scratch/vcj9002/MagicPhysics/test_ball_collide_collect/136/env/camera/cam_0,A physics simulation showing balls colliding (scene 136),,87
/scratch/vcj9002/MagicPhysics/test_ball_collide_collect/137/env/camera/cam_0,A physics simulation showing balls colliding (scene 137),,78
/scratch/vcj9002/MagicPhysics/test_ball_collide_collect/138/env/camera/cam_0,A physics simulation showing balls colliding (scene 138),,78
/scratch/vcj9002/MagicPhysics/test_ball_collide_collect/139/env/camera/cam_0,A physics simulation showing balls colliding (scene 139),,109
/scratch/vcj9002/MagicPhysics/test_ball_collide_collect/14/env/camera/cam_0,A physics simulation showing balls colliding (scene 14),,63
/scratch/vcj9002/MagicPhysics/test_ball_collide_collect/140/env/camera/cam_0,A physics simulation showing balls colliding (scene 140),,109
/scratch/vcj9002/MagicPhysics/test_ball_collide_collect/141/env/camera/cam_0,A physics simulation showing balls colliding (scene 141),,40
/scratch/vcj9002/MagicPhysics/test_ball_collide_collect/142/env/camera/cam_0,A physics simulation showing balls colliding (scene 142),,52
/scratch/vcj9002/MagicPhysics/test_ball_collide_collect/143/env/camera/cam_0,A physics simulation showing balls colliding (scene 143),,51
/scratch/vcj9002/MagicPhysics/test_ball_collide_collect/144/env/camera/cam_0,A physics simulation showing balls colliding (scene 144),,40
/scratch/vcj9002/MagicPhysics/test_ball_collide_collect/145/env/camera/cam_0,A physics simulation showing balls colliding (scene 145),,52
/scratch/vcj9002/MagicPhysics/test_ball_collide_collect/146/env/camera/cam_0,A physics simulation showing balls colliding (scene 146),,52
/scratch/vcj9002/MagicPhysics/test_ball_collide_collect/147/env/camera/cam_0,A physics simulation showing balls colliding (scene 147),,52
/scratch/vcj9002/MagicPhysics/test_ball_collide_collect/148/env/camera/cam_0,A physics simulation showing balls colliding (scene 148),,67
/scratch/vcj9002/MagicPhysics/test_ball_collide_collect/149/env/camera/cam_0,A physics simulation showing balls colliding (scene 149),,67
/scratch/vcj9002/MagicPhysics/test_ball_collide_collect/15/env/camera/cam_0,A physics simulation showing balls colliding (scene 15),,71
/scratch/vcj9002/MagicPhysics/test_ball_collide_collect/150/env/camera/cam_0,A physics simulation showing balls colliding (scene 150),,47
/scratch/vcj9002/MagicPhysics/test_ball_collide_collect/151/env/camera/cam_0,A physics simulation showing balls colliding (scene 151),,76
/scratch/vcj9002/MagicPhysics/test_ball_collide_collect/152/env/camera/cam_0,A physics simulation showing balls colliding (scene 152),,76
/scratch/vcj9002/MagicPhysics/test_ball_collide_collect/153/env/camera/cam_0,A physics simulation showing balls colliding (scene 153),,51
/scratch/vcj9002/MagicPhysics/test_ball_collide_collect/154/env/camera/cam_0,A physics simulation showing balls colliding (scene 154),,46
/scratch/vcj9002/MagicPhysics/test_ball_collide_collect/155/env/camera/cam_0,A physics simulation showing balls colliding (scene 155),,46
/scratch/vcj9002/MagicPhysics/test_ball_collide_collect/156/env/camera/cam_0,A physics simulation showing balls colliding (scene 156),,67
/scratch/vcj9002/MagicPhysics/test_ball_collide_collect/157/env/camera/cam_0,A physics simulation showing balls colliding (scene 157),,40
/scratch/vcj9002/MagicPhysics/test_ball_collide_collect/158/env/camera/cam_0,A physics simulation showing balls colliding (scene 158),,73
/scratch/vcj9002/MagicPhysics/test_ball_collide_collect/159/env/camera/cam_0,A physics simulation showing balls colliding (scene 159),,44
/scratch/vcj9002/MagicPhysics/test_ball_collide_collect/16/env/camera/cam_0,A physics simulation showing balls colliding (scene 16),,71
/scratch/vcj9002/MagicPhysics/test_ball_collide_collect/160/env/camera/cam_0,A physics simulation showing balls colliding (scene 160),,44
/scratch/vcj9002/MagicPhysics/test_ball_collide_collect/161/env/camera/cam_0,A physics simulation showing balls colliding (scene 161),,96
/scratch/vcj9002/MagicPhysics/test_ball_collide_collect/162/env/camera/cam_0,A physics simulation showing balls colliding (scene 162),,96
/scratch/vcj9002/MagicPhysics/test_ball_collide_collect/163/env/camera/cam_0,A physics simulation showing balls colliding (scene 163),,69
/scratch/vcj9002/MagicPhysics/test_ball_collide_collect/164/env/camera/cam_0,A physics simulation showing balls colliding (scene 164),,47
/scratch/vcj9002/MagicPhysics/test_ball_collide_collect/165/env/camera/cam_0,A physics simulation showing balls colliding (scene 165),,47
/scratch/vcj9002/MagicPhysics/test_ball_collide_collect/166/env/camera/cam_0,A physics simulation showing balls colliding (scene 166),,69
/scratch/vcj9002/MagicPhysics/test_ball_collide_collect/167/env/camera/cam_0,A physics simulation showing balls colliding (scene 167),,63
/scratch/vcj9002/MagicPhysics/test_ball_collide_collect/168/env/camera/cam_0,A physics simulation showing balls colliding (scene 168),,68
/scratch/vcj9002/MagicPhysics/test_ball_collide_collect/169/env/camera/cam_0,A physics simulation showing balls colliding (scene 169),,95
/scratch/vcj9002/MagicPhysics/test_ball_collide_collect/17/env/camera/cam_0,A physics simulation showing balls colliding (scene 17),,47
/scratch/vcj9002/MagicPhysics/test_ball_collide_collect/170/env/camera/cam_0,A physics simulation showing balls colliding (scene 170),,95
/scratch/vcj9002/MagicPhysics/test_ball_collide_collect/171/env/camera/cam_0,A physics simulation showing balls colliding (scene 171),,35
/scratch/vcj9002/MagicPhysics/test_ball_collide_collect/172/env/camera/cam_0,A physics simulation showing balls colliding (scene 172),,35
/scratch/vcj9002/MagicPhysics/test_ball_collide_collect/173/env/camera/cam_0,A physics simulation showing balls colliding (scene 173),,35
/scratch/vcj9002/MagicPhysics/test_ball_collide_collect/174/env/camera/cam_0,A physics simulation showing balls colliding (scene 174),,64
/scratch/vcj9002/MagicPhysics/test_ball_collide_collect/175/env/camera/cam_0,A physics simulation showing balls colliding (scene 175),,64
/scratch/vcj9002/MagicPhysics/test_ball_collide_collect/176/env/camera/cam_0,A physics simulation showing balls colliding (scene 176),,67
/scratch/vcj9002/MagicPhysics/test_ball_collide_collect/177/env/camera/cam_0,A physics simulation showing balls colliding (scene 177),,42
/scratch/vcj9002/MagicPhysics/test_ball_collide_collect/178/env/camera/cam_0,A physics simulation showing balls colliding (scene 178),,42
/scratch/vcj9002/MagicPhysics/test_ball_collide_collect/179/env/camera/cam_0,A physics simulation showing balls colliding (scene 179),,50
/scratch/vcj9002/MagicPhysics/test_ball_collide_collect/18/env/camera/cam_0,A physics simulation showing balls colliding (scene 18),,81
/scratch/vcj9002/MagicPhysics/test_ball_collide_collect/180/env/camera/cam_0,A physics simulation showing balls colliding (scene 180),,69
/scratch/vcj9002/MagicPhysics/test_ball_collide_collect/181/env/camera/cam_0,A physics simulation showing balls colliding (scene 181),,40
/scratch/vcj9002/MagicPhysics/test_ball_collide_collect/182/env/camera/cam_0,A physics simulation showing balls colliding (scene 182),,45
/scratch/vcj9002/MagicPhysics/test_ball_collide_collect/183/env/camera/cam_0,A physics simulation showing balls colliding (scene 183),,45
/scratch/vcj9002/MagicPhysics/test_ball_collide_collect/184/env/camera/cam_0,A physics simulation showing balls colliding (scene 184),,40
/scratch/vcj9002/MagicPhysics/test_ball_collide_collect/185/env/camera/cam_0,A physics simulation showing balls colliding (scene 185),,46
/scratch/vcj9002/MagicPhysics/test_ball_collide_collect/186/env/camera/cam_0,A physics simulation showing balls colliding (scene 186),,46
/scratch/vcj9002/MagicPhysics/test_ball_collide_collect/187/env/camera/cam_0,A physics simulation showing balls colliding (scene 187),,72
/scratch/vcj9002/MagicPhysics/test_ball_collide_collect/188/env/camera/cam_0,A physics simulation showing balls colliding (scene 188),,72
/scratch/vcj9002/MagicPhysics/test_ball_collide_collect/189/env/camera/cam_0,A physics simulation showing balls colliding (scene 189),,41
/scratch/vcj9002/MagicPhysics/test_ball_collide_collect/19/env/camera/cam_0,A physics simulation showing balls colliding (scene 19),,81
/scratch/vcj9002/MagicPhysics/test_ball_collide_collect/190/env/camera/cam_0,A physics simulation showing balls colliding (scene 190),,42
/scratch/vcj9002/MagicPhysics/test_ball_collide_collect/191/env/camera/cam_0,A physics simulation showing balls colliding (scene 191),,45
/scratch/vcj9002/MagicPhysics/test_ball_collide_collect/192/env/camera/cam_0,A physics simulation showing balls colliding (scene 192),,45
/scratch/vcj9002/MagicPhysics/test_ball_collide_collect/193/env/camera/cam_0,A physics simulation showing balls colliding (scene 193),,81
/scratch/vcj9002/MagicPhysics/test_ball_collide_collect/194/env/camera/cam_0,A physics simulation showing balls colliding (scene 194),,46
/scratch/vcj9002/MagicPhysics/test_ball_collide_collect/195/env/camera/cam_0,A physics simulation showing balls colliding (scene 195),,46
/scratch/vcj9002/MagicPhysics/test_ball_collide_collect/196/env/camera/cam_0,A physics simulation showing balls colliding (scene 196),,40
/scratch/vcj9002/MagicPhysics/test_ball_collide_collect/197/env/camera/cam_0,A physics simulation showing balls colliding (scene 197),,48
/scratch/vcj9002/MagicPhysics/test_ball_collide_collect/198/env/camera/cam_0,A physics simulation showing balls colliding (scene 198),,48
/scratch/vcj9002/MagicPhysics/test_ball_collide_collect/199/env/camera/cam_0,A physics simulation showing balls colliding (scene 199),,62
/scratch/vcj9002/MagicPhysics/test_ball_collide_collect/2/env/camera/cam_0,A physics simulation showing balls colliding (scene 2),,52
/scratch/vcj9002/MagicPhysics/test_ball_collide_collect/20/env/camera/cam_0,A physics simulation showing balls colliding (scene 20),,84
/scratch/vcj9002/MagicPhysics/test_ball_collide_collect/200/env/camera/cam_0,A physics simulation showing balls colliding (scene 200),,43
/scratch/vcj9002/MagicPhysics/test_ball_collide_collect/201/env/camera/cam_0,A physics simulation showing balls colliding (scene 201),,43
/scratch/vcj9002/MagicPhysics/test_ball_collide_collect/202/env/camera/cam_0,A physics simulation showing balls colliding (scene 202),,41
/scratch/vcj9002/MagicPhysics/test_ball_collide_collect/203/env/camera/cam_0,A physics simulation showing balls colliding (scene 203),,42
/scratch/vcj9002/MagicPhysics/test_ball_collide_collect/204/env/camera/cam_0,A physics simulation showing balls colliding (scene 204),,42
/scratch/vcj9002/MagicPhysics/test_ball_collide_collect/205/env/camera/cam_0,A physics simulation showing balls colliding (scene 205),,62
/scratch/vcj9002/MagicPhysics/test_ball_collide_collect/206/env/camera/cam_0,A physics simulation showing balls colliding (scene 206),,53
/scratch/vcj9002/MagicPhysics/test_ball_collide_collect/207/env/camera/cam_0,A physics simulation showing balls colliding (scene 207),,53
/scratch/vcj9002/MagicPhysics/test_ball_collide_collect/208/env/camera/cam_0,A physics simulation showing balls colliding (scene 208),,93
/scratch/vcj9002/MagicPhysics/test_ball_collide_collect/209/env/camera/cam_0,A physics simulation showing balls colliding (scene 209),,58
/scratch/vcj9002/MagicPhysics/test_ball_collide_collect/21/env/camera/cam_0,A physics simulation showing balls colliding (scene 21),,47
/scratch/vcj9002/MagicPhysics/test_ball_collide_collect/210/env/camera/cam_0,A physics simulation showing balls colliding (scene 210),,93
/scratch/vcj9002/MagicPhysics/test_ball_collide_collect/211/env/camera/cam_0,A physics simulation showing balls colliding (scene 211),,93
/scratch/vcj9002/MagicPhysics/test_ball_collide_collect/212/env/camera/cam_0,A physics simulation showing balls colliding (scene 212),,52
/scratch/vcj9002/MagicPhysics/test_ball_collide_collect/213/env/camera/cam_0,A physics simulation showing balls colliding (scene 213),,52
/scratch/vcj9002/MagicPhysics/test_ball_collide_collect/214/env/camera/cam_0,A physics simulation showing balls colliding (scene 214),,50
/scratch/vcj9002/MagicPhysics/test_ball_collide_collect/215/env/camera/cam_0,A physics simulation showing balls colliding (scene 215),,71
/scratch/vcj9002/MagicPhysics/test_ball_collide_collect/216/env/camera/cam_0,A physics simulation showing balls colliding (scene 216),,49
/scratch/vcj9002/MagicPhysics/test_ball_collide_collect/217/env/camera/cam_0,A physics simulation showing balls colliding (scene 217),,71
/scratch/vcj9002/MagicPhysics/test_ball_collide_collect/218/env/camera/cam_0,A physics simulation showing balls colliding (scene 218),,71
/scratch/vcj9002/MagicPhysics/test_ball_collide_collect/219/env/camera/cam_0,A physics simulation showing balls colliding (scene 219),,69
/scratch/vcj9002/MagicPhysics/test_ball_collide_collect/22/env/camera/cam_0,A physics simulation showing balls colliding (scene 22),,36
/scratch/vcj9002/MagicPhysics/test_ball_collide_collect/220/env/camera/cam_0,A physics simulation showing balls colliding (scene 220),,46
/scratch/vcj9002/MagicPhysics/test_ball_collide_collect/221/env/camera/cam_0,A physics simulation showing balls colliding (scene 221),,46
/scratch/vcj9002/MagicPhysics/test_ball_collide_collect/222/env/camera/cam_0,A physics simulation showing balls colliding (scene 222),,46
/scratch/vcj9002/MagicPhysics/test_ball_collide_collect/223/env/camera/cam_0,A physics simulation showing balls colliding (scene 223),,69
/scratch/vcj9002/MagicPhysics/test_ball_collide_collect/224/env/camera/cam_0,A physics simulation showing balls colliding (scene 224),,80
/scratch/vcj9002/MagicPhysics/test_ball_collide_collect/225/env/camera/cam_0,A physics simulation showing balls colliding (scene 225),,80
/scratch/vcj9002/MagicPhysics/test_ball_collide_collect/226/env/camera/cam_0,A physics simulation showing balls colliding (scene 226),,68
/scratch/vcj9002/MagicPhysics/test_ball_collide_collect/227/env/camera/cam_0,A physics simulation showing balls colliding (scene 227),,68
/scratch/vcj9002/MagicPhysics/test_ball_collide_collect/228/env/camera/cam_0,A physics simulation showing balls colliding (scene 228),,79
/scratch/vcj9002/MagicPhysics/test_ball_collide_collect/229/env/camera/cam_0,A physics simulation showing balls colliding (scene 229),,85
/scratch/vcj9002/MagicPhysics/test_ball_collide_collect/23/env/camera/cam_0,A physics simulation showing balls colliding (scene 23),,36
/scratch/vcj9002/MagicPhysics/test_ball_collide_collect/230/env/camera/cam_0,A physics simulation showing balls colliding (scene 230),,68
/scratch/vcj9002/MagicPhysics/test_ball_collide_collect/231/env/camera/cam_0,A physics simulation showing balls colliding (scene 231),,68
/scratch/vcj9002/MagicPhysics/test_ball_collide_collect/232/env/camera/cam_0,A physics simulation showing balls colliding (scene 232),,62
/scratch/vcj9002/MagicPhysics/test_ball_collide_collect/233/env/camera/cam_0,A physics simulation showing balls colliding (scene 233),,42
/scratch/vcj9002/MagicPhysics/test_ball_collide_collect/234/env/camera/cam_0,A physics simulation showing balls colliding (scene 234),,42
/scratch/vcj9002/MagicPhysics/test_ball_collide_collect/235/env/camera/cam_0,A physics simulation showing balls colliding (scene 235),,65
/scratch/vcj9002/MagicPhysics/test_ball_collide_collect/236/env/camera/cam_0,A physics simulation showing balls colliding (scene 236),,58
/scratch/vcj9002/MagicPhysics/test_ball_collide_collect/237/env/camera/cam_0,A physics simulation showing balls colliding (scene 237),,58
/scratch/vcj9002/MagicPhysics/test_ball_collide_collect/238/env/camera/cam_0,A physics simulation showing balls colliding (scene 238),,51
/scratch/vcj9002/MagicPhysics/test_ball_collide_collect/239/env/camera/cam_0,A physics simulation showing balls colliding (scene 239),,58
/scratch/vcj9002/MagicPhysics/test_ball_collide_collect/24/env/camera/cam_0,A physics simulation showing balls colliding (scene 24),,58
/scratch/vcj9002/MagicPhysics/test_ball_collide_collect/240/env/camera/cam_0,A physics simulation showing balls colliding (scene 240),,41
/scratch/vcj9002/MagicPhysics/test_ball_collide_collect/241/env/camera/cam_0,A physics simulation showing balls colliding (scene 241),,41
/scratch/vcj9002/MagicPhysics/test_ball_collide_collect/242/env/camera/cam_0,A physics simulation showing balls colliding (scene 242),,44
/scratch/vcj9002/MagicPhysics/test_ball_collide_collect/243/env/camera/cam_0,A physics simulation showing balls colliding (scene 243),,68
/scratch/vcj9002/MagicPhysics/test_ball_collide_collect/244/env/camera/cam_0,A physics simulation showing balls colliding (scene 244),,68
/scratch/vcj9002/MagicPhysics/test_ball_collide_collect/245/env/camera/cam_0,A physics simulation showing balls colliding (scene 245),,74
/scratch/vcj9002/MagicPhysics/test_ball_collide_collect/246/env/camera/cam_0,A physics simulation showing balls colliding (scene 246),,74
/scratch/vcj9002/MagicPhysics/test_ball_collide_collect/247/env/camera/cam_0,A physics simulation showing balls colliding (scene 247),,61
/scratch/vcj9002/MagicPhysics/test_ball_collide_collect/248/env/camera/cam_0,A physics simulation showing balls colliding (scene 248),,84
/scratch/vcj9002/MagicPhysics/test_ball_collide_collect/249/env/camera/cam_0,A physics simulation showing balls colliding (scene 249),,58
/scratch/vcj9002/MagicPhysics/test_ball_collide_collect/25/env/camera/cam_0,A physics simulation showing balls colliding (scene 25),,58
/scratch/vcj9002/MagicPhysics/test_ball_collide_collect/250/env/camera/cam_0,A physics simulation showing balls colliding (scene 250),,42
/scratch/vcj9002/MagicPhysics/test_ball_collide_collect/251/env/camera/cam_0,A physics simulation showing balls colliding (scene 251),,42
/scratch/vcj9002/MagicPhysics/test_ball_collide_collect/252/env/camera/cam_0,A physics simulation showing balls colliding (scene 252),,57
/scratch/vcj9002/MagicPhysics/test_ball_collide_collect/253/env/camera/cam_0,A physics simulation showing balls colliding (scene 253),,40
/scratch/vcj9002/MagicPhysics/test_ball_collide_collect/254/env/camera/cam_0,A physics simulation showing balls colliding (scene 254),,72
/scratch/vcj9002/MagicPhysics/test_ball_collide_collect/255/env/camera/cam_0,A physics simulation showing balls colliding (scene 255),,57
/scratch/vcj9002/MagicPhysics/test_ball_collide_collect/256/env/camera/cam_0,A physics simulation showing balls colliding (scene 256),,57
/scratch/vcj9002/MagicPhysics/test_ball_collide_collect/257/env/camera/cam_0,A physics simulation showing balls colliding (scene 257),,42
/scratch/vcj9002/MagicPhysics/test_ball_collide_collect/258/env/camera/cam_0,A physics simulation showing balls colliding (scene 258),,100
/scratch/vcj9002/MagicPhysics/test_ball_collide_collect/259/env/camera/cam_0,A physics simulation showing balls colliding (scene 259),,100
/scratch/vcj9002/MagicPhysics/test_ball_collide_collect/26/env/camera/cam_0,A physics simulation showing balls colliding (scene 26),,56
/scratch/vcj9002/MagicPhysics/test_ball_collide_collect/260/env/camera/cam_0,A physics simulation showing balls colliding (scene 260),,69
/scratch/vcj9002/MagicPhysics/test_ball_collide_collect/261/env/camera/cam_0,A physics simulation showing balls colliding (scene 261),,52
/scratch/vcj9002/MagicPhysics/test_ball_collide_collect/262/env/camera/cam_0,A physics simulation showing balls colliding (scene 262),,105
/scratch/vcj9002/MagicPhysics/test_ball_collide_collect/263/env/camera/cam_0,A physics simulation showing balls colliding (scene 263),,105
/scratch/vcj9002/MagicPhysics/test_ball_collide_collect/264/env/camera/cam_0,A physics simulation showing balls colliding (scene 264),,35
/scratch/vcj9002/MagicPhysics/test_ball_collide_collect/265/env/camera/cam_0,A physics simulation showing balls colliding (scene 265),,35
/scratch/vcj9002/MagicPhysics/test_ball_collide_collect/266/env/camera/cam_0,A physics simulation showing balls colliding (scene 266),,46
/scratch/vcj9002/MagicPhysics/test_ball_collide_collect/267/env/camera/cam_0,A physics simulation showing balls colliding (scene 267),,46
/scratch/vcj9002/MagicPhysics/test_ball_collide_collect/268/env/camera/cam_0,A physics simulation showing balls colliding (scene 268),,47
/scratch/vcj9002/MagicPhysics/test_ball_collide_collect/269/env/camera/cam_0,A physics simulation showing balls colliding (scene 269),,48
/scratch/vcj9002/MagicPhysics/test_ball_collide_collect/27/env/camera/cam_0,A physics simulation showing balls colliding (scene 27),,71
/scratch/vcj9002/MagicPhysics/test_ball_collide_collect/270/env/camera/cam_0,A physics simulation showing balls colliding (scene 270),,73
/scratch/vcj9002/MagicPhysics/test_ball_collide_collect/271/env/camera/cam_0,A physics simulation showing balls colliding (scene 271),,83
/scratch/vcj9002/MagicPhysics/test_ball_collide_collect/272/env/camera/cam_0,A physics simulation showing balls colliding (scene 272),,61
/scratch/vcj9002/MagicPhysics/test_ball_collide_collect/273/env/camera/cam_0,A physics simulation showing balls colliding (scene 273),,61
/scratch/vcj9002/MagicPhysics/test_ball_collide_collect/274/env/camera/cam_0,A physics simulation showing balls colliding (scene 274),,70
/scratch/vcj9002/MagicPhysics/test_ball_collide_collect/275/env/camera/cam_0,A physics simulation showing balls colliding (scene 275),,70
/scratch/vcj9002/MagicPhysics/test_ball_collide_collect/276/env/camera/cam_0,A physics simulation showing balls colliding (scene 276),,91
/scratch/vcj9002/MagicPhysics/test_ball_collide_collect/277/env/camera/cam_0,A physics simulation showing balls colliding (scene 277),,91
/scratch/vcj9002/MagicPhysics/test_ball_collide_collect/278/env/camera/cam_0,A physics simulation showing balls colliding (scene 278),,53
/scratch/vcj9002/MagicPhysics/test_ball_collide_collect/279/env/camera/cam_0,A physics simulation showing balls colliding (scene 279),,62
/scratch/vcj9002/MagicPhysics/test_ball_collide_collect/28/env/camera/cam_0,A physics simulation showing balls colliding (scene 28),,51
/scratch/vcj9002/MagicPhysics/test_ball_collide_collect/280/env/camera/cam_0,A physics simulation showing balls colliding (scene 280),,81
/scratch/vcj9002/MagicPhysics/test_ball_collide_collect/281/env/camera/cam_0,A physics simulation showing balls colliding (scene 281),,39
/scratch/vcj9002/MagicPhysics/test_ball_collide_collect/282/env/camera/cam_0,A physics simulation showing balls colliding (scene 282),,43
/scratch/vcj9002/MagicPhysics/test_ball_collide_collect/283/env/camera/cam_0,A physics simulation showing balls colliding (scene 283),,43
/scratch/vcj9002/MagicPhysics/test_ball_collide_collect/284/env/camera/cam_0,A physics simulation showing balls colliding (scene 284),,50
/scratch/vcj9002/MagicPhysics/test_ball_collide_collect/285/env/camera/cam_0,A physics simulation showing balls colliding (scene 285),,61
/scratch/vcj9002/MagicPhysics/test_ball_collide_collect/286/env/camera/cam_0,A physics simulation showing balls colliding (scene 286),,53
/scratch/vcj9002/MagicPhysics/test_ball_collide_collect/287/env/camera/cam_0,A physics simulation showing balls colliding (scene 287),,73
/scratch/vcj9002/MagicPhysics/test_ball_collide_collect/288/env/camera/cam_0,A physics simulation showing balls colliding (scene 288),,73
/scratch/vcj9002/MagicPhysics/test_ball_collide_collect/289/env/camera/cam_0,A physics simulation showing balls colliding (scene 289),,70
/scratch/vcj9002/MagicPhysics/test_ball_collide_collect/29/env/camera/cam_0,A physics simulation showing balls colliding (scene 29),,40
/scratch/vcj9002/MagicPhysics/test_ball_collide_collect/290/env/camera/cam_0,A physics simulation showing balls colliding (scene 290),,110
/scratch/vcj9002/MagicPhysics/test_ball_collide_collect/291/env/camera/cam_0,A physics simulation showing balls colliding (scene 291),,110
/scratch/vcj9002/MagicPhysics/test_ball_collide_collect/292/env/camera/cam_0,A physics simulation showing balls colliding (scene 292),,38
/scratch/vcj9002/MagicPhysics/test_ball_collide_collect/293/env/camera/cam_0,A physics simulation showing balls colliding (scene 293),,44
/scratch/vcj9002/MagicPhysics/test_ball_collide_collect/294/env/camera/cam_0,A physics simulation showing balls colliding (scene 294),,39
/scratch/vcj9002/MagicPhysics/test_ball_collide_collect/295/env/camera/cam_0,A physics simulation showing balls colliding (scene 295),,39
/scratch/vcj9002/MagicPhysics/test_ball_collide_collect/296/env/camera/cam_0,A physics simulation showing balls colliding (scene 296),,41
/scratch/vcj9002/MagicPhysics/test_ball_collide_collect/297/env/camera/cam_0,A physics simulation showing balls colliding (scene 297),,55
/scratch/vcj9002/MagicPhysics/test_ball_collide_collect/298/env/camera/cam_0,A physics simulation showing balls colliding (scene 298),,39
/scratch/vcj9002/MagicPhysics/test_ball_collide_collect/299/env/camera/cam_0,A physics simulation showing balls colliding (scene 299),,39
/scratch/vcj9002/MagicPhysics/test_ball_collide_collect/3/env/camera/cam_0,A physics simulation showing balls colliding (scene 3),,52
/scratch/vcj9002/MagicPhysics/test_ball_collide_collect/30/env/camera/cam_0,A physics simulation showing balls colliding (scene 30),,40
/scratch/vcj9002/MagicPhysics/test_ball_collide_collect/300/env/camera/cam_0,A physics simulation showing balls colliding (scene 300),,95
/scratch/vcj9002/MagicPhysics/test_ball_collide_collect/301/env/camera/cam_0,A physics simulation showing balls colliding (scene 301),,95
/scratch/vcj9002/MagicPhysics/test_ball_collide_collect/302/env/camera/cam_0,A physics simulation showing balls colliding (scene 302),,49
/scratch/vcj9002/MagicPhysics/test_ball_collide_collect/303/env/camera/cam_0,A physics simulation showing balls colliding (scene 303),,43
/scratch/vcj9002/MagicPhysics/test_ball_collide_collect/304/env/camera/cam_0,A physics simulation showing balls colliding (scene 304),,70
/scratch/vcj9002/MagicPhysics/test_ball_collide_collect/305/env/camera/cam_0,A physics simulation showing balls colliding (scene 305),,66
/scratch/vcj9002/MagicPhysics/test_ball_collide_collect/306/env/camera/cam_0,A physics simulation showing balls colliding (scene 306),,66
/scratch/vcj9002/MagicPhysics/test_ball_collide_collect/307/env/camera/cam_0,A physics simulation showing balls colliding (scene 307),,41
/scratch/vcj9002/MagicPhysics/test_ball_collide_collect/308/env/camera/cam_0,A physics simulation showing balls colliding (scene 308),,41
/scratch/vcj9002/MagicPhysics/test_ball_collide_collect/309/env/camera/cam_0,A physics simulation showing balls colliding (scene 309),,48
/scratch/vcj9002/MagicPhysics/test_ball_collide_collect/31/env/camera/cam_0,A physics simulation showing balls colliding (scene 31),,51
/scratch/vcj9002/MagicPhysics/test_ball_collide_collect/310/env/camera/cam_0,A physics simulation showing balls colliding (scene 310),,41
/scratch/vcj9002/MagicPhysics/test_ball_collide_collect/311/env/camera/cam_0,A physics simulation showing balls colliding (scene 311),,96
/scratch/vcj9002/MagicPhysics/test_ball_collide_collect/312/env/camera/cam_0,A physics simulation showing balls colliding (scene 312),,85
/scratch/vcj9002/MagicPhysics/test_ball_collide_collect/313/env/camera/cam_0,A physics simulation showing balls colliding (scene 313),,85
/scratch/vcj9002/MagicPhysics/test_ball_collide_collect/314/env/camera/cam_0,A physics simulation showing balls colliding (scene 314),,46
/scratch/vcj9002/MagicPhysics/test_ball_collide_collect/315/env/camera/cam_0,A physics simulation showing balls colliding (scene 315),,46
/scratch/vcj9002/MagicPhysics/test_ball_collide_collect/316/env/camera/cam_0,A physics simulation showing balls colliding (scene 316),,48
/scratch/vcj9002/MagicPhysics/test_ball_collide_collect/317/env/camera/cam_0,A physics simulation showing balls colliding (scene 317),,48
/scratch/vcj9002/MagicPhysics/test_ball_collide_collect/318/env/camera/cam_0,A physics simulation showing balls colliding (scene 318),,85
/scratch/vcj9002/MagicPhysics/test_ball_collide_collect/319/env/camera/cam_0,A physics simulation showing balls colliding (scene 319),,40
/scratch/vcj9002/MagicPhysics/test_ball_collide_collect/32/env/camera/cam_0,A physics simulation showing balls colliding (scene 32),,79
/scratch/vcj9002/MagicPhysics/test_ball_collide_collect/320/env/camera/cam_0,A physics simulation showing balls colliding (scene 320),,40
/scratch/vcj9002/MagicPhysics/test_ball_collide_collect/321/env/camera/cam_0,A physics simulation showing balls colliding (scene 321),,49
/scratch/vcj9002/MagicPhysics/test_ball_collide_collect/322/env/camera/cam_0,A physics simulation showing balls colliding (scene 322),,49
/scratch/vcj9002/MagicPhysics/test_ball_collide_collect/323/env/camera/cam_0,A physics simulation showing balls colliding (scene 323),,56
/scratch/vcj9002/MagicPhysics/test_ball_collide_collect/324/env/camera/cam_0,A physics simulation showing balls colliding (scene 324),,71
/scratch/vcj9002/MagicPhysics/test_ball_collide_collect/325/env/camera/cam_0,A physics simulation showing balls colliding (scene 325),,55
/scratch/vcj9002/MagicPhysics/test_ball_collide_collect/326/env/camera/cam_0,A physics simulation showing balls colliding (scene 326),,55
/scratch/vcj9002/MagicPhysics/test_ball_collide_collect/327/env/camera/cam_0,A physics simulation showing balls colliding (scene 327),,80
/scratch/vcj9002/MagicPhysics/test_ball_collide_collect/328/env/camera/cam_0,A physics simulation showing balls colliding (scene 328),,38
/scratch/vcj9002/MagicPhysics/test_ball_collide_collect/329/env/camera/cam_0,A physics simulation showing balls colliding (scene 329),,46
/scratch/vcj9002/MagicPhysics/test_ball_collide_collect/33/env/camera/cam_0,A physics simulation showing balls colliding (scene 33),,79
/scratch/vcj9002/MagicPhysics/test_ball_collide_collect/330/env/camera/cam_0,A physics simulation showing balls colliding (scene 330),,46
/scratch/vcj9002/MagicPhysics/test_ball_collide_collect/331/env/camera/cam_0,A physics simulation showing balls colliding (scene 331),,48
/scratch/vcj9002/MagicPhysics/test_ball_collide_collect/332/env/camera/cam_0,A physics simulation showing balls colliding (scene 332),,48
/scratch/vcj9002/MagicPhysics/test_ball_collide_collect/333/env/camera/cam_0,A physics simulation showing balls colliding (scene 333),,67
/scratch/vcj9002/MagicPhysics/test_ball_collide_collect/334/env/camera/cam_0,A physics simulation showing balls colliding (scene 334),,75
/scratch/vcj9002/MagicPhysics/test_ball_collide_collect/335/env/camera/cam_0,A physics simulation showing balls colliding (scene 335),,53
/scratch/vcj9002/MagicPhysics/test_ball_collide_collect/336/env/camera/cam_0,A physics simulation showing balls colliding (scene 336),,82
/scratch/vcj9002/MagicPhysics/test_ball_collide_collect/337/env/camera/cam_0,A physics simulation showing balls colliding (scene 337),,82
/scratch/vcj9002/MagicPhysics/test_ball_collide_collect/338/env/camera/cam_0,A physics simulation showing balls colliding (scene 338),,52
/scratch/vcj9002/MagicPhysics/test_ball_collide_collect/339/env/camera/cam_0,A physics simulation showing balls colliding (scene 339),,52
/scratch/vcj9002/MagicPhysics/test_ball_collide_collect/34/env/camera/cam_0,A physics simulation showing balls colliding (scene 34),,32
/scratch/vcj9002/MagicPhysics/test_ball_collide_collect/340/env/camera/cam_0,A physics simulation showing balls colliding (scene 340),,83
/scratch/vcj9002/MagicPhysics/test_ball_collide_collect/341/env/camera/cam_0,A physics simulation showing balls colliding (scene 341),,47
/scratch/vcj9002/MagicPhysics/test_ball_collide_collect/342/env/camera/cam_0,A physics simulation showing balls colliding (scene 342),,77
/scratch/vcj9002/MagicPhysics/test_ball_collide_collect/343/env/camera/cam_0,A physics simulation showing balls colliding (scene 343),,77
/scratch/vcj9002/MagicPhysics/test_ball_collide_collect/344/env/camera/cam_0,A physics simulation showing balls colliding (scene 344),,44
/scratch/vcj9002/MagicPhysics/test_ball_collide_collect/345/env/camera/cam_0,A physics simulation showing balls colliding (scene 345),,41
/scratch/vcj9002/MagicPhysics/test_ball_collide_collect/346/env/camera/cam_0,A physics simulation showing balls colliding (scene 346),,59
/scratch/vcj9002/MagicPhysics/test_ball_collide_collect/347/env/camera/cam_0,A physics simulation showing balls colliding (scene 347),,59
/scratch/vcj9002/MagicPhysics/test_ball_collide_collect/348/env/camera/cam_0,A physics simulation showing balls colliding (scene 348),,71
/scratch/vcj9002/MagicPhysics/test_ball_collide_collect/349/env/camera/cam_0,A physics simulation showing balls colliding (scene 349),,51
/scratch/vcj9002/MagicPhysics/test_ball_collide_collect/35/env/camera/cam_0,A physics simulation showing balls colliding (scene 35),,60
/scratch/vcj9002/MagicPhysics/test_ball_collide_collect/350/env/camera/cam_0,A physics simulation showing balls colliding (scene 350),,51
/scratch/vcj9002/MagicPhysics/test_ball_collide_collect/351/env/camera/cam_0,A physics simulation showing balls colliding (scene 351),,77
/scratch/vcj9002/MagicPhysics/test_ball_collide_collect/352/env/camera/cam_0,A physics simulation showing balls colliding (scene 352),,62
/scratch/vcj9002/MagicPhysics/test_ball_collide_collect/353/env/camera/cam_0,A physics simulation showing balls colliding (scene 353),,52
/scratch/vcj9002/MagicPhysics/test_ball_collide_collect/354/env/camera/cam_0,A physics simulation showing balls colliding (scene 354),,52
/scratch/vcj9002/MagicPhysics/test_ball_collide_collect/355/env/camera/cam_0,A physics simulation showing balls colliding (scene 355),,115
/scratch/vcj9002/MagicPhysics/test_ball_collide_collect/356/env/camera/cam_0,A physics simulation showing balls colliding (scene 356),,115
/scratch/vcj9002/MagicPhysics/test_ball_collide_collect/357/env/camera/cam_0,A physics simulation showing balls colliding (scene 357),,71
/scratch/vcj9002/MagicPhysics/test_ball_collide_collect/358/env/camera/cam_0,A physics simulation showing balls colliding (scene 358),,54
/scratch/vcj9002/MagicPhysics/test_ball_collide_collect/359/env/camera/cam_0,A physics simulation showing balls colliding (scene 359),,49
/scratch/vcj9002/MagicPhysics/test_ball_collide_collect/36/env/camera/cam_0,A physics simulation showing balls colliding (scene 36),,38
/scratch/vcj9002/MagicPhysics/test_ball_collide_collect/360/env/camera/cam_0,A physics simulation showing balls colliding (scene 360),,49
/scratch/vcj9002/MagicPhysics/test_ball_collide_collect/361/env/camera/cam_0,A physics simulation showing balls colliding (scene 361),,54
/scratch/vcj9002/MagicPhysics/test_ball_collide_collect/362/env/camera/cam_0,A physics simulation showing balls colliding (scene 362),,60
/scratch/vcj9002/MagicPhysics/test_ball_collide_collect/363/env/camera/cam_0,A physics simulation showing balls colliding (scene 363),,44
/scratch/vcj9002/MagicPhysics/test_ball_collide_collect/364/env/camera/cam_0,A physics simulation showing balls colliding (scene 364),,44
/scratch/vcj9002/MagicPhysics/test_ball_collide_collect/365/env/camera/cam_0,A physics simulation showing balls colliding (scene 365),,41
/scratch/vcj9002/MagicPhysics/test_ball_collide_collect/366/env/camera/cam_0,A physics simulation showing balls colliding (scene 366),,38
/scratch/vcj9002/MagicPhysics/test_ball_collide_collect/367/env/camera/cam_0,A physics simulation showing balls colliding (scene 367),,48
/scratch/vcj9002/MagicPhysics/test_ball_collide_collect/368/env/camera/cam_0,A physics simulation showing balls colliding (scene 368),,74
/scratch/vcj9002/MagicPhysics/test_ball_collide_collect/369/env/camera/cam_0,A physics simulation showing balls colliding (scene 369),,74
/scratch/vcj9002/MagicPhysics/test_ball_collide_collect/37/env/camera/cam_0,A physics simulation showing balls colliding (scene 37),,60
/scratch/vcj9002/MagicPhysics/test_ball_collide_collect/370/env/camera/cam_0,A physics simulation showing balls colliding (scene 370),,43
/scratch/vcj9002/MagicPhysics/test_ball_collide_collect/371/env/camera/cam_0,A physics simulation showing balls colliding (scene 371),,43
/scratch/vcj9002/MagicPhysics/test_ball_collide_collect/372/env/camera/cam_0,A physics simulation showing balls colliding (scene 372),,73
/scratch/vcj9002/MagicPhysics/test_ball_collide_collect/373/env/camera/cam_0,A physics simulation showing balls colliding (scene 373),,73
/scratch/vcj9002/MagicPhysics/test_ball_collide_collect/374/env/camera/cam_0,A physics simulation showing balls colliding (scene 374),,69
/scratch/vcj9002/MagicPhysics/test_ball_collide_collect/375/env/camera/cam_0,A physics simulation showing balls colliding (scene 375),,79
/scratch/vcj9002/MagicPhysics/test_ball_collide_collect/376/env/camera/cam_0,A physics simulation showing balls colliding (scene 376),,45
/scratch/vcj9002/MagicPhysics/test_ball_collide_collect/377/env/camera/cam_0,A physics simulation showing balls colliding (scene 377),,45
/scratch/vcj9002/MagicPhysics/test_ball_collide_collect/378/env/camera/cam_0,A physics simulation showing balls colliding (scene 378),,47
/scratch/vcj9002/MagicPhysics/test_ball_collide_collect/379/env/camera/cam_0,A physics simulation showing balls colliding (scene 379),,47
/scratch/vcj9002/MagicPhysics/test_ball_collide_collect/38/env/camera/cam_0,A physics simulation showing balls colliding (scene 38),,43
/scratch/vcj9002/MagicPhysics/test_ball_collide_collect/380/env/camera/cam_0,A physics simulation showing balls colliding (scene 380),,94
/scratch/vcj9002/MagicPhysics/test_ball_collide_collect/381/env/camera/cam_0,A physics simulation showing balls colliding (scene 381),,65
/scratch/vcj9002/MagicPhysics/test_ball_collide_collect/382/env/camera/cam_0,A physics simulation showing balls colliding (scene 382),,60
/scratch/vcj9002/MagicPhysics/test_ball_collide_collect/383/env/camera/cam_0,A physics simulation showing balls colliding (scene 383),,60
/scratch/vcj9002/MagicPhysics/test_ball_collide_collect/384/env/camera/cam_0,A physics simulation showing balls colliding (scene 384),,39
/scratch/vcj9002/MagicPhysics/test_ball_collide_collect/385/env/camera/cam_0,A physics simulation showing balls colliding (scene 385),,39
/scratch/vcj9002/MagicPhysics/test_ball_collide_collect/386/env/camera/cam_0,A physics simulation showing balls colliding (scene 386),,57
/scratch/vcj9002/MagicPhysics/test_ball_collide_collect/387/env/camera/cam_0,A physics simulation showing balls colliding (scene 387),,57
/scratch/vcj9002/MagicPhysics/test_ball_collide_collect/388/env/camera/cam_0,A physics simulation showing balls colliding (scene 388),,33
/scratch/vcj9002/MagicPhysics/test_ball_collide_collect/389/env/camera/cam_0,A physics simulation showing balls colliding (scene 389),,61
/scratch/vcj9002/MagicPhysics/test_ball_collide_collect/39/env/camera/cam_0,A physics simulation showing balls colliding (scene 39),,37
/scratch/vcj9002/MagicPhysics/test_ball_collide_collect/390/env/camera/cam_0,A physics simulation showing balls colliding (scene 390),,33
/scratch/vcj9002/MagicPhysics/test_ball_collide_collect/391/env/camera/cam_0,A physics simulation showing balls colliding (scene 391),,68
/scratch/vcj9002/MagicPhysics/test_ball_collide_collect/392/env/camera/cam_0,A physics simulation showing balls colliding (scene 392),,53
/scratch/vcj9002/MagicPhysics/test_ball_collide_collect/393/env/camera/cam_0,A physics simulation showing balls colliding (scene 393),,56
/scratch/vcj9002/MagicPhysics/test_ball_collide_collect/394/env/camera/cam_0,A physics simulation showing balls colliding (scene 394),,35
/scratch/vcj9002/MagicPhysics/test_ball_collide_collect/395/env/camera/cam_0,A physics simulation showing balls colliding (scene 395),,48
/scratch/vcj9002/MagicPhysics/test_ball_collide_collect/396/env/camera/cam_0,A physics simulation showing balls colliding (scene 396),,48
/scratch/vcj9002/MagicPhysics/test_ball_collide_collect/397/env/camera/cam_0,A physics simulation showing balls colliding (scene 397),,57
/scratch/vcj9002/MagicPhysics/test_ball_collide_collect/398/env/camera/cam_0,A physics simulation showing balls colliding (scene 398),,73
/scratch/vcj9002/MagicPhysics/test_ball_collide_collect/399/env/camera/cam_0,A physics simulation showing balls colliding (scene 399),,73
/scratch/vcj9002/MagicPhysics/test_ball_collide_collect/4/env/camera/cam_0,A physics simulation showing balls colliding (scene 4),,52
/scratch/vcj9002/MagicPhysics/test_ball_collide_collect/40/env/camera/cam_0,A physics simulation showing balls colliding (scene 40),,37
/scratch/vcj9002/MagicPhysics/test_ball_collide_collect/400/env/camera/cam_0,A physics simulation showing balls colliding (scene 400),,60
/scratch/vcj9002/MagicPhysics/test_ball_collide_collect/401/env/camera/cam_0,A physics simulation showing balls colliding (scene 401),,74
/scratch/vcj9002/MagicPhysics/test_ball_collide_collect/402/env/camera/cam_0,A physics simulation showing balls colliding (scene 402),,56
/scratch/vcj9002/MagicPhysics/test_ball_collide_collect/403/env/camera/cam_0,A physics simulation showing balls colliding (scene 403),,74
/scratch/vcj9002/MagicPhysics/test_ball_collide_collect/404/env/camera/cam_0,A physics simulation showing balls colliding (scene 404),,41
/scratch/vcj9002/MagicPhysics/test_ball_collide_collect/405/env/camera/cam_0,A physics simulation showing balls colliding (scene 405),,37
/scratch/vcj9002/MagicPhysics/test_ball_collide_collect/406/env/camera/cam_0,A physics simulation showing balls colliding (scene 406),,64
/scratch/vcj9002/MagicPhysics/test_ball_collide_collect/407/env/camera/cam_0,A physics simulation showing balls colliding (scene 407),,64
/scratch/vcj9002/MagicPhysics/test_ball_collide_collect/408/env/camera/cam_0,A physics simulation showing balls colliding (scene 408),,49
/scratch/vcj9002/MagicPhysics/test_ball_collide_collect/409/env/camera/cam_0,A physics simulation showing balls colliding (scene 409),,54
/scratch/vcj9002/MagicPhysics/test_ball_collide_collect/41/env/camera/cam_0,A physics simulation showing balls colliding (scene 41),,44
/scratch/vcj9002/MagicPhysics/test_ball_collide_collect/410/env/camera/cam_0,A physics simulation showing balls colliding (scene 410),,54
/scratch/vcj9002/MagicPhysics/test_ball_collide_collect/411/env/camera/cam_0,A physics simulation showing balls colliding (scene 411),,44
/scratch/vcj9002/MagicPhysics/test_ball_collide_collect/412/env/camera/cam_0,A physics simulation showing balls colliding (scene 412),,72
/scratch/vcj9002/MagicPhysics/test_ball_collide_collect/413/env/camera/cam_0,A physics simulation showing balls colliding (scene 413),,72
/scratch/vcj9002/MagicPhysics/test_ball_collide_collect/414/env/camera/cam_0,A physics simulation showing balls colliding (scene 414),,73
/scratch/vcj9002/MagicPhysics/test_ball_collide_collect/415/env/camera/cam_0,A physics simulation showing balls colliding (scene 415),,49
/scratch/vcj9002/MagicPhysics/test_ball_collide_collect/416/env/camera/cam_0,A physics simulation showing balls colliding (scene 416),,49
/scratch/vcj9002/MagicPhysics/test_ball_collide_collect/417/env/camera/cam_0,A physics simulation showing balls colliding (scene 417),,44
/scratch/vcj9002/MagicPhysics/test_ball_collide_collect/418/env/camera/cam_0,A physics simulation showing balls colliding (scene 418),,44
/scratch/vcj9002/MagicPhysics/test_ball_collide_collect/419/env/camera/cam_0,A physics simulation showing balls colliding (scene 419),,50
/scratch/vcj9002/MagicPhysics/test_ball_collide_collect/42/env/camera/cam_0,A physics simulation showing balls colliding (scene 42),,52
/scratch/vcj9002/MagicPhysics/test_ball_collide_collect/420/env/camera/cam_0,A physics simulation showing balls colliding (scene 420),,42
/scratch/vcj9002/MagicPhysics/test_ball_collide_collect/421/env/camera/cam_0,A physics simulation showing balls colliding (scene 421),,90
/scratch/vcj9002/MagicPhysics/test_ball_collide_collect/422/env/camera/cam_0,A physics simulation showing balls colliding (scene 422),,46
/scratch/vcj9002/MagicPhysics/test_ball_collide_collect/423/env/camera/cam_0,A physics simulation showing balls colliding (scene 423),,50
/scratch/vcj9002/MagicPhysics/test_ball_collide_collect/424/env/camera/cam_0,A physics simulation showing balls colliding (scene 424),,50
/scratch/vcj9002/MagicPhysics/test_ball_collide_collect/425/env/camera/cam_0,A physics simulation showing balls colliding (scene 425),,44
/scratch/vcj9002/MagicPhysics/test_ball_collide_collect/426/env/camera/cam_0,A physics simulation showing balls colliding (scene 426),,44
/scratch/vcj9002/MagicPhysics/test_ball_collide_collect/427/env/camera/cam_0,A physics simulation showing balls colliding (scene 427),,41
/scratch/vcj9002/MagicPhysics/test_ball_collide_collect/428/env/camera/cam_0,A physics simulation showing balls colliding (scene 428),,58
/scratch/vcj9002/MagicPhysics/test_ball_collide_collect/429/env/camera/cam_0,A physics simulation showing balls colliding (scene 429),,58
/scratch/vcj9002/MagicPhysics/test_ball_collide_collect/43/env/camera/cam_0,A physics simulation showing balls colliding (scene 43),,52
/scratch/vcj9002/MagicPhysics/test_ball_collide_collect/430/env/camera/cam_0,A physics simulation showing balls colliding (scene 430),,46
/scratch/vcj9002/MagicPhysics/test_ball_collide_collect/431/env/camera/cam_0,A physics simulation showing balls colliding (scene 431),,46
/scratch/vcj9002/MagicPhysics/test_ball_collide_collect/432/env/camera/cam_0,A physics simulation showing balls colliding (scene 432),,57
/scratch/vcj9002/MagicPhysics/test_ball_collide_collect/433/env/camera/cam_0,A physics simulation showing balls colliding (scene 433),,57
/scratch/vcj9002/MagicPhysics/test_ball_collide_collect/434/env/camera/cam_0,A physics simulation showing balls colliding (scene 434),,80
/scratch/vcj9002/MagicPhysics/test_ball_collide_collect/435/env/camera/cam_0,A physics simulation showing balls colliding (scene 435),,58
/scratch/vcj9002/MagicPhysics/test_ball_collide_collect/436/env/camera/cam_0,A physics simulation showing balls colliding (scene 436),,58
/scratch/vcj9002/MagicPhysics/test_ball_collide_collect/437/env/camera/cam_0,A physics simulation showing balls colliding (scene 437),,55
/scratch/vcj9002/MagicPhysics/test_ball_collide_collect/438/env/camera/cam_0,A physics simulation showing balls colliding (scene 438),,55
/scratch/vcj9002/MagicPhysics/test_ball_collide_collect/439/env/camera/cam_0,A physics simulation showing balls colliding (scene 439),,66
/scratch/vcj9002/MagicPhysics/test_ball_collide_collect/44/env/camera/cam_0,A physics simulation showing balls colliding (scene 44),,40
/scratch/vcj9002/MagicPhysics/test_ball_collide_collect/440/env/camera/cam_0,A physics simulation showing balls colliding (scene 440),,66
/scratch/vcj9002/MagicPhysics/test_ball_collide_collect/441/env/camera/cam_0,A physics simulation showing balls colliding (scene 441),,83
/scratch/vcj9002/MagicPhysics/test_ball_collide_collect/442/env/camera/cam_0,A physics simulation showing balls colliding (scene 442),,42
/scratch/vcj9002/MagicPhysics/test_ball_collide_collect/443/env/camera/cam_0,A physics simulation showing balls colliding (scene 443),,42
/scratch/vcj9002/MagicPhysics/test_ball_collide_collect/444/env/camera/cam_0,A physics simulation showing balls colliding (scene 444),,57
/scratch/vcj9002/MagicPhysics/test_ball_collide_collect/445/env/camera/cam_0,A physics simulation showing balls colliding (scene 445),,85
/scratch/vcj9002/MagicPhysics/test_ball_collide_collect/446/env/camera/cam_0,A physics simulation showing balls colliding (scene 446),,91
/scratch/vcj9002/MagicPhysics/test_ball_collide_collect/447/env/camera/cam_0,A physics simulation showing balls colliding (scene 447),,41
/scratch/vcj9002/MagicPhysics/test_ball_collide_collect/448/env/camera/cam_0,A physics simulation showing balls colliding (scene 448),,41
/scratch/vcj9002/MagicPhysics/test_ball_collide_collect/449/env/camera/cam_0,A physics simulation showing balls colliding (scene 449),,52
/scratch/vcj9002/MagicPhysics/test_ball_collide_collect/45/env/camera/cam_0,A physics simulation showing balls colliding (scene 45),,48
/scratch/vcj9002/MagicPhysics/test_ball_collide_collect/450/env/camera/cam_0,A physics simulation showing balls colliding (scene 450),,51
/scratch/vcj9002/MagicPhysics/test_ball_collide_collect/451/env/camera/cam_0,A physics simulation showing balls colliding (scene 451),,74
/scratch/vcj9002/MagicPhysics/test_ball_collide_collect/452/env/camera/cam_0,A physics simulation showing balls colliding (scene 452),,74
/scratch/vcj9002/MagicPhysics/test_ball_collide_collect/453/env/camera/cam_0,A physics simulation showing balls colliding (scene 453),,44
/scratch/vcj9002/MagicPhysics/test_ball_collide_collect/454/env/camera/cam_0,A physics simulation showing balls colliding (scene 454),,44
/scratch/vcj9002/MagicPhysics/test_ball_collide_collect/455/env/camera/cam_0,A physics simulation showing balls colliding (scene 455),,90
/scratch/vcj9002/MagicPhysics/test_ball_collide_collect/456/env/camera/cam_0,A physics simulation showing balls colliding (scene 456),,90
/scratch/vcj9002/MagicPhysics/test_ball_collide_collect/457/env/camera/cam_0,A physics simulation showing balls colliding (scene 457),,52
/scratch/vcj9002/MagicPhysics/test_ball_collide_collect/458/env/camera/cam_0,A physics simulation showing balls colliding (scene 458),,51
/scratch/vcj9002/MagicPhysics/test_ball_collide_collect/459/env/camera/cam_0,A physics simulation showing balls colliding (scene 459),,73
/scratch/vcj9002/MagicPhysics/test_ball_collide_collect/46/env/camera/cam_0,A physics simulation showing balls colliding (scene 46),,44
/scratch/vcj9002/MagicPhysics/test_ball_collide_collect/460/env/camera/cam_0,A physics simulation showing balls colliding (scene 460),,45
/scratch/vcj9002/MagicPhysics/test_ball_collide_collect/461/env/camera/cam_0,A physics simulation showing balls colliding (scene 461),,53
/scratch/vcj9002/MagicPhysics/test_ball_collide_collect/462/env/camera/cam_0,A physics simulation showing balls colliding (scene 462),,53
/scratch/vcj9002/MagicPhysics/test_ball_collide_collect/463/env/camera/cam_0,A physics simulation showing balls colliding (scene 463),,81
/scratch/vcj9002/MagicPhysics/test_ball_collide_collect/464/env/camera/cam_0,A physics simulation showing balls colliding (scene 464),,66
/scratch/vcj9002/MagicPhysics/test_ball_collide_collect/465/env/camera/cam_0,A physics simulation showing balls colliding (scene 465),,66
/scratch/vcj9002/MagicPhysics/test_ball_collide_collect/466/env/camera/cam_0,A physics simulation showing balls colliding (scene 466),,77
/scratch/vcj9002/MagicPhysics/test_ball_collide_collect/467/env/camera/cam_0,A physics simulation showing balls colliding (scene 467),,77
/scratch/vcj9002/MagicPhysics/test_ball_collide_collect/468/env/camera/cam_0,A physics simulation showing balls colliding (scene 468),,70
/scratch/vcj9002/MagicPhysics/test_ball_collide_collect/469/env/camera/cam_0,A physics simulation showing balls colliding (scene 469),,47
/scratch/vcj9002/MagicPhysics/test_ball_collide_collect/47/env/camera/cam_0,A physics simulation showing balls colliding (scene 47),,44
/scratch/vcj9002/MagicPhysics/test_ball_collide_collect/470/env/camera/cam_0,A physics simulation showing balls colliding (scene 470),,78
/scratch/vcj9002/MagicPhysics/test_ball_collide_collect/471/env/camera/cam_0,A physics simulation showing balls colliding (scene 471),,53
/scratch/vcj9002/MagicPhysics/test_ball_collide_collect/472/env/camera/cam_0,A physics simulation showing balls colliding (scene 472),,53
/scratch/vcj9002/MagicPhysics/test_ball_collide_collect/473/env/camera/cam_0,A physics simulation showing balls colliding (scene 473),,44
/scratch/vcj9002/MagicPhysics/test_ball_collide_collect/474/env/camera/cam_0,A physics simulation showing balls colliding (scene 474),,50
/scratch/vcj9002/MagicPhysics/test_ball_collide_collect/475/env/camera/cam_0,A physics simulation showing balls colliding (scene 475),,50
/scratch/vcj9002/MagicPhysics/test_ball_collide_collect/476/env/camera/cam_0,A physics simulation showing balls colliding (scene 476),,63
/scratch/vcj9002/MagicPhysics/test_ball_collide_collect/477/env/camera/cam_0,A physics simulation showing balls colliding (scene 477),,63
/scratch/vcj9002/MagicPhysics/test_ball_collide_collect/478/env/camera/cam_0,A physics simulation showing balls colliding (scene 478),,52
/scratch/vcj9002/MagicPhysics/test_ball_collide_collect/479/env/camera/cam_0,A physics simulation showing balls colliding (scene 479),,78
/scratch/vcj9002/MagicPhysics/test_ball_collide_collect/48/env/camera/cam_0,A physics simulation showing balls colliding (scene 48),,59
/scratch/vcj9002/MagicPhysics/test_ball_collide_collect/480/env/camera/cam_0,A physics simulation showing balls colliding (scene 480),,71
/scratch/vcj9002/MagicPhysics/test_ball_collide_collect/481/env/camera/cam_0,A physics simulation showing balls colliding (scene 481),,77
/scratch/vcj9002/MagicPhysics/test_ball_collide_collect/482/env/camera/cam_0,A physics simulation showing balls colliding (scene 482),,80
/scratch/vcj9002/MagicPhysics/test_ball_collide_collect/483/env/camera/cam_0,A physics simulation showing balls colliding (scene 483),,80
/scratch/vcj9002/MagicPhysics/test_ball_collide_collect/484/env/camera/cam_0,A physics simulation showing balls colliding (scene 484),,48
/scratch/vcj9002/MagicPhysics/test_ball_collide_collect/485/env/camera/cam_0,A physics simulation showing balls colliding (scene 485),,48
/scratch/vcj9002/MagicPhysics/test_ball_collide_collect/486/env/camera/cam_0,A physics simulation showing balls colliding (scene 486),,92
/scratch/vcj9002/MagicPhysics/test_ball_collide_collect/487/env/camera/cam_0,A physics simulation showing balls colliding (scene 487),,92
/scratch/vcj9002/MagicPhysics/test_ball_collide_collect/488/env/camera/cam_0,A physics simulation showing balls colliding (scene 488),,37
/scratch/vcj9002/MagicPhysics/test_ball_collide_collect/489/env/camera/cam_0,A physics simulation showing balls colliding (scene 489),,74
/scratch/vcj9002/MagicPhysics/test_ball_collide_collect/49/env/camera/cam_0,A physics simulation showing balls colliding (scene 49),,59
/scratch/vcj9002/MagicPhysics/test_ball_collide_collect/490/env/camera/cam_0,A physics simulation showing balls colliding (scene 490),,62
/scratch/vcj9002/MagicPhysics/test_ball_collide_collect/491/env/camera/cam_0,A physics simulation showing balls colliding (scene 491),,59
/scratch/vcj9002/MagicPhysics/test_ball_collide_collect/492/env/camera/cam_0,A physics simulation showing balls colliding (scene 492),,59
/scratch/vcj9002/MagicPhysics/test_ball_collide_collect/493/env/camera/cam_0,A physics simulation showing balls colliding (scene 493),,38
/scratch/vcj9002/MagicPhysics/test_ball_collide_collect/494/env/camera/cam_0,A physics simulation showing balls colliding (scene 494),,38
/scratch/vcj9002/MagicPhysics/test_ball_collide_collect/495/env/camera/cam_0,A physics simulation showing balls colliding (scene 495),,76
/scratch/vcj9002/MagicPhysics/test_ball_collide_collect/496/env/camera/cam_0,A physics simulation showing balls colliding (scene 496),,88
/scratch/vcj9002/MagicPhysics/test_ball_collide_collect/497/env/camera/cam_0,A physics simulation showing balls colliding (scene 497),,88
/scratch/vcj9002/MagicPhysics/test_ball_collide_collect/498/env/camera/cam_0,A physics simulation showing balls colliding (scene 498),,66
/scratch/vcj9002/MagicPhysics/test_ball_collide_collect/499/env/camera/cam_0,A physics simulation showing balls colliding (scene 499),,67
/scratch/vcj9002/MagicPhysics/test_ball_collide_collect/5/env/camera/cam_0,A physics simulation showing balls colliding (scene 5),,57
/scratch/vcj9002/MagicPhysics/test_ball_collide_collect/50/env/camera/cam_0,A physics simulation showing balls colliding (scene 50),,62
/scratch/vcj9002/MagicPhysics/test_ball_collide_collect/500/env/camera/cam_0,A physics simulation showing balls colliding (scene 500),,43
/scratch/vcj9002/MagicPhysics/test_ball_collide_collect/501/env/camera/cam_0,A physics simulation showing balls colliding (scene 501),,43
/scratch/vcj9002/MagicPhysics/test_ball_collide_collect/502/env/camera/cam_0,A physics simulation showing balls colliding (scene 502),,52
/scratch/vcj9002/MagicPhysics/test_ball_collide_collect/503/env/camera/cam_0,A physics simulation showing balls colliding (scene 503),,45
/scratch/vcj9002/MagicPhysics/test_ball_collide_collect/504/env/camera/cam_0,A physics simulation showing balls colliding (scene 504),,63
/scratch/vcj9002/MagicPhysics/test_ball_collide_collect/505/env/camera/cam_0,A physics simulation showing balls colliding (scene 505),,63
/scratch/vcj9002/MagicPhysics/test_ball_collide_collect/506/env/camera/cam_0,A physics simulation showing balls colliding (scene 506),,44
/scratch/vcj9002/MagicPhysics/test_ball_collide_collect/507/env/camera/cam_0,A physics simulation showing balls colliding (scene 507),,53
/scratch/vcj9002/MagicPhysics/test_ball_collide_collect/508/env/camera/cam_0,A physics simulation showing balls colliding (scene 508),,53
/scratch/vcj9002/MagicPhysics/test_ball_collide_collect/509/env/camera/cam_0,A physics simulation showing balls colliding (scene 509),,37
/scratch/vcj9002/MagicPhysics/test_ball_collide_collect/51/env/camera/cam_0,A physics simulation showing balls colliding (scene 51),,79
/scratch/vcj9002/MagicPhysics/test_ball_collide_collect/510/env/camera/cam_0,A physics simulation showing balls colliding (scene 510),,50
/scratch/vcj9002/MagicPhysics/test_ball_collide_collect/511/env/camera/cam_0,A physics simulation showing balls colliding (scene 511),,50
/scratch/vcj9002/MagicPhysics/test_ball_collide_collect/512/env/camera/cam_0,A physics simulation showing balls colliding (scene 512),,50
/scratch/vcj9002/MagicPhysics/test_ball_collide_collect/513/env/camera/cam_0,A physics simulation showing balls colliding (scene 513),,77
/scratch/vcj9002/MagicPhysics/test_ball_collide_collect/514/env/camera/cam_0,A physics simulation showing balls colliding (scene 514),,43
/scratch/vcj9002/MagicPhysics/test_ball_collide_collect/515/env/camera/cam_0,A physics simulation showing balls colliding (scene 515),,43
/scratch/vcj9002/MagicPhysics/test_ball_collide_collect/516/env/camera/cam_0,A physics simulation showing balls colliding (scene 516),,64
/scratch/vcj9002/MagicPhysics/test_ball_collide_collect/517/env/camera/cam_0,A physics simulation showing balls colliding (scene 517),,55
/scratch/vcj9002/MagicPhysics/test_ball_collide_collect/518/env/camera/cam_0,A physics simulation showing balls colliding (scene 518),,50
/scratch/vcj9002/MagicPhysics/test_ball_collide_collect/519/env/camera/cam_0,A physics simulation showing balls colliding (scene 519),,65
/scratch/vcj9002/MagicPhysics/test_ball_collide_collect/52/env/camera/cam_0,A physics simulation showing balls colliding (scene 52),,39
/scratch/vcj9002/MagicPhysics/test_ball_collide_collect/520/env/camera/cam_0,A physics simulation showing balls colliding (scene 520),,65
/scratch/vcj9002/MagicPhysics/test_ball_collide_collect/521/env/camera/cam_0,A physics simulation showing balls colliding (scene 521),,87
/scratch/vcj9002/MagicPhysics/test_ball_collide_collect/522/env/camera/cam_0,A physics simulation showing balls colliding (scene 522),,87
/scratch/vcj9002/MagicPhysics/test_ball_collide_collect/523/env/camera/cam_0,A physics simulation showing balls colliding (scene 523),,78
/scratch/vcj9002/MagicPhysics/test_ball_collide_collect/524/env/camera/cam_0,A physics simulation showing balls colliding (scene 524),,47
/scratch/vcj9002/MagicPhysics/test_ball_collide_collect/525/env/camera/cam_0,A physics simulation showing balls colliding (scene 525),,55
/scratch/vcj9002/MagicPhysics/test_ball_collide_collect/526/env/camera/cam_0,A physics simulation showing balls colliding (scene 526),,47
/scratch/vcj9002/MagicPhysics/test_ball_collide_collect/527/env/camera/cam_0,A physics simulation showing balls colliding (scene 527),,49
/scratch/vcj9002/MagicPhysics/test_ball_collide_collect/528/env/camera/cam_0,A physics simulation showing balls colliding (scene 528),,57
/scratch/vcj9002/MagicPhysics/test_ball_collide_collect/529/env/camera/cam_0,A physics simulation showing balls colliding (scene 529),,64
/scratch/vcj9002/MagicPhysics/test_ball_collide_collect/53/env/camera/cam_0,A physics simulation showing balls colliding (scene 53),,52
/scratch/vcj9002/MagicPhysics/test_ball_collide_collect/530/env/camera/cam_0,A physics simulation showing balls colliding (scene 530),,64
/scratch/vcj9002/MagicPhysics/test_ball_collide_collect/531/env/camera/cam_0,A physics simulation showing balls colliding (scene 531),,34
/scratch/vcj9002/MagicPhysics/test_ball_collide_collect/532/env/camera/cam_0,A physics simulation showing balls colliding (scene 532),,34
/scratch/vcj9002/MagicPhysics/test_ball_collide_collect/533/env/camera/cam_0,A physics simulation showing balls colliding (scene 533),,93
/scratch/vcj9002/MagicPhysics/test_ball_collide_collect/534/env/camera/cam_0,A physics simulation showing balls colliding (scene 534),,93
/scratch/vcj9002/MagicPhysics/test_ball_collide_collect/535/env/camera/cam_0,A physics simulation showing balls colliding (scene 535),,38
/scratch/vcj9002/MagicPhysics/test_ball_collide_collect/536/env/camera/cam_0,A physics simulation showing balls colliding (scene 536),,44
/scratch/vcj9002/MagicPhysics/test_ball_collide_collect/537/env/camera/cam_0,A physics simulation showing balls colliding (scene 537),,67
/scratch/vcj9002/MagicPhysics/test_ball_collide_collect/538/env/camera/cam_0,A physics simulation showing balls colliding (scene 538),,42
/scratch/vcj9002/MagicPhysics/test_ball_collide_collect/539/env/camera/cam_0,A physics simulation showing balls colliding (scene 539),,42
/scratch/vcj9002/MagicPhysics/test_ball_collide_collect/54/env/camera/cam_0,A physics simulation showing balls colliding (scene 54),,52
/scratch/vcj9002/MagicPhysics/test_ball_collide_collect/540/env/camera/cam_0,A physics simulation showing balls colliding (scene 540),,42
/scratch/vcj9002/MagicPhysics/test_ball_collide_collect/541/env/camera/cam_0,A physics simulation showing balls colliding (scene 541),,45
/scratch/vcj9002/MagicPhysics/test_ball_collide_collect/542/env/camera/cam_0,A physics simulation showing balls colliding (scene 542),,45
/scratch/vcj9002/MagicPhysics/test_ball_collide_collect/543/env/camera/cam_0,A physics simulation showing balls colliding (scene 543),,63
/scratch/vcj9002/MagicPhysics/test_ball_collide_collect/544/env/camera/cam_0,A physics simulation showing balls colliding (scene 544),,63
/scratch/vcj9002/MagicPhysics/test_ball_collide_collect/545/env/camera/cam_0,A physics simulation showing balls colliding (scene 545),,86
/scratch/vcj9002/MagicPhysics/test_ball_collide_collect/546/env/camera/cam_0,A physics simulation showing balls colliding (scene 546),,49
/scratch/vcj9002/MagicPhysics/test_ball_collide_collect/547/env/camera/cam_0,A physics simulation showing balls colliding (scene 547),,58
/scratch/vcj9002/MagicPhysics/test_ball_collide_collect/548/env/camera/cam_0,A physics simulation showing balls colliding (scene 548),,51
/scratch/vcj9002/MagicPhysics/test_ball_collide_collect/549/env/camera/cam_0,A physics simulation showing balls colliding (scene 549),,53
/scratch/vcj9002/MagicPhysics/test_ball_collide_collect/55/env/camera/cam_0,A physics simulation showing balls colliding (scene 55),,48
/scratch/vcj9002/MagicPhysics/test_ball_collide_collect/550/env/camera/cam_0,A physics simulation showing balls colliding (scene 550),,53
/scratch/vcj9002/MagicPhysics/test_ball_collide_collect/551/env/camera/cam_0,A physics simulation showing balls colliding (scene 551),,41
/scratch/vcj9002/MagicPhysics/test_ball_collide_collect/552/env/camera/cam_0,A physics simulation showing balls colliding (scene 552),,55
/scratch/vcj9002/MagicPhysics/test_ball_collide_collect/553/env/camera/cam_0,A physics simulation showing balls colliding (scene 553),,55
/scratch/vcj9002/MagicPhysics/test_ball_collide_collect/554/env/camera/cam_0,A physics simulation showing balls colliding (scene 554),,55
/scratch/vcj9002/MagicPhysics/test_ball_collide_collect/555/env/camera/cam_0,A physics simulation showing balls colliding (scene 555),,38
/scratch/vcj9002/MagicPhysics/test_ball_collide_collect/556/env/camera/cam_0,A physics simulation showing balls colliding (scene 556),,90
/scratch/vcj9002/MagicPhysics/test_ball_collide_collect/557/env/camera/cam_0,A physics simulation showing balls colliding (scene 557),,90
/scratch/vcj9002/MagicPhysics/test_ball_collide_collect/558/env/camera/cam_0,A physics simulation showing balls colliding (scene 558),,41
/scratch/vcj9002/MagicPhysics/test_ball_collide_collect/559/env/camera/cam_0,A physics simulation showing balls colliding (scene 559),,44
/scratch/vcj9002/MagicPhysics/test_ball_collide_collect/56/env/camera/cam_0,A physics simulation showing balls colliding (scene 56),,48
/scratch/vcj9002/MagicPhysics/test_ball_collide_collect/560/env/camera/cam_0,A physics simulation showing balls colliding (scene 560),,44
/scratch/vcj9002/MagicPhysics/test_ball_collide_collect/561/env/camera/cam_0,A physics simulation showing balls colliding (scene 561),,54
/scratch/vcj9002/MagicPhysics/test_ball_collide_collect/562/env/camera/cam_0,A physics simulation showing balls colliding (scene 562),,54
/scratch/vcj9002/MagicPhysics/test_ball_collide_collect/563/env/camera/cam_0,A physics simulation showing balls colliding (scene 563),,70
/scratch/vcj9002/MagicPhysics/test_ball_collide_collect/564/env/camera/cam_0,A physics simulation showing balls colliding (scene 564),,50
/scratch/vcj9002/MagicPhysics/test_ball_collide_collect/565/env/camera/cam_0,A physics simulation showing balls colliding (scene 565),,50
/scratch/vcj9002/MagicPhysics/test_ball_collide_collect/566/env/camera/cam_0,A physics simulation showing balls colliding (scene 566),,41
/scratch/vcj9002/MagicPhysics/test_ball_collide_collect/567/env/camera/cam_0,A physics simulation showing balls colliding (scene 567),,41
/scratch/vcj9002/MagicPhysics/test_ball_collide_collect/568/env/camera/cam_0,A physics simulation showing balls colliding (scene 568),,51
/scratch/vcj9002/MagicPhysics/test_ball_collide_collect/569/env/camera/cam_0,A physics simulation showing balls colliding (scene 569),,89
/scratch/vcj9002/MagicPhysics/test_ball_collide_collect/57/env/camera/cam_0,A physics simulation showing balls colliding (scene 57),,59
/scratch/vcj9002/MagicPhysics/test_ball_collide_collect/570/env/camera/cam_0,A physics simulation showing balls colliding (scene 570),,54
/scratch/vcj9002/MagicPhysics/test_ball_collide_collect/571/env/camera/cam_0,A physics simulation showing balls colliding (scene 571),,103
/scratch/vcj9002/MagicPhysics/test_ball_collide_collect/572/env/camera/cam_0,A physics simulation showing balls colliding (scene 572),,47
/scratch/vcj9002/MagicPhysics/test_ball_collide_collect/573/env/camera/cam_0,A physics simulation showing balls colliding (scene 573),,47
/scratch/vcj9002/MagicPhysics/test_ball_collide_collect/574/env/camera/cam_0,A physics simulation showing balls colliding (scene 574),,82
/scratch/vcj9002/MagicPhysics/test_ball_collide_collect/575/env/camera/cam_0,A physics simulation showing balls colliding (scene 575),,82
/scratch/vcj9002/MagicPhysics/test_ball_collide_collect/576/env/camera/cam_0,A physics simulation showing balls colliding (scene 576),,57
/scratch/vcj9002/MagicPhysics/test_ball_collide_collect/577/env/camera/cam_0,A physics simulation showing balls colliding (scene 577),,70
/scratch/vcj9002/MagicPhysics/test_ball_collide_collect/578/env/camera/cam_0,A physics simulation showing balls colliding (scene 578),,70
/scratch/vcj9002/MagicPhysics/test_ball_collide_collect/579/env/camera/cam_0,A physics simulation showing balls colliding (scene 579),,68
/scratch/vcj9002/MagicPhysics/test_ball_collide_collect/58/env/camera/cam_0,A physics simulation showing balls colliding (scene 58),,59
/scratch/vcj9002/MagicPhysics/test_ball_collide_collect/580/env/camera/cam_0,A physics simulation showing balls colliding (scene 580),,53
/scratch/vcj9002/MagicPhysics/test_ball_collide_collect/581/env/camera/cam_0,A physics simulation showing balls colliding (scene 581),,53
/scratch/vcj9002/MagicPhysics/test_ball_collide_collect/582/env/camera/cam_0,A physics simulation showing balls colliding (scene 582),,62
/scratch/vcj9002/MagicPhysics/test_ball_collide_collect/583/env/camera/cam_0,A physics simulation showing balls colliding (scene 583),,72
/scratch/vcj9002/MagicPhysics/test_ball_collide_collect/584/env/camera/cam_0,A physics simulation showing balls colliding (scene 584),,55
/scratch/vcj9002/MagicPhysics/test_ball_collide_collect/585/env/camera/cam_0,A physics simulation showing balls colliding (scene 585),,55
/scratch/vcj9002/MagicPhysics/test_ball_collide_collect/586/env/camera/cam_0,A physics simulation showing balls colliding (scene 586),,58
/scratch/vcj9002/MagicPhysics/test_ball_collide_collect/587/env/camera/cam_0,A physics simulation showing balls colliding (scene 587),,76
/scratch/vcj9002/MagicPhysics/test_ball_collide_collect/588/env/camera/cam_0,A physics simulation showing balls colliding (scene 588),,76
/scratch/vcj9002/MagicPhysics/test_ball_collide_collect/589/env/camera/cam_0,A physics simulation showing balls colliding (scene 589),,49
/scratch/vcj9002/MagicPhysics/test_ball_collide_collect/59/env/camera/cam_0,A physics simulation showing balls colliding (scene 59),,75
/scratch/vcj9002/MagicPhysics/test_ball_collide_collect/590/env/camera/cam_0,A physics simulation showing balls colliding (scene 590),,40
/scratch/vcj9002/MagicPhysics/test_ball_collide_collect/591/env/camera/cam_0,A physics simulation showing balls colliding (scene 591),,40
/scratch/vcj9002/MagicPhysics/test_ball_collide_collect/592/env/camera/cam_0,A physics simulation showing balls colliding (scene 592),,37
/scratch/vcj9002/MagicPhysics/test_ball_collide_collect/593/env/camera/cam_0,A physics simulation showing balls colliding (scene 593),,46
/scratch/vcj9002/MagicPhysics/test_ball_collide_collect/594/env/camera/cam_0,A physics simulation showing balls colliding (scene 594),,46
/scratch/vcj9002/MagicPhysics/test_ball_collide_collect/595/env/camera/cam_0,A physics simulation showing balls colliding (scene 595),,43
/scratch/vcj9002/MagicPhysics/test_ball_collide_collect/596/env/camera/cam_0,A physics simulation showing balls colliding (scene 596),,43
/scratch/vcj9002/MagicPhysics/test_ball_collide_collect/597/env/camera/cam_0,A physics simulation showing balls colliding (scene 597),,51
/scratch/vcj9002/MagicPhysics/test_ball_collide_collect/598/env/camera/cam_0,A physics simulation showing balls colliding (scene 598),,40
/scratch/vcj9002/MagicPhysics/test_ball_collide_collect/599/env/camera/cam_0,A physics simulation showing balls colliding (scene 599),,75
/scratch/vcj9002/MagicPhysics/test_ball_collide_collect/6/env/camera/cam_0,A physics simulation showing balls colliding (scene 6),,57
/scratch/vcj9002/MagicPhysics/test_ball_collide_collect/60/env/camera/cam_0,A physics simulation showing balls colliding (scene 60),,50
/scratch/vcj9002/MagicPhysics/test_ball_collide_collect/600/env/camera/cam_0,A physics simulation showing balls colliding (scene 600),,65
/scratch/vcj9002/MagicPhysics/test_ball_collide_collect/601/env/camera/cam_0,A physics simulation showing balls colliding (scene 601),,65
/scratch/vcj9002/MagicPhysics/test_ball_collide_collect/602/env/camera/cam_0,A physics simulation showing balls colliding (scene 602),,43
/scratch/vcj9002/MagicPhysics/test_ball_collide_collect/603/env/camera/cam_0,A physics simulation showing balls colliding (scene 603),,43
/scratch/vcj9002/MagicPhysics/test_ball_collide_collect/604/env/camera/cam_0,A physics simulation showing balls colliding (scene 604),,43
/scratch/vcj9002/MagicPhysics/test_ball_collide_collect/605/env/camera/cam_0,A physics simulation showing balls colliding (scene 605),,43
/scratch/vcj9002/MagicPhysics/test_ball_collide_collect/606/env/camera/cam_0,A physics simulation showing balls colliding (scene 606),,41
/scratch/vcj9002/MagicPhysics/test_ball_collide_collect/607/env/camera/cam_0,A physics simulation showing balls colliding (scene 607),,51
/scratch/vcj9002/MagicPhysics/test_ball_collide_collect/608/env/camera/cam_0,A physics simulation showing balls colliding (scene 608),,87
/scratch/vcj9002/MagicPhysics/test_ball_collide_collect/609/env/camera/cam_0,A physics simulation showing balls colliding (scene 609),,41
/scratch/vcj9002/MagicPhysics/test_ball_collide_collect/61/env/camera/cam_0,A physics simulation showing balls colliding (scene 61),,48
/scratch/vcj9002/MagicPhysics/test_ball_collide_collect/610/env/camera/cam_0,A physics simulation showing balls colliding (scene 610),,41
/scratch/vcj9002/MagicPhysics/test_ball_collide_collect/611/env/camera/cam_0,A physics simulation showing balls colliding (scene 611),,82
/scratch/vcj9002/MagicPhysics/test_ball_collide_collect/612/env/camera/cam_0,A physics simulation showing balls colliding (scene 612),,51
/scratch/vcj9002/MagicPhysics/test_ball_collide_collect/613/env/camera/cam_0,A physics simulation showing balls colliding (scene 613),,51
/scratch/vcj9002/MagicPhysics/test_ball_collide_collect/614/env/camera/cam_0,A physics simulation showing balls colliding (scene 614),,38
/scratch/vcj9002/MagicPhysics/test_ball_collide_collect/615/env/camera/cam_0,A physics simulation showing balls colliding (scene 615),,61
/scratch/vcj9002/MagicPhysics/test_ball_collide_collect/616/env/camera/cam_0,A physics simulation showing balls colliding (scene 616),,40
/scratch/vcj9002/MagicPhysics/test_ball_collide_collect/617/env/camera/cam_0,A physics simulation showing balls colliding (scene 617),,61
/scratch/vcj9002/MagicPhysics/test_ball_collide_collect/618/env/camera/cam_0,A physics simulation showing balls colliding (scene 618),,65
/scratch/vcj9002/MagicPhysics/test_ball_collide_collect/619/env/camera/cam_0,A physics simulation showing balls colliding (scene 619),,51
/scratch/vcj9002/MagicPhysics/test_ball_collide_collect/62/env/camera/cam_0,A physics simulation showing balls colliding (scene 62),,62
/scratch/vcj9002/MagicPhysics/test_ball_collide_collect/620/env/camera/cam_0,A physics simulation showing balls colliding (scene 620),,46
/scratch/vcj9002/MagicPhysics/test_ball_collide_collect/621/env/camera/cam_0,A physics simulation showing balls colliding (scene 621),,46
/scratch/vcj9002/MagicPhysics/test_ball_collide_collect/622/env/camera/cam_0,A physics simulation showing balls colliding (scene 622),,64
/scratch/vcj9002/MagicPhysics/test_ball_collide_collect/623/env/camera/cam_0,A physics simulation showing balls colliding (scene 623),,64
/scratch/vcj9002/MagicPhysics/test_ball_collide_collect/624/env/camera/cam_0,A physics simulation showing balls colliding (scene 624),,70
/scratch/vcj9002/MagicPhysics/test_ball_collide_collect/625/env/camera/cam_0,A physics simulation showing balls colliding (scene 625),,61
/scratch/vcj9002/MagicPhysics/test_ball_collide_collect/626/env/camera/cam_0,A physics simulation showing balls colliding (scene 626),,96
/scratch/vcj9002/MagicPhysics/test_ball_collide_collect/627/env/camera/cam_0,A physics simulation showing balls colliding (scene 627),,96
/scratch/vcj9002/MagicPhysics/test_ball_collide_collect/628/env/camera/cam_0,A physics simulation showing balls colliding (scene 628),,71
/scratch/vcj9002/MagicPhysics/test_ball_collide_collect/629/env/camera/cam_0,A physics simulation showing balls colliding (scene 629),,52
/scratch/vcj9002/MagicPhysics/test_ball_collide_collect/63/env/camera/cam_0,A physics simulation showing balls colliding (scene 63),,48
/scratch/vcj9002/MagicPhysics/test_ball_collide_collect/630/env/camera/cam_0,A physics simulation showing balls colliding (scene 630),,41
/scratch/vcj9002/MagicPhysics/test_ball_collide_collect/631/env/camera/cam_0,A physics simulation showing balls colliding (scene 631),,60
/scratch/vcj9002/MagicPhysics/test_ball_collide_collect/632/env/camera/cam_0,A physics simulation showing balls colliding (scene 632),,60
/scratch/vcj9002/MagicPhysics/test_ball_collide_collect/633/env/camera/cam_0,A physics simulation showing balls colliding (scene 633),,57
/scratch/vcj9002/MagicPhysics/test_ball_collide_collect/634/env/camera/cam_0,A physics simulation showing balls colliding (scene 634),,70
/scratch/vcj9002/MagicPhysics/test_ball_collide_collect/635/env/camera/cam_0,A physics simulation showing balls colliding (scene 635),,70
/scratch/vcj9002/MagicPhysics/test_ball_collide_collect/636/env/camera/cam_0,A physics simulation showing balls colliding (scene 636),,43
/scratch/vcj9002/MagicPhysics/test_ball_collide_collect/637/env/camera/cam_0,A physics simulation showing balls colliding (scene 637),,83
/scratch/vcj9002/MagicPhysics/test_ball_collide_collect/638/env/camera/cam_0,A physics simulation showing balls colliding (scene 638),,50
/scratch/vcj9002/MagicPhysics/test_ball_collide_collect/639/env/camera/cam_0,A physics simulation showing balls colliding (scene 639),,83
/scratch/vcj9002/MagicPhysics/test_ball_collide_collect/64/env/camera/cam_0,A physics simulation showing balls colliding (scene 64),,55
/scratch/vcj9002/MagicPhysics/test_ball_collide_collect/640/env/camera/cam_0,A physics simulation showing balls colliding (scene 640),,65
/scratch/vcj9002/MagicPhysics/test_ball_collide_collect/641/env/camera/cam_0,A physics simulation showing balls colliding (scene 641),,62
/scratch/vcj9002/MagicPhysics/test_ball_collide_collect/642/env/camera/cam_0,A physics simulation showing balls colliding (scene 642),,61
/scratch/vcj9002/MagicPhysics/test_ball_collide_collect/643/env/camera/cam_0,A physics simulation showing balls colliding (scene 643),,61
/scratch/vcj9002/MagicPhysics/test_ball_collide_collect/644/env/camera/cam_0,A physics simulation showing balls colliding (scene 644),,48
/scratch/vcj9002/MagicPhysics/test_ball_collide_collect/645/env/camera/cam_0,A physics simulation showing balls colliding (scene 645),,48
/scratch/vcj9002/MagicPhysics/test_ball_collide_collect/646/env/camera/cam_0,A physics simulation showing balls colliding (scene 646),,50
/scratch/vcj9002/MagicPhysics/test_ball_collide_collect/647/env/camera/cam_0,A physics simulation showing balls colliding (scene 647),,46
/scratch/vcj9002/MagicPhysics/test_ball_collide_collect/648/env/camera/cam_0,A physics simulation showing balls colliding (scene 648),,59
/scratch/vcj9002/MagicPhysics/test_ball_collide_collect/649/env/camera/cam_0,A physics simulation showing balls colliding (scene 649),,62
/scratch/vcj9002/MagicPhysics/test_ball_collide_collect/65/env/camera/cam_0,A physics simulation showing balls colliding (scene 65),,55
/scratch/vcj9002/MagicPhysics/test_ball_collide_collect/650/env/camera/cam_0,A physics simulation showing balls colliding (scene 650),,62
/scratch/vcj9002/MagicPhysics/test_ball_collide_collect/651/env/camera/cam_0,A physics simulation showing balls colliding (scene 651),,56
/scratch/vcj9002/MagicPhysics/test_ball_collide_collect/652/env/camera/cam_0,A physics simulation showing balls colliding (scene 652),,56
/scratch/vcj9002/MagicPhysics/test_ball_collide_collect/653/env/camera/cam_0,A physics simulation showing balls colliding (scene 653),,54
/scratch/vcj9002/MagicPhysics/test_ball_collide_collect/654/env/camera/cam_0,A physics simulation showing balls colliding (scene 654),,54
/scratch/vcj9002/MagicPhysics/test_ball_collide_collect/655/env/camera/cam_0,A physics simulation showing balls colliding (scene 655),,70
/scratch/vcj9002/MagicPhysics/test_ball_collide_collect/656/env/camera/cam_0,A physics simulation showing balls colliding (scene 656),,52
/scratch/vcj9002/MagicPhysics/test_ball_collide_collect/657/env/camera/cam_0,A physics simulation showing balls colliding (scene 657),,42
/scratch/vcj9002/MagicPhysics/test_ball_collide_collect/658/env/camera/cam_0,A physics simulation showing balls colliding (scene 658),,42
/scratch/vcj9002/MagicPhysics/test_ball_collide_collect/659/env/camera/cam_0,A physics simulation showing balls colliding (scene 659),,43
/scratch/vcj9002/MagicPhysics/test_ball_collide_collect/66/env/camera/cam_0,A physics simulation showing balls colliding (scene 66),,63
/scratch/vcj9002/MagicPhysics/test_ball_collide_collect/660/env/camera/cam_0,A physics simulation showing balls colliding (scene 660),,43
/scratch/vcj9002/MagicPhysics/test_ball_collide_collect/661/env/camera/cam_0,A physics simulation showing balls colliding (scene 661),,49
/scratch/vcj9002/MagicPhysics/test_ball_collide_collect/662/env/camera/cam_0,A physics simulation showing balls colliding (scene 662),,49
/scratch/vcj9002/MagicPhysics/test_ball_collide_collect/663/env/camera/cam_0,A physics simulation showing balls colliding (scene 663),,69
/scratch/vcj9002/MagicPhysics/test_ball_collide_collect/664/env/camera/cam_0,A physics simulation showing balls colliding (scene 664),,57
/scratch/vcj9002/MagicPhysics/test_ball_collide_collect/665/env/camera/cam_0,A physics simulation showing balls colliding (scene 665),,39
/scratch/vcj9002/MagicPhysics/test_ball_collide_collect/666/env/camera/cam_0,A physics simulation showing balls colliding (scene 666),,39
/scratch/vcj9002/MagicPhysics/test_ball_collide_collect/667/env/camera/cam_0,A physics simulation showing balls colliding (scene 667),,127
/scratch/vcj9002/MagicPhysics/test_ball_collide_collect/668/env/camera/cam_0,A physics simulation showing balls colliding (scene 668),,65
/scratch/vcj9002/MagicPhysics/test_ball_collide_collect/669/env/camera/cam_0,A physics simulation showing balls colliding (scene 669),,46
/scratch/vcj9002/MagicPhysics/test_ball_collide_collect/67/env/camera/cam_0,A physics simulation showing balls colliding (scene 67),,63
/scratch/vcj9002/MagicPhysics/test_ball_collide_collect/670/env/camera/cam_0,A physics simulation showing balls colliding (scene 670),,65
/scratch/vcj9002/MagicPhysics/test_ball_collide_collect/671/env/camera/cam_0,A physics simulation showing balls colliding (scene 671),,94
/scratch/vcj9002/MagicPhysics/test_ball_collide_collect/672/env/camera/cam_0,A physics simulation showing balls colliding (scene 672),,64
/scratch/vcj9002/MagicPhysics/test_ball_collide_collect/673/env/camera/cam_0,A physics simulation showing balls colliding (scene 673),,103
/scratch/vcj9002/MagicPhysics/test_ball_collide_collect/674/env/camera/cam_0,A physics simulation showing balls colliding (scene 674),,103
/scratch/vcj9002/MagicPhysics/test_ball_collide_collect/675/env/camera/cam_0,A physics simulation showing balls colliding (scene 675),,65
/scratch/vcj9002/MagicPhysics/test_ball_collide_collect/676/env/camera/cam_0,A physics simulation showing balls colliding (scene 676),,65
/scratch/vcj9002/MagicPhysics/test_ball_collide_collect/677/env/camera/cam_0,A physics simulation showing balls colliding (scene 677),,70
/scratch/vcj9002/MagicPhysics/test_ball_collide_collect/678/env/camera/cam_0,A physics simulation showing balls colliding (scene 678),,44
/scratch/vcj9002/MagicPhysics/test_ball_collide_collect/679/env/camera/cam_0,A physics simulation showing balls colliding (scene 679),,43
/scratch/vcj9002/MagicPhysics/test_ball_collide_collect/68/env/camera/cam_0,A physics simulation showing balls colliding (scene 68),,56
/scratch/vcj9002/MagicPhysics/test_ball_collide_collect/680/env/camera/cam_0,A physics simulation showing balls colliding (scene 680),,65
/scratch/vcj9002/MagicPhysics/test_ball_collide_collect/681/env/camera/cam_0,A physics simulation showing balls colliding (scene 681),,65
/scratch/vcj9002/MagicPhysics/test_ball_collide_collect/682/env/camera/cam_0,A physics simulation showing balls colliding (scene 682),,46
/scratch/vcj9002/MagicPhysics/test_ball_collide_collect/683/env/camera/cam_0,A physics simulation showing balls colliding (scene 683),,46
/scratch/vcj9002/MagicPhysics/test_ball_collide_collect/684/env/camera/cam_0,A physics simulation showing balls colliding (scene 684),,77
/scratch/vcj9002/MagicPhysics/test_ball_collide_collect/685/env/camera/cam_0,A physics simulation showing balls colliding (scene 685),,70
/scratch/vcj9002/MagicPhysics/test_ball_collide_collect/686/env/camera/cam_0,A physics simulation showing balls colliding (scene 686),,84
/scratch/vcj9002/MagicPhysics/test_ball_collide_collect/687/env/camera/cam_0,A physics simulation showing balls colliding (scene 687),,84
/scratch/vcj9002/MagicPhysics/test_ball_collide_collect/688/env/camera/cam_0,A physics simulation showing balls colliding (scene 688),,58
/scratch/vcj9002/MagicPhysics/test_ball_collide_collect/689/env/camera/cam_0,A physics simulation showing balls colliding (scene 689),,58
/scratch/vcj9002/MagicPhysics/test_ball_collide_collect/69/env/camera/cam_0,A physics simulation showing balls colliding (scene 69),,92
/scratch/vcj9002/MagicPhysics/test_ball_collide_collect/690/env/camera/cam_0,A physics simulation showing balls colliding (scene 690),,84
/scratch/vcj9002/MagicPhysics/test_ball_collide_collect/691/env/camera/cam_0,A physics simulation showing balls colliding (scene 691),,49
/scratch/vcj9002/MagicPhysics/test_ball_collide_collect/692/env/camera/cam_0,A physics simulation showing balls colliding (scene 692),,49
/scratch/vcj9002/MagicPhysics/test_ball_collide_collect/693/env/camera/cam_0,A physics simulation showing balls colliding (scene 693),,39
/scratch/vcj9002/MagicPhysics/test_ball_collide_collect/694/env/camera/cam_0,A physics simulation showing balls colliding (scene 694),,93
/scratch/vcj9002/MagicPhysics/test_ball_collide_collect/695/env/camera/cam_0,A physics simulation showing balls colliding (scene 695),,53
/scratch/vcj9002/MagicPhysics/test_ball_collide_collect/696/env/camera/cam_0,A physics simulation showing balls colliding (scene 696),,40
/scratch/vcj9002/MagicPhysics/test_ball_collide_collect/697/env/camera/cam_0,A physics simulation showing balls colliding (scene 697),,40
/scratch/vcj9002/MagicPhysics/test_ball_collide_collect/698/env/camera/cam_0,A physics simulation showing balls colliding (scene 698),,48
/scratch/vcj9002/MagicPhysics/test_ball_collide_collect/699/env/camera/cam_0,A physics simulation showing balls colliding (scene 699),,46
/scratch/vcj9002/MagicPhysics/test_ball_collide_collect/7/env/camera/cam_0,A physics simulation showing balls colliding (scene 7),,58
/scratch/vcj9002/MagicPhysics/test_ball_collide_collect/70/env/camera/cam_0,A physics simulation showing balls colliding (scene 70),,40
/scratch/vcj9002/MagicPhysics/test_ball_collide_collect/700/env/camera/cam_0,A physics simulation showing balls colliding (scene 700),,61
/scratch/vcj9002/MagicPhysics/test_ball_collide_collect/701/env/camera/cam_0,A physics simulation showing balls colliding (scene 701),,61
/scratch/vcj9002/MagicPhysics/test_ball_collide_collect/702/env/camera/cam_0,A physics simulation showing balls colliding (scene 702),,44
/scratch/vcj9002/MagicPhysics/test_ball_collide_collect/703/env/camera/cam_0,A physics simulation showing balls colliding (scene 703),,44
/scratch/vcj9002/MagicPhysics/test_ball_collide_collect/704/env/camera/cam_0,A physics simulation showing balls colliding (scene 704),,44
/scratch/vcj9002/MagicPhysics/test_ball_collide_collect/705/env/camera/cam_0,A physics simulation showing balls colliding (scene 705),,97
/scratch/vcj9002/MagicPhysics/test_ball_collide_collect/706/env/camera/cam_0,A physics simulation showing balls colliding (scene 706),,97
/scratch/vcj9002/MagicPhysics/test_ball_collide_collect/707/env/camera/cam_0,A physics simulation showing balls colliding (scene 707),,47
/scratch/vcj9002/MagicPhysics/test_ball_collide_collect/708/env/camera/cam_0,A physics simulation showing balls colliding (scene 708),,51
/scratch/vcj9002/MagicPhysics/test_ball_collide_collect/709/env/camera/cam_0,A physics simulation showing balls colliding (scene 709),,48
/scratch/vcj9002/MagicPhysics/test_ball_collide_collect/71/env/camera/cam_0,A physics simulation showing balls colliding (scene 71),,40
/scratch/vcj9002/MagicPhysics/test_ball_collide_collect/710/env/camera/cam_0,A physics simulation showing balls colliding (scene 710),,39
/scratch/vcj9002/MagicPhysics/test_ball_collide_collect/711/env/camera/cam_0,A physics simulation showing balls colliding (scene 711),,46
/scratch/vcj9002/MagicPhysics/test_ball_collide_collect/712/env/camera/cam_0,A physics simulation showing balls colliding (scene 712),,48
/scratch/vcj9002/MagicPhysics/test_ball_collide_collect/713/env/camera/cam_0,A physics simulation showing balls colliding (scene 713),,48
/scratch/vcj9002/MagicPhysics/test_ball_collide_collect/714/env/camera/cam_0,A physics simulation showing balls colliding (scene 714),,44
/scratch/vcj9002/MagicPhysics/test_ball_collide_collect/715/env/camera/cam_0,A physics simulation showing balls colliding (scene 715),,37
/scratch/vcj9002/MagicPhysics/test_ball_collide_collect/716/env/camera/cam_0,A physics simulation showing balls colliding (scene 716),,65
/scratch/vcj9002/MagicPhysics/test_ball_collide_collect/717/env/camera/cam_0,A physics simulation showing balls colliding (scene 717),,65
/scratch/vcj9002/MagicPhysics/test_ball_collide_collect/718/env/camera/cam_0,A physics simulation showing balls colliding (scene 718),,52
/scratch/vcj9002/MagicPhysics/test_ball_collide_collect/719/env/camera/cam_0,A physics simulation showing balls colliding (scene 719),,104
/scratch/vcj9002/MagicPhysics/test_ball_collide_collect/72/env/camera/cam_0,A physics simulation showing balls colliding (scene 72),,57
/scratch/vcj9002/MagicPhysics/test_ball_collide_collect/720/env/camera/cam_0,A physics simulation showing balls colliding (scene 720),,104
/scratch/vcj9002/MagicPhysics/test_ball_collide_collect/721/env/camera/cam_0,A physics simulation showing balls colliding (scene 721),,43
/scratch/vcj9002/MagicPhysics/test_ball_collide_collect/722/env/camera/cam_0,A physics simulation showing balls colliding (scene 722),,65
/scratch/vcj9002/MagicPhysics/test_ball_collide_collect/723/env/camera/cam_0,A physics simulation showing balls colliding (scene 723),,65
/scratch/vcj9002/MagicPhysics/test_ball_collide_collect/724/env/camera/cam_0,A physics simulation showing balls colliding (scene 724),,67
/scratch/vcj9002/MagicPhysics/test_ball_collide_collect/725/env/camera/cam_0,A physics simulation showing balls colliding (scene 725),,48
/scratch/vcj9002/MagicPhysics/test_ball_collide_collect/726/env/camera/cam_0,A physics simulation showing balls colliding (scene 726),,48
/scratch/vcj9002/MagicPhysics/test_ball_collide_collect/727/env/camera/cam_0,A physics simulation showing balls colliding (scene 727),,65
/scratch/vcj9002/MagicPhysics/test_ball_collide_collect/728/env/camera/cam_0,A physics simulation showing balls colliding (scene 728),,89
/scratch/vcj9002/MagicPhysics/test_ball_collide_collect/729/env/camera/cam_0,A physics simulation showing balls colliding (scene 729),,75
/scratch/vcj9002/MagicPhysics/test_ball_collide_collect/73/env/camera/cam_0,A physics simulation showing balls colliding (scene 73),,51
/scratch/vcj9002/MagicPhysics/test_ball_collide_collect/730/env/camera/cam_0,A physics simulation showing balls colliding (scene 730),,75
/scratch/vcj9002/MagicPhysics/test_ball_collide_collect/731/env/camera/cam_0,A physics simulation showing balls colliding (scene 731),,46
/scratch/vcj9002/MagicPhysics/test_ball_collide_collect/732/env/camera/cam_0,A physics simulation showing balls colliding (scene 732),,66
/scratch/vcj9002/MagicPhysics/test_ball_collide_collect/733/env/camera/cam_0,A physics simulation showing balls colliding (scene 733),,62
/scratch/vcj9002/MagicPhysics/test_ball_collide_collect/734/env/camera/cam_0,A physics simulation showing balls colliding (scene 734),,71
/scratch/vcj9002/MagicPhysics/test_ball_collide_collect/735/env/camera/cam_0,A physics simulation showing balls colliding (scene 735),,71
/scratch/vcj9002/MagicPhysics/test_ball_collide_collect/736/env/camera/cam_0,A physics simulation showing balls colliding (scene 736),,50
/scratch/vcj9002/MagicPhysics/test_ball_collide_collect/737/env/camera/cam_0,A physics simulation showing balls colliding (scene 737),,56
/scratch/vcj9002/MagicPhysics/test_ball_collide_collect/738/env/camera/cam_0,A physics simulation showing balls colliding (scene 738),,56
/scratch/vcj9002/MagicPhysics/test_ball_collide_collect/739/env/camera/cam_0,A physics simulation showing balls colliding (scene 739),,76
/scratch/vcj9002/MagicPhysics/test_ball_collide_collect/74/env/camera/cam_0,A physics simulation showing balls colliding (scene 74),,51
/scratch/vcj9002/MagicPhysics/test_ball_collide_collect/740/env/camera/cam_0,A physics simulation showing balls colliding (scene 740),,76
/scratch/vcj9002/MagicPhysics/test_ball_collide_collect/741/env/camera/cam_0,A physics simulation showing balls colliding (scene 741),,62
/scratch/vcj9002/MagicPhysics/test_ball_collide_collect/742/env/camera/cam_0,A physics simulation showing balls colliding (scene 742),,33
/scratch/vcj9002/MagicPhysics/test_ball_collide_collect/743/env/camera/cam_0,A physics simulation showing balls colliding (scene 743),,33
/scratch/vcj9002/MagicPhysics/test_ball_collide_collect/744/env/camera/cam_0,A physics simulation showing balls colliding (scene 744),,50
/scratch/vcj9002/MagicPhysics/test_ball_collide_collect/745/env/camera/cam_0,A physics simulation showing balls colliding (scene 745),,50
/scratch/vcj9002/MagicPhysics/test_ball_collide_collect/746/env/camera/cam_0,A physics simulation showing balls colliding (scene 746),,43
/scratch/vcj9002/MagicPhysics/test_ball_collide_collect/747/env/camera/cam_0,A physics simulation showing balls colliding (scene 747),,43
/scratch/vcj9002/MagicPhysics/test_ball_collide_collect/748/env/camera/cam_0,A physics simulation showing balls colliding (scene 748),,68
/scratch/vcj9002/MagicPhysics/test_ball_collide_collect/749/env/camera/cam_0,A physics simulation showing balls colliding (scene 749),,61
/scratch/vcj9002/MagicPhysics/test_ball_collide_collect/75/env/camera/cam_0,A physics simulation showing balls colliding (scene 75),,95
/scratch/vcj9002/MagicPhysics/test_ball_collide_collect/750/env/camera/cam_0,A physics simulation showing balls colliding (scene 750),,61
/scratch/vcj9002/MagicPhysics/test_ball_collide_collect/751/env/camera/cam_0,A physics simulation showing balls colliding (scene 751),,45
/scratch/vcj9002/MagicPhysics/test_ball_collide_collect/752/env/camera/cam_0,A physics simulation showing balls colliding (scene 752),,44
/scratch/vcj9002/MagicPhysics/test_ball_collide_collect/753/env/camera/cam_0,A physics simulation showing balls colliding (scene 753),,48
/scratch/vcj9002/MagicPhysics/test_ball_collide_collect/754/env/camera/cam_0,A physics simulation showing balls colliding (scene 754),,48
/scratch/vcj9002/MagicPhysics/test_ball_collide_collect/755/env/camera/cam_0,A physics simulation showing balls colliding (scene 755),,48
/scratch/vcj9002/MagicPhysics/test_ball_collide_collect/756/env/camera/cam_0,A physics simulation showing balls colliding (scene 756),,67
/scratch/vcj9002/MagicPhysics/test_ball_collide_collect/757/env/camera/cam_0,A physics simulation showing balls colliding (scene 757),,67
/scratch/vcj9002/MagicPhysics/test_ball_collide_collect/758/env/camera/cam_0,A physics simulation showing balls colliding (scene 758),,70
/scratch/vcj9002/MagicPhysics/test_ball_collide_collect/759/env/camera/cam_0,A physics simulation showing balls colliding (scene 759),,70
/scratch/vcj9002/MagicPhysics/test_ball_collide_collect/76/env/camera/cam_0,A physics simulation showing balls colliding (scene 76),,47
/scratch/vcj9002/MagicPhysics/test_ball_collide_collect/760/env/camera/cam_0,A physics simulation showing balls colliding (scene 760),,95
/scratch/vcj9002/MagicPhysics/test_ball_collide_collect/761/env/camera/cam_0,A physics simulation showing balls colliding (scene 761),,51
/scratch/vcj9002/MagicPhysics/test_ball_collide_collect/762/env/camera/cam_0,A physics simulation showing balls colliding (scene 762),,48
/scratch/vcj9002/MagicPhysics/test_ball_collide_collect/763/env/camera/cam_0,A physics simulation showing balls colliding (scene 763),,69
/scratch/vcj9002/MagicPhysics/test_ball_collide_collect/764/env/camera/cam_0,A physics simulation showing balls colliding (scene 764),,57
/scratch/vcj9002/MagicPhysics/test_ball_collide_collect/765/env/camera/cam_0,A physics simulation showing balls colliding (scene 765),,57
/scratch/vcj9002/MagicPhysics/test_ball_collide_collect/766/env/camera/cam_0,A physics simulation showing balls colliding (scene 766),,67
/scratch/vcj9002/MagicPhysics/test_ball_collide_collect/767/env/camera/cam_0,A physics simulation showing balls colliding (scene 767),,67
/scratch/vcj9002/MagicPhysics/test_ball_collide_collect/768/env/camera/cam_0,A physics simulation showing balls colliding (scene 768),,67
/scratch/vcj9002/MagicPhysics/test_ball_collide_collect/769/env/camera/cam_0,A physics simulation showing balls colliding (scene 769),,67
/scratch/vcj9002/MagicPhysics/test_ball_collide_collect/77/env/camera/cam_0,A physics simulation showing balls colliding (scene 77),,65
/scratch/vcj9002/MagicPhysics/test_ball_collide_collect/770/env/camera/cam_0,A physics simulation showing balls colliding (scene 770),,52
/scratch/vcj9002/MagicPhysics/test_ball_collide_collect/771/env/camera/cam_0,A physics simulation showing balls colliding (scene 771),,55
/scratch/vcj9002/MagicPhysics/test_ball_collide_collect/772/env/camera/cam_0,A physics simulation showing balls colliding (scene 772),,64
/scratch/vcj9002/MagicPhysics/test_ball_collide_collect/773/env/camera/cam_0,A physics simulation showing balls colliding (scene 773),,59
/scratch/vcj9002/MagicPhysics/test_ball_collide_collect/774/env/camera/cam_0,A physics simulation showing balls colliding (scene 774),,40
/scratch/vcj9002/MagicPhysics/test_ball_collide_collect/775/env/camera/cam_0,A physics simulation showing balls colliding (scene 775),,56
/scratch/vcj9002/MagicPhysics/test_ball_collide_collect/776/env/camera/cam_0,A physics simulation showing balls colliding (scene 776),,56
/scratch/vcj9002/MagicPhysics/test_ball_collide_collect/777/env/camera/cam_0,A physics simulation showing balls colliding (scene 777),,73
/scratch/vcj9002/MagicPhysics/test_ball_collide_collect/778/env/camera/cam_0,A physics simulation showing balls colliding (scene 778),,73
/scratch/vcj9002/MagicPhysics/test_ball_collide_collect/779/env/camera/cam_0,A physics simulation showing balls colliding (scene 779),,64
/scratch/vcj9002/MagicPhysics/test_ball_collide_collect/78/env/camera/cam_0,A physics simulation showing balls colliding (scene 78),,65
/scratch/vcj9002/MagicPhysics/test_ball_collide_collect/780/env/camera/cam_0,A physics simulation showing balls colliding (scene 780),,64
/scratch/vcj9002/MagicPhysics/test_ball_collide_collect/781/env/camera/cam_0,A physics simulation showing balls colliding (scene 781),,42
/scratch/vcj9002/MagicPhysics/test_ball_collide_collect/782/env/camera/cam_0,A physics simulation showing balls colliding (scene 782),,42
/scratch/vcj9002/MagicPhysics/test_ball_collide_collect/783/env/camera/cam_0,A physics simulation showing balls colliding (scene 783),,57
/scratch/vcj9002/MagicPhysics/test_ball_collide_collect/784/env/camera/cam_0,A physics simulation showing balls colliding (scene 784),,86
/scratch/vcj9002/MagicPhysics/test_ball_collide_collect/785/env/camera/cam_0,A physics simulation showing balls colliding (scene 785),,67
/scratch/vcj9002/MagicPhysics/test_ball_collide_collect/786/env/camera/cam_0,A physics simulation showing balls colliding (scene 786),,53
/scratch/vcj9002/MagicPhysics/test_ball_collide_collect/787/env/camera/cam_0,A physics simulation showing balls colliding (scene 787),,53
/scratch/vcj9002/MagicPhysics/test_ball_collide_collect/788/env/camera/cam_0,A physics simulation showing balls colliding (scene 788),,58
/scratch/vcj9002/MagicPhysics/test_ball_collide_collect/789/env/camera/cam_0,A physics simulation showing balls colliding (scene 789),,53
/scratch/vcj9002/MagicPhysics/test_ball_collide_collect/79/env/camera/cam_0,A physics simulation showing balls colliding (scene 79),,73
/scratch/vcj9002/MagicPhysics/test_ball_collide_collect/790/env/camera/cam_0,A physics simulation showing balls colliding (scene 790),,53
/scratch/vcj9002/MagicPhysics/test_ball_collide_collect/791/env/camera/cam_0,A physics simulation showing balls colliding (scene 791),,39
/scratch/vcj9002/MagicPhysics/test_ball_collide_collect/792/env/camera/cam_0,A physics simulation showing balls colliding (scene 792),,39
/scratch/vcj9002/MagicPhysics/test_ball_collide_collect/793/env/camera/cam_0,A physics simulation showing balls colliding (scene 793),,52
/scratch/vcj9002/MagicPhysics/test_ball_collide_collect/794/env/camera/cam_0,A physics simulation showing balls colliding (scene 794),,52
/scratch/vcj9002/MagicPhysics/test_ball_collide_collect/795/env/camera/cam_0,A physics simulation showing balls colliding (scene 795),,57
/scratch/vcj9002/MagicPhysics/test_ball_collide_collect/796/env/camera/cam_0,A physics simulation showing balls colliding (scene 796),,43
/scratch/vcj9002/MagicPhysics/test_ball_collide_collect/797/env/camera/cam_0,A physics simulation showing balls colliding (scene 797),,43
/scratch/vcj9002/MagicPhysics/test_ball_collide_collect/798/env/camera/cam_0,A physics simulation showing balls colliding (scene 798),,65
/scratch/vcj9002/MagicPhysics/test_ball_collide_collect/799/env/camera/cam_0,A physics simulation showing balls colliding (scene 799),,65
/scratch/vcj9002/MagicPhysics/test_ball_collide_collect/8/env/camera/cam_0,A physics simulation showing balls colliding (scene 8),,60
/scratch/vcj9002/MagicPhysics/test_ball_collide_collect/80/env/camera/cam_0,A physics simulation showing balls colliding (scene 80),,70
/scratch/vcj9002/MagicPhysics/test_ball_collide_collect/800/env/camera/cam_0,A physics simulation showing balls colliding (scene 800),,52
/scratch/vcj9002/MagicPhysics/test_ball_collide_collect/801/env/camera/cam_0,A physics simulation showing balls colliding (scene 801),,52
/scratch/vcj9002/MagicPhysics/test_ball_collide_collect/802/env/camera/cam_0,A physics simulation showing balls colliding (scene 802),,81
/scratch/vcj9002/MagicPhysics/test_ball_collide_collect/803/env/camera/cam_0,A physics simulation showing balls colliding (scene 803),,37
/scratch/vcj9002/MagicPhysics/test_ball_collide_collect/804/env/camera/cam_0,A physics simulation showing balls colliding (scene 804),,56
/scratch/vcj9002/MagicPhysics/test_ball_collide_collect/805/env/camera/cam_0,A physics simulation showing balls colliding (scene 805),,44
/scratch/vcj9002/MagicPhysics/test_ball_collide_collect/806/env/camera/cam_0,A physics simulation showing balls colliding (scene 806),,44
/scratch/vcj9002/MagicPhysics/test_ball_collide_collect/807/env/camera/cam_0,A physics simulation showing balls colliding (scene 807),,58
/scratch/vcj9002/MagicPhysics/test_ball_collide_collect/808/env/camera/cam_0,A physics simulation showing balls colliding (scene 808),,58
/scratch/vcj9002/MagicPhysics/test_ball_collide_collect/809/env/camera/cam_0,A physics simulation showing balls colliding (scene 809),,72
/scratch/vcj9002/MagicPhysics/test_ball_collide_collect/81/env/camera/cam_0,A physics simulation showing balls colliding (scene 81),,85
/scratch/vcj9002/MagicPhysics/test_ball_collide_collect/810/env/camera/cam_0,A physics simulation showing balls colliding (scene 810),,46
/scratch/vcj9002/MagicPhysics/test_ball_collide_collect/811/env/camera/cam_0,A physics simulation showing balls colliding (scene 811),,46
/scratch/vcj9002/MagicPhysics/test_ball_collide_collect/812/env/camera/cam_0,A physics simulation showing balls colliding (scene 812),,49
/scratch/vcj9002/MagicPhysics/test_ball_collide_collect/813/env/camera/cam_0,A physics simulation showing balls colliding (scene 813),,56
/scratch/vcj9002/MagicPhysics/test_ball_collide_collect/814/env/camera/cam_0,A physics simulation showing balls colliding (scene 814),,50
/scratch/vcj9002/MagicPhysics/test_ball_collide_collect/815/env/camera/cam_0,A physics simulation showing balls colliding (scene 815),,50
/scratch/vcj9002/MagicPhysics/test_ball_collide_collect/816/env/camera/cam_0,A physics simulation showing balls colliding (scene 816),,43
/scratch/vcj9002/MagicPhysics/test_ball_collide_collect/817/env/camera/cam_0,A physics simulation showing balls colliding (scene 817),,43
/scratch/vcj9002/MagicPhysics/test_ball_collide_collect/818/env/camera/cam_0,A physics simulation showing balls colliding (scene 818),,69
/scratch/vcj9002/MagicPhysics/test_ball_collide_collect/819/env/camera/cam_0,A physics simulation showing balls colliding (scene 819),,43
/scratch/vcj9002/MagicPhysics/test_ball_collide_collect/82/env/camera/cam_0,A physics simulation showing balls colliding (scene 82),,85
/scratch/vcj9002/MagicPhysics/test_ball_collide_collect/820/env/camera/cam_0,A physics simulation showing balls colliding (scene 820),,58
/scratch/vcj9002/MagicPhysics/test_ball_collide_collect/821/env/camera/cam_0,A physics simulation showing balls colliding (scene 821),,58
/scratch/vcj9002/MagicPhysics/test_ball_collide_collect/822/env/camera/cam_0,A physics simulation showing balls colliding (scene 822),,64
/scratch/vcj9002/MagicPhysics/test_ball_collide_collect/823/env/camera/cam_0,A physics simulation showing balls colliding (scene 823),,44
/scratch/vcj9002/MagicPhysics/test_ball_collide_collect/824/env/camera/cam_0,A physics simulation showing balls colliding (scene 824),,44
/scratch/vcj9002/MagicPhysics/test_ball_collide_collect/825/env/camera/cam_0,A physics simulation showing balls colliding (scene 825),,42
/scratch/vcj9002/MagicPhysics/test_ball_collide_collect/826/env/camera/cam_0,A physics simulation showing balls colliding (scene 826),,37
/scratch/vcj9002/MagicPhysics/test_ball_collide_collect/827/env/camera/cam_0,A physics simulation showing balls colliding (scene 827),,83
/scratch/vcj9002/MagicPhysics/test_ball_collide_collect/828/env/camera/cam_0,A physics simulation showing balls colliding (scene 828),,65
/scratch/vcj9002/MagicPhysics/test_ball_collide_collect/829/env/camera/cam_0,A physics simulation showing balls colliding (scene 829),,65
/scratch/vcj9002/MagicPhysics/test_ball_collide_collect/83/env/camera/cam_0,A physics simulation showing balls colliding (scene 83),,46
/scratch/vcj9002/MagicPhysics/test_ball_collide_collect/830/env/camera/cam_0,A physics simulation showing balls colliding (scene 830),,41
/scratch/vcj9002/MagicPhysics/test_ball_collide_collect/831/env/camera/cam_0,A physics simulation showing balls colliding (scene 831),,41
/scratch/vcj9002/MagicPhysics/test_ball_collide_collect/832/env/camera/cam_0,A physics simulation showing balls colliding (scene 832),,85
/scratch/vcj9002/MagicPhysics/test_ball_collide_collect/833/env/camera/cam_0,A physics simulation showing balls colliding (scene 833),,95
/scratch/vcj9002/MagicPhysics/test_ball_collide_collect/834/env/camera/cam_0,A physics simulation showing balls colliding (scene 834),,95
/scratch/vcj9002/MagicPhysics/test_ball_collide_collect/835/env/camera/cam_0,A physics simulation showing balls colliding (scene 835),,60
/scratch/vcj9002/MagicPhysics/test_ball_collide_collect/836/env/camera/cam_0,A physics simulation showing balls colliding (scene 836),,72
/scratch/vcj9002/MagicPhysics/test_ball_collide_collect/837/env/camera/cam_0,A physics simulation showing balls colliding (scene 837),,45
/scratch/vcj9002/MagicPhysics/test_ball_collide_collect/838/env/camera/cam_0,A physics simulation showing balls colliding (scene 838),,45
/scratch/vcj9002/MagicPhysics/test_ball_collide_collect/839/env/camera/cam_0,A physics simulation showing balls colliding (scene 839),,73
/scratch/vcj9002/MagicPhysics/test_ball_collide_collect/84/env/camera/cam_0,A physics simulation showing balls colliding (scene 84),,59
/scratch/vcj9002/MagicPhysics/test_ball_collide_collect/840/env/camera/cam_0,A physics simulation showing balls colliding (scene 840),,81
/scratch/vcj9002/MagicPhysics/test_ball_collide_collect/841/env/camera/cam_0,A physics simulation showing balls colliding (scene 841),,81
/scratch/vcj9002/MagicPhysics/test_ball_collide_collect/842/env/camera/cam_0,A physics simulation showing balls colliding (scene 842),,50
/scratch/vcj9002/MagicPhysics/test_ball_collide_collect/843/env/camera/cam_0,A physics simulation showing balls colliding (scene 843),,50
/scratch/vcj9002/MagicPhysics/test_ball_collide_collect/844/env/camera/cam_0,A physics simulation showing balls colliding (scene 844),,53
/scratch/vcj9002/MagicPhysics/test_ball_collide_collect/845/env/camera/cam_0,A physics simulation showing balls colliding (scene 845),,76
/scratch/vcj9002/MagicPhysics/test_ball_collide_collect/846/env/camera/cam_0,A physics simulation showing balls colliding (scene 846),,48
/scratch/vcj9002/MagicPhysics/test_ball_collide_collect/847/env/camera/cam_0,A physics simulation showing balls colliding (scene 847),,48
/scratch/vcj9002/MagicPhysics/test_ball_collide_collect/848/env/camera/cam_0,A physics simulation showing balls colliding (scene 848),,67
/scratch/vcj9002/MagicPhysics/test_ball_collide_collect/849/env/camera/cam_0,A physics simulation showing balls colliding (scene 849),,57
/scratch/vcj9002/MagicPhysics/test_ball_collide_collect/85/env/camera/cam_0,A physics simulation showing balls colliding (scene 85),,49
/scratch/vcj9002/MagicPhysics/test_ball_collide_collect/850/env/camera/cam_0,A physics simulation showing balls colliding (scene 850),,61
/scratch/vcj9002/MagicPhysics/test_ball_collide_collect/851/env/camera/cam_0,A physics simulation showing balls colliding (scene 851),,61
/scratch/vcj9002/MagicPhysics/test_ball_collide_collect/852/env/camera/cam_0,A physics simulation showing balls colliding (scene 852),,40
/scratch/vcj9002/MagicPhysics/test_ball_collide_collect/853/env/camera/cam_0,A physics simulation showing balls colliding (scene 853),,40
/scratch/vcj9002/MagicPhysics/test_ball_collide_collect/854/env/camera/cam_0,A physics simulation showing balls colliding (scene 854),,45
/scratch/vcj9002/MagicPhysics/test_ball_collide_collect/855/env/camera/cam_0,A physics simulation showing balls colliding (scene 855),,46
/scratch/vcj9002/MagicPhysics/test_ball_collide_collect/856/env/camera/cam_0,A physics simulation showing balls colliding (scene 856),,39
/scratch/vcj9002/MagicPhysics/test_ball_collide_collect/857/env/camera/cam_0,A physics simulation showing balls colliding (scene 857),,41
/scratch/vcj9002/MagicPhysics/test_ball_collide_collect/858/env/camera/cam_0,A physics simulation showing balls colliding (scene 858),,89
/scratch/vcj9002/MagicPhysics/test_ball_collide_collect/859/env/camera/cam_0,A physics simulation showing balls colliding (scene 859),,89
/scratch/vcj9002/MagicPhysics/test_ball_collide_collect/86/env/camera/cam_0,A physics simulation showing balls colliding (scene 86),,51
/scratch/vcj9002/MagicPhysics/test_ball_collide_collect/860/env/camera/cam_0,A physics simulation showing balls colliding (scene 860),,49
/scratch/vcj9002/MagicPhysics/test_ball_collide_collect/861/env/camera/cam_0,A physics simulation showing balls colliding (scene 861),,49
/scratch/vcj9002/MagicPhysics/test_ball_collide_collect/862/env/camera/cam_0,A physics simulation showing balls colliding (scene 862),,50
/scratch/vcj9002/MagicPhysics/test_ball_collide_collect/863/env/camera/cam_0,A physics simulation showing balls colliding (scene 863),,51
/scratch/vcj9002/MagicPhysics/test_ball_collide_collect/864/env/camera/cam_0,A physics simulation showing balls colliding (scene 864),,75
/scratch/vcj9002/MagicPhysics/test_ball_collide_collect/865/env/camera/cam_0,A physics simulation showing balls colliding (scene 865),,75
/scratch/vcj9002/MagicPhysics/test_ball_collide_collect/866/env/camera/cam_0,A physics simulation showing balls colliding (scene 866),,36
/scratch/vcj9002/MagicPhysics/test_ball_collide_collect/867/env/camera/cam_0,A physics simulation showing balls colliding (scene 867),,36
/scratch/vcj9002/MagicPhysics/test_ball_collide_collect/868/env/camera/cam_0,A physics simulation showing balls colliding (scene 868),,76
/scratch/vcj9002/MagicPhysics/test_ball_collide_collect/869/env/camera/cam_0,A physics simulation showing balls colliding (scene 869),,43
/scratch/vcj9002/MagicPhysics/test_ball_collide_collect/87/env/camera/cam_0,A physics simulation showing balls colliding (scene 87),,71
/scratch/vcj9002/MagicPhysics/test_ball_collide_collect/870/env/camera/cam_0,A physics simulation showing balls colliding (scene 870),,87
/scratch/vcj9002/MagicPhysics/test_ball_collide_collect/871/env/camera/cam_0,A physics simulation showing balls colliding (scene 871),,81
/scratch/vcj9002/MagicPhysics/test_ball_collide_collect/872/env/camera/cam_0,A physics simulation showing balls colliding (scene 872),,81
/scratch/vcj9002/MagicPhysics/test_ball_collide_collect/873/env/camera/cam_0,A physics simulation showing balls colliding (scene 873),,67
/scratch/vcj9002/MagicPhysics/test_ball_collide_collect/874/env/camera/cam_0,A physics simulation showing balls colliding (scene 874),,50
/scratch/vcj9002/MagicPhysics/test_ball_collide_collect/875/env/camera/cam_0,A physics simulation showing balls colliding (scene 875),,50
/scratch/vcj9002/MagicPhysics/test_ball_collide_collect/876/env/camera/cam_0,A physics simulation showing balls colliding (scene 876),,58
/scratch/vcj9002/MagicPhysics/test_ball_collide_collect/877/env/camera/cam_0,A physics simulation showing balls colliding (scene 877),,84
/scratch/vcj9002/MagicPhysics/test_ball_collide_collect/878/env/camera/cam_0,A physics simulation showing balls colliding (scene 878),,84
/scratch/vcj9002/MagicPhysics/test_ball_collide_collect/879/env/camera/cam_0,A physics simulation showing balls colliding (scene 879),,66
/scratch/vcj9002/MagicPhysics/test_ball_collide_collect/88/env/camera/cam_0,A physics simulation showing balls colliding (scene 88),,71
/scratch/vcj9002/MagicPhysics/test_ball_collide_collect/880/env/camera/cam_0,A physics simulation showing balls colliding (scene 880),,81
/scratch/vcj9002/MagicPhysics/test_ball_collide_collect/881/env/camera/cam_0,A physics simulation showing balls colliding (scene 881),,64
/scratch/vcj9002/MagicPhysics/test_ball_collide_collect/882/env/camera/cam_0,A physics simulation showing balls colliding (scene 882),,64
/scratch/vcj9002/MagicPhysics/test_ball_collide_collect/883/env/camera/cam_0,A physics simulation showing balls colliding (scene 883),,56
/scratch/vcj9002/MagicPhysics/test_ball_collide_collect/884/env/camera/cam_0,A physics simulation showing balls colliding (scene 884),,81
/scratch/vcj9002/MagicPhysics/test_ball_collide_collect/885/env/camera/cam_0,A physics simulation showing balls colliding (scene 885),,81
/scratch/vcj9002/MagicPhysics/test_ball_collide_collect/886/env/camera/cam_0,A physics simulation showing balls colliding (scene 886),,56
/scratch/vcj9002/MagicPhysics/test_ball_collide_collect/887/env/camera/cam_0,A physics simulation showing balls colliding (scene 887),,56
/scratch/vcj9002/MagicPhysics/test_ball_collide_collect/888/env/camera/cam_0,A physics simulation showing balls colliding (scene 888),,66
/scratch/vcj9002/MagicPhysics/test_ball_collide_collect/889/env/camera/cam_0,A physics simulation showing balls colliding (scene 889),,66
/scratch/vcj9002/MagicPhysics/test_ball_collide_collect/89/env/camera/cam_0,A physics simulation showing balls colliding (scene 89),,85
/scratch/vcj9002/MagicPhysics/test_ball_collide_collect/890/env/camera/cam_0,A physics simulation showing balls colliding (scene 890),,60
/scratch/vcj9002/MagicPhysics/test_ball_collide_collect/891/env/camera/cam_0,A physics simulation showing balls colliding (scene 891),,71
/scratch/vcj9002/MagicPhysics/test_ball_collide_collect/892/env/camera/cam_0,A physics simulation showing balls colliding (scene 892),,66
/scratch/vcj9002/MagicPhysics/test_ball_collide_collect/893/env/camera/cam_0,A physics simulation showing balls colliding (scene 893),,39
/scratch/vcj9002/MagicPhysics/test_ball_collide_collect/894/env/camera/cam_0,A physics simulation showing balls colliding (scene 894),,39
/scratch/vcj9002/MagicPhysics/test_ball_collide_collect/895/env/camera/cam_0,A physics simulation showing balls colliding (scene 895),,99
/scratch/vcj9002/MagicPhysics/test_ball_collide_collect/896/env/camera/cam_0,A physics simulation showing balls colliding (scene 896),,44
/scratch/vcj9002/MagicPhysics/test_ball_collide_collect/897/env/camera/cam_0,A physics simulation showing balls colliding (scene 897),,38
/scratch/vcj9002/MagicPhysics/test_ball_collide_collect/898/env/camera/cam_0,A physics simulation showing balls colliding (scene 898),,64
/scratch/vcj9002/MagicPhysics/test_ball_collide_collect/899/env/camera/cam_0,A physics simulation showing balls colliding (scene 899),,64
/scratch/vcj9002/MagicPhysics/test_ball_collide_collect/9/env/camera/cam_0,A physics simulation showing balls colliding (scene 9),,61
/scratch/vcj9002/MagicPhysics/test_ball_collide_collect/90/env/camera/cam_0,A physics simulation showing balls colliding (scene 90),,85
/scratch/vcj9002/MagicPhysics/test_ball_collide_collect/900/env/camera/cam_0,A physics simulation showing balls colliding (scene 900),,64
/scratch/vcj9002/MagicPhysics/test_ball_collide_collect/901/env/camera/cam_0,A physics simulation showing balls colliding (scene 901),,83
/scratch/vcj9002/MagicPhysics/test_ball_collide_collect/902/env/camera/cam_0,A physics simulation showing balls colliding (scene 902),,83
/scratch/vcj9002/MagicPhysics/test_ball_collide_collect/903/env/camera/cam_0,A physics simulation showing balls colliding (scene 903),,50
/scratch/vcj9002/MagicPhysics/test_ball_collide_collect/904/env/camera/cam_0,A physics simulation showing balls colliding (scene 904),,109
/scratch/vcj9002/MagicPhysics/test_ball_collide_collect/905/env/camera/cam_0,A physics simulation showing balls colliding (scene 905),,109
/scratch/vcj9002/MagicPhysics/test_ball_collide_collect/906/env/camera/cam_0,A physics simulation showing balls colliding (scene 906),,39
/scratch/vcj9002/MagicPhysics/test_ball_collide_collect/907/env/camera/cam_0,A physics simulation showing balls colliding (scene 907),,39
/scratch/vcj9002/MagicPhysics/test_ball_collide_collect/908/env/camera/cam_0,A physics simulation showing balls colliding (scene 908),,41
/scratch/vcj9002/MagicPhysics/test_ball_collide_collect/909/env/camera/cam_0,A physics simulation showing balls colliding (scene 909),,41
/scratch/vcj9002/MagicPhysics/test_ball_collide_collect/91/env/camera/cam_0,A physics simulation showing balls colliding (scene 91),,94
/scratch/vcj9002/MagicPhysics/test_ball_collide_collect/910/env/camera/cam_0,A physics simulation showing balls colliding (scene 910),,119
/scratch/vcj9002/MagicPhysics/test_ball_collide_collect/911/env/camera/cam_0,A physics simulation showing balls colliding (scene 911),,75
/scratch/vcj9002/MagicPhysics/test_ball_collide_collect/912/env/camera/cam_0,A physics simulation showing balls colliding (scene 912),,61
/scratch/vcj9002/MagicPhysics/test_ball_collide_collect/913/env/camera/cam_0,A physics simulation showing balls colliding (scene 913),,43
/scratch/vcj9002/MagicPhysics/test_ball_collide_collect/914/env/camera/cam_0,A physics simulation showing balls colliding (scene 914),,38
/scratch/vcj9002/MagicPhysics/test_ball_collide_collect/915/env/camera/cam_0,A physics simulation showing balls colliding (scene 915),,44
/scratch/vcj9002/MagicPhysics/test_ball_collide_collect/916/env/camera/cam_0,A physics simulation showing balls colliding (scene 916),,41
/scratch/vcj9002/MagicPhysics/test_ball_collide_collect/917/env/camera/cam_0,A physics simulation showing balls colliding (scene 917),,61
/scratch/vcj9002/MagicPhysics/test_ball_collide_collect/918/env/camera/cam_0,A physics simulation showing balls colliding (scene 918),,66
/scratch/vcj9002/MagicPhysics/test_ball_collide_collect/919/env/camera/cam_0,A physics simulation showing balls colliding (scene 919),,66
/scratch/vcj9002/MagicPhysics/test_ball_collide_collect/92/env/camera/cam_0,A physics simulation showing balls colliding (scene 92),,94
/scratch/vcj9002/MagicPhysics/test_ball_collide_collect/920/env/camera/cam_0,A physics simulation showing balls colliding (scene 920),,89
/scratch/vcj9002/MagicPhysics/test_ball_collide_collect/921/env/camera/cam_0,A physics simulation showing balls colliding (scene 921),,89
/scratch/vcj9002/MagicPhysics/test_ball_collide_collect/922/env/camera/cam_0,A physics simulation showing balls colliding (scene 922),,101
/scratch/vcj9002/MagicPhysics/test_ball_collide_collect/923/env/camera/cam_0,A physics simulation showing balls colliding (scene 923),,101
/scratch/vcj9002/MagicPhysics/test_ball_collide_collect/924/env/camera/cam_0,A physics simulation showing balls colliding (scene 924),,40
/scratch/vcj9002/MagicPhysics/test_ball_collide_collect/925/env/camera/cam_0,A physics simulation showing balls colliding (scene 925),,40
/scratch/vcj9002/MagicPhysics/test_ball_collide_collect/926/env/camera/cam_0,A physics simulation showing balls colliding (scene 926),,68
/scratch/vcj9002/MagicPhysics/test_ball_collide_collect/927/env/camera/cam_0,A physics simulation showing balls colliding (scene 927),,67
/scratch/vcj9002/MagicPhysics/test_ball_collide_collect/928/env/camera/cam_0,A physics simulation showing balls colliding (scene 928),,55
/scratch/vcj9002/MagicPhysics/test_ball_collide_collect/929/env/camera/cam_0,A physics simulation showing balls colliding (scene 929),,48
/scratch/vcj9002/MagicPhysics/test_ball_collide_collect/93/env/camera/cam_0,A physics simulation showing balls colliding (scene 93),,52
/scratch/vcj9002/MagicPhysics/test_ball_collide_collect/930/env/camera/cam_0,A physics simulation showing balls colliding (scene 930),,48
/scratch/vcj9002/MagicPhysics/test_ball_collide_collect/931/env/camera/cam_0,A physics simulation showing balls colliding (scene 931),,84
/scratch/vcj9002/MagicPhysics/test_ball_collide_collect/932/env/camera/cam_0,A physics simulation showing balls colliding (scene 932),,46
/scratch/vcj9002/MagicPhysics/test_ball_collide_collect/933/env/camera/cam_0,A physics simulation showing balls colliding (scene 933),,46
/scratch/vcj9002/MagicPhysics/test_ball_collide_collect/934/env/camera/cam_0,A physics simulation showing balls colliding (scene 934),,69
/scratch/vcj9002/MagicPhysics/test_ball_collide_collect/935/env/camera/cam_0,A physics simulation showing balls colliding (scene 935),,69
/scratch/vcj9002/MagicPhysics/test_ball_collide_collect/936/env/camera/cam_0,A physics simulation showing balls colliding (scene 936),,50
/scratch/vcj9002/MagicPhysics/test_ball_collide_collect/937/env/camera/cam_0,A physics simulation showing balls colliding (scene 937),,72
/scratch/vcj9002/MagicPhysics/test_ball_collide_collect/938/env/camera/cam_0,A physics simulation showing balls colliding (scene 938),,58
/scratch/vcj9002/MagicPhysics/test_ball_collide_collect/939/env/camera/cam_0,A physics simulation showing balls colliding (scene 939),,58
/scratch/vcj9002/MagicPhysics/test_ball_collide_collect/94/env/camera/cam_0,A physics simulation showing balls colliding (scene 94),,41
/scratch/vcj9002/MagicPhysics/test_ball_collide_collect/940/env/camera/cam_0,A physics simulation showing balls colliding (scene 940),,40
/scratch/vcj9002/MagicPhysics/test_ball_collide_collect/941/env/camera/cam_0,A physics simulation showing balls colliding (scene 941),,55
/scratch/vcj9002/MagicPhysics/test_ball_collide_collect/942/env/camera/cam_0,A physics simulation showing balls colliding (scene 942),,55
/scratch/vcj9002/MagicPhysics/test_ball_collide_collect/943/env/camera/cam_0,A physics simulation showing balls colliding (scene 943),,58
/scratch/vcj9002/MagicPhysics/test_ball_collide_collect/944/env/camera/cam_0,A physics simulation showing balls colliding (scene 944),,58
/scratch/vcj9002/MagicPhysics/test_ball_collide_collect/945/env/camera/cam_0,A physics simulation showing balls colliding (scene 945),,103
/scratch/vcj9002/MagicPhysics/test_ball_collide_collect/946/env/camera/cam_0,A physics simulation showing balls colliding (scene 946),,50
/scratch/vcj9002/MagicPhysics/test_ball_collide_collect/947/env/camera/cam_0,A physics simulation showing balls colliding (scene 947),,50
/scratch/vcj9002/MagicPhysics/test_ball_collide_collect/948/env/camera/cam_0,A physics simulation showing balls colliding (scene 948),,65
/scratch/vcj9002/MagicPhysics/test_ball_collide_collect/949/env/camera/cam_0,A physics simulation showing balls colliding (scene 949),,94
/scratch/vcj9002/MagicPhysics/test_ball_collide_collect/95/env/camera/cam_0,A physics simulation showing balls colliding (scene 95),,41
/scratch/vcj9002/MagicPhysics/test_ball_collide_collect/950/env/camera/cam_0,A physics simulation showing balls colliding (scene 950),,58
/scratch/vcj9002/MagicPhysics/test_ball_collide_collect/951/env/camera/cam_0,A physics simulation showing balls colliding (scene 951),,58
/scratch/vcj9002/MagicPhysics/test_ball_collide_collect/952/env/camera/cam_0,A physics simulation showing balls colliding (scene 952),,91
/scratch/vcj9002/MagicPhysics/test_ball_collide_collect/953/env/camera/cam_0,A physics simulation showing balls colliding (scene 953),,74
/scratch/vcj9002/MagicPhysics/test_ball_collide_collect/954/env/camera/cam_0,A physics simulation showing balls colliding (scene 954),,74
/scratch/vcj9002/MagicPhysics/test_ball_collide_collect/955/env/camera/cam_0,A physics simulation showing balls colliding (scene 955),,37
/scratch/vcj9002/MagicPhysics/test_ball_collide_collect/956/env/camera/cam_0,A physics simulation showing balls colliding (scene 956),,59
/scratch/vcj9002/MagicPhysics/test_ball_collide_collect/957/env/camera/cam_0,A physics simulation showing balls colliding (scene 957),,59
/scratch/vcj9002/MagicPhysics/test_ball_collide_collect/958/env/camera/cam_0,A physics simulation showing balls colliding (scene 958),,82
/scratch/vcj9002/MagicPhysics/test_ball_collide_collect/959/env/camera/cam_0,A physics simulation showing balls colliding (scene 959),,40
/scratch/vcj9002/MagicPhysics/test_ball_collide_collect/96/env/camera/cam_0,A physics simulation showing balls colliding (scene 96),,70
/scratch/vcj9002/MagicPhysics/test_ball_collide_collect/960/env/camera/cam_0,A physics simulation showing balls colliding (scene 960),,51
/scratch/vcj9002/MagicPhysics/test_ball_collide_collect/961/env/camera/cam_0,A physics simulation showing balls colliding (scene 961),,51
/scratch/vcj9002/MagicPhysics/test_ball_collide_collect/962/env/camera/cam_0,A physics simulation showing balls colliding (scene 962),,40
/scratch/vcj9002/MagicPhysics/test_ball_collide_collect/963/env/camera/cam_0,A physics simulation showing balls colliding (scene 963),,40
/scratch/vcj9002/MagicPhysics/test_ball_collide_collect/964/env/camera/cam_0,A physics simulation showing balls colliding (scene 964),,55
/scratch/vcj9002/MagicPhysics/test_ball_collide_collect/965/env/camera/cam_0,A physics simulation showing balls colliding (scene 965),,71
/scratch/vcj9002/MagicPhysics/test_ball_collide_collect/966/env/camera/cam_0,A physics simulation showing balls colliding (scene 966),,50
/scratch/vcj9002/MagicPhysics/test_ball_collide_collect/967/env/camera/cam_0,A physics simulation showing balls colliding (scene 967),,84
/scratch/vcj9002/MagicPhysics/test_ball_collide_collect/968/env/camera/cam_0,A physics simulation showing balls colliding (scene 968),,84
/scratch/vcj9002/MagicPhysics/test_ball_collide_collect/969/env/camera/cam_0,A physics simulation showing balls colliding (scene 969),,65
/scratch/vcj9002/MagicPhysics/test_ball_collide_collect/97/env/camera/cam_0,A physics simulation showing balls colliding (scene 97),,94
/scratch/vcj9002/MagicPhysics/test_ball_collide_collect/970/env/camera/cam_0,A physics simulation showing balls colliding (scene 970),,56
/scratch/vcj9002/MagicPhysics/test_ball_collide_collect/971/env/camera/cam_0,A physics simulation showing balls colliding (scene 971),,56
/scratch/vcj9002/MagicPhysics/test_ball_collide_collect/972/env/camera/cam_0,A physics simulation showing balls colliding (scene 972),,56
/scratch/vcj9002/MagicPhysics/test_ball_collide_collect/973/env/camera/cam_0,A physics simulation showing balls colliding (scene 973),,56
/scratch/vcj9002/MagicPhysics/test_ball_collide_collect/974/env/camera/cam_0,A physics simulation showing balls colliding (scene 974),,72
/scratch/vcj9002/MagicPhysics/test_ball_collide_collect/975/env/camera/cam_0,A physics simulation showing balls colliding (scene 975),,68
/scratch/vcj9002/MagicPhysics/test_ball_collide_collect/976/env/camera/cam_0,A physics simulation showing balls colliding (scene 976),,73
/scratch/vcj9002/MagicPhysics/test_ball_collide_collect/977/env/camera/cam_0,A physics simulation showing balls colliding (scene 977),,66
/scratch/vcj9002/MagicPhysics/test_ball_collide_collect/978/env/camera/cam_0,A physics simulation showing balls colliding (scene 978),,66
/scratch/vcj9002/MagicPhysics/test_ball_collide_collect/979/env/camera/cam_0,A physics simulation showing balls colliding (scene 979),,75
/scratch/vcj9002/MagicPhysics/test_ball_collide_collect/98/env/camera/cam_0,A physics simulation showing balls colliding (scene 98),,80
/scratch/vcj9002/MagicPhysics/test_ball_collide_collect/980/env/camera/cam_0,A physics simulation showing balls colliding (scene 980),,53
/scratch/vcj9002/MagicPhysics/test_ball_collide_collect/981/env/camera/cam_0,A physics simulation showing balls colliding (scene 981),,53
/scratch/vcj9002/MagicPhysics/test_ball_collide_collect/982/env/camera/cam_0,A physics simulation showing balls colliding (scene 982),,57
/scratch/vcj9002/MagicPhysics/test_ball_collide_collect/983/env/camera/cam_0,A physics simulation showing balls colliding (scene 983),,57
/scratch/vcj9002/MagicPhysics/test_ball_collide_collect/984/env/camera/cam_0,A physics simulation showing balls colliding (scene 984),,60
/scratch/vcj9002/MagicPhysics/test_ball_collide_collect/985/env/camera/cam_0,A physics simulation showing balls colliding (scene 985),,41
/scratch/vcj9002/MagicPhysics/test_ball_collide_collect/986/env/camera/cam_0,A physics simulation showing balls colliding (scene 986),,40
/scratch/vcj9002/MagicPhysics/test_ball_collide_collect/987/env/camera/cam_0,A physics simulation showing balls colliding (scene 987),,40
/scratch/vcj9002/MagicPhysics/test_ball_collide_collect/988/env/camera/cam_0,A physics simulation showing balls colliding (scene 988),,76
/scratch/vcj9002/MagicPhysics/test_ball_collide_collect/989/env/camera/cam_0,A physics simulation showing balls colliding (scene 989),,72
/scratch/vcj9002/MagicPhysics/test_ball_collide_collect/99/env/camera/cam_0,A physics simulation showing balls colliding (scene 99),,36
/scratch/vcj9002/MagicPhysics/test_ball_collide_collect/990/env/camera/cam_0,A physics simulation showing balls colliding (scene 990),,72
/scratch/vcj9002/MagicPhysics/test_ball_collide_collect/991/env/camera/cam_0,A physics simulation showing balls colliding (scene 991),,52
/scratch/vcj9002/MagicPhysics/test_ball_collide_collect/992/env/camera/cam_0,A physics simulation showing balls colliding (scene 992),,52
/scratch/vcj9002/MagicPhysics/test_ball_collide_collect/993/env/camera/cam_0,A physics simulation showing balls colliding (scene 993),,84
/scratch/vcj9002/MagicPhysics/test_ball_collide_collect/994/env/camera/cam_0,A physics simulation showing balls colliding (scene 994),,34
/scratch/vcj9002/MagicPhysics/test_ball_collide_collect/995/env/camera/cam_0,A physics simulation showing balls colliding (scene 995),,34
/scratch/vcj9002/MagicPhysics/test_ball_collide_collect/996/env/camera/cam_0,A physics simulation showing balls colliding (scene 996),,69
/scratch/vcj9002/MagicPhysics/test_ball_collide_collect/997/env/camera/cam_0,A physics simulation showing balls colliding (scene 997),,62
/scratch/vcj9002/MagicPhysics/test_ball_collide_collect/998/env/camera/cam_0,A physics simulation showing balls colliding (scene 998),,62
/scratch/vcj9002/MagicPhysics/test_ball_collide_collect/999/env/camera/cam_0,A physics simulation showing balls colliding (scene 999),,62
/scratch/vcj9002/MagicPhysics/test_ball_hits_duck_collect/0/env/camera/cam_0,A physics simulation of a ball hitting a duck (scene 0),,58
/scratch/vcj9002/MagicPhysics/test_ball_hits_duck_collect/1/env/camera/cam_0,A physics simulation of a ball hitting a duck (scene 1),,59
/scratch/vcj9002/MagicPhysics/test_ball_hits_duck_collect/10/env/camera/cam_0,A physics simulation of a ball hitting a duck (scene 10),,55
/scratch/vcj9002/MagicPhysics/test_ball_hits_duck_collect/100/env/camera/cam_0,A physics simulation of a ball hitting a duck (scene 100),,93
/scratch/vcj9002/MagicPhysics/test_ball_hits_duck_collect/101/env/camera/cam_0,A physics simulation of a ball hitting a duck (scene 101),,79
/scratch/vcj9002/MagicPhysics/test_ball_hits_duck_collect/102/env/camera/cam_0,A physics simulation of a ball hitting a duck (scene 102),,79
/scratch/vcj9002/MagicPhysics/test_ball_hits_duck_collect/103/env/camera/cam_0,A physics simulation of a ball hitting a duck (scene 103),,98
/scratch/vcj9002/MagicPhysics/test_ball_hits_duck_collect/104/env/camera/cam_0,A physics simulation of a ball hitting a duck (scene 104),,98
/scratch/vcj9002/MagicPhysics/test_ball_hits_duck_collect/105/env/camera/cam_0,A physics simulation of a ball hitting a duck (scene 105),,63
/scratch/vcj9002/MagicPhysics/test_ball_hits_duck_collect/106/env/camera/cam_0,A physics simulation of a ball hitting a duck (scene 106),,55
/scratch/vcj9002/MagicPhysics/test_ball_hits_duck_collect/107/env/camera/cam_0,A physics simulation of a ball hitting a duck (scene 107),,97
/scratch/vcj9002/MagicPhysics/test_ball_hits_duck_collect/108/env/camera/cam_0,A physics simulation of a ball hitting a duck (scene 108),,113
/scratch/vcj9002/MagicPhysics/test_ball_hits_duck_collect/109/env/camera/cam_0,A physics simulation of a ball hitting a duck (scene 109),,113
/scratch/vcj9002/MagicPhysics/test_ball_hits_duck_collect/11/env/camera/cam_0,A physics simulation of a ball hitting a duck (scene 11),,55
/scratch/vcj9002/MagicPhysics/test_ball_hits_duck_collect/110/env/camera/cam_0,A physics simulation of a ball hitting a duck (scene 110),,56
/scratch/vcj9002/MagicPhysics/test_ball_hits_duck_collect/111/env/camera/cam_0,A physics simulation of a ball hitting a duck (scene 111),,56
/scratch/vcj9002/MagicPhysics/test_ball_hits_duck_collect/112/env/camera/cam_0,A physics simulation of a ball hitting a duck (scene 112),,78
/scratch/vcj9002/MagicPhysics/test_ball_hits_duck_collect/113/env/camera/cam_0,A physics simulation of a ball hitting a duck (scene 113),,58
/scratch/vcj9002/MagicPhysics/test_ball_hits_duck_collect/114/env/camera/cam_0,A physics simulation of a ball hitting a duck (scene 114),,84
/scratch/vcj9002/MagicPhysics/test_ball_hits_duck_collect/115/env/camera/cam_0,A physics simulation of a ball hitting a duck (scene 115),,84
/scratch/vcj9002/MagicPhysics/test_ball_hits_duck_collect/116/env/camera/cam_0,A physics simulation of a ball hitting a duck (scene 116),,60
/scratch/vcj9002/MagicPhysics/test_ball_hits_duck_collect/117/env/camera/cam_0,A physics simulation of a ball hitting a duck (scene 117),,60
/scratch/vcj9002/MagicPhysics/test_ball_hits_duck_collect/118/env/camera/cam_0,A physics simulation of a ball hitting a duck (scene 118),,60
/scratch/vcj9002/MagicPhysics/test_ball_hits_duck_collect/119/env/camera/cam_0,A physics simulation of a ball hitting a duck (scene 119),,73
/scratch/vcj9002/MagicPhysics/test_ball_hits_duck_collect/12/env/camera/cam_0,A physics simulation of a ball hitting a duck (scene 12),,57
/scratch/vcj9002/MagicPhysics/test_ball_hits_duck_collect/120/env/camera/cam_0,A physics simulation of a ball hitting a duck (scene 120),,69
/scratch/vcj9002/MagicPhysics/test_ball_hits_duck_collect/121/env/camera/cam_0,A physics simulation of a ball hitting a duck (scene 121),,96
/scratch/vcj9002/MagicPhysics/test_ball_hits_duck_collect/122/env/camera/cam_0,A physics simulation of a ball hitting a duck (scene 122),,96
/scratch/vcj9002/MagicPhysics/test_ball_hits_duck_collect/123/env/camera/cam_0,A physics simulation of a ball hitting a duck (scene 123),,96
/scratch/vcj9002/MagicPhysics/test_ball_hits_duck_collect/124/env/camera/cam_0,A physics simulation of a ball hitting a duck (scene 124),,99
/scratch/vcj9002/MagicPhysics/test_ball_hits_duck_collect/125/env/camera/cam_0,A physics simulation of a ball hitting a duck (scene 125),,99
/scratch/vcj9002/MagicPhysics/test_ball_hits_duck_collect/126/env/camera/cam_0,A physics simulation of a ball hitting a duck (scene 126),,59
/scratch/vcj9002/MagicPhysics/test_ball_hits_duck_collect/127/env/camera/cam_0,A physics simulation of a ball hitting a duck (scene 127),,59
/scratch/vcj9002/MagicPhysics/test_ball_hits_duck_collect/128/env/camera/cam_0,A physics simulation of a ball hitting a duck (scene 128),,69
/scratch/vcj9002/MagicPhysics/test_ball_hits_duck_collect/129/env/camera/cam_0,A physics simulation of a ball hitting a duck (scene 129),,69
/scratch/vcj9002/MagicPhysics/test_ball_hits_duck_collect/13/env/camera/cam_0,A physics simulation of a ball hitting a duck (scene 13),,57
/scratch/vcj9002/MagicPhysics/test_ball_hits_duck_collect/130/env/camera/cam_0,A physics simulation of a ball hitting a duck (scene 130),,71
/scratch/vcj9002/MagicPhysics/test_ball_hits_duck_collect/131/env/camera/cam_0,A physics simulation of a ball hitting a duck (scene 131),,66
/scratch/vcj9002/MagicPhysics/test_ball_hits_duck_collect/132/env/camera/cam_0,A physics simulation of a ball hitting a duck (scene 132),,66
/scratch/vcj9002/MagicPhysics/test_ball_hits_duck_collect/133/env/camera/cam_0,A physics simulation of a ball hitting a duck (scene 133),,60
/scratch/vcj9002/MagicPhysics/test_ball_hits_duck_collect/134/env/camera/cam_0,A physics simulation of a ball hitting a duck (scene 134),,60
/scratch/vcj9002/MagicPhysics/test_ball_hits_duck_collect/135/env/camera/cam_0,A physics simulation of a ball hitting a duck (scene 135),,68
/scratch/vcj9002/MagicPhysics/test_ball_hits_duck_collect/136/env/camera/cam_0,A physics simulation of a ball hitting a duck (scene 136),,68
/scratch/vcj9002/MagicPhysics/test_ball_hits_duck_collect/137/env/camera/cam_0,A physics simulation of a ball hitting a duck (scene 137),,58
/scratch/vcj9002/MagicPhysics/test_ball_hits_duck_collect/138/env/camera/cam_0,A physics simulation of a ball hitting a duck (scene 138),,96
/scratch/vcj9002/MagicPhysics/test_ball_hits_duck_collect/139/env/camera/cam_0,A physics simulation of a ball hitting a duck (scene 139),,111
/scratch/vcj9002/MagicPhysics/test_ball_hits_duck_collect/14/env/camera/cam_0,A physics simulation of a ball hitting a duck (scene 14),,61
/scratch/vcj9002/MagicPhysics/test_ball_hits_duck_collect/140/env/camera/cam_0,A physics simulation of a ball hitting a duck (scene 140),,100
/scratch/vcj9002/MagicPhysics/test_ball_hits_duck_collect/141/env/camera/cam_0,A physics simulation of a ball hitting a duck (scene 141),,63
/scratch/vcj9002/MagicPhysics/test_ball_hits_duck_collect/142/env/camera/cam_0,A physics simulation of a ball hitting a duck (scene 142),,63
/scratch/vcj9002/MagicPhysics/test_ball_hits_duck_collect/143/env/camera/cam_0,A physics simulation of a ball hitting a duck (scene 143),,61
/scratch/vcj9002/MagicPhysics/test_ball_hits_duck_collect/144/env/camera/cam_0,A physics simulation of a ball hitting a duck (scene 144),,61
/scratch/vcj9002/MagicPhysics/test_ball_hits_duck_collect/145/env/camera/cam_0,A physics simulation of a ball hitting a duck (scene 145),,58
/scratch/vcj9002/MagicPhysics/test_ball_hits_duck_collect/146/env/camera/cam_0,A physics simulation of a ball hitting a duck (scene 146),,105
/scratch/vcj9002/MagicPhysics/test_ball_hits_duck_collect/147/env/camera/cam_0,A physics simulation of a ball hitting a duck (scene 147),,105
/scratch/vcj9002/MagicPhysics/test_ball_hits_duck_collect/148/env/camera/cam_0,A physics simulation of a ball hitting a duck (scene 148),,56
/scratch/vcj9002/MagicPhysics/test_ball_hits_duck_collect/149/env/camera/cam_0,A physics simulation of a ball hitting a duck (scene 149),,56
/scratch/vcj9002/MagicPhysics/test_ball_hits_duck_collect/15/env/camera/cam_0,A physics simulation of a ball hitting a duck (scene 15),,71
/scratch/vcj9002/MagicPhysics/test_ball_hits_duck_collect/150/env/camera/cam_0,A physics simulation of a ball hitting a duck (scene 150),,56
/scratch/vcj9002/MagicPhysics/test_ball_hits_duck_collect/151/env/camera/cam_0,A physics simulation of a ball hitting a duck (scene 151),,56
/scratch/vcj9002/MagicPhysics/test_ball_hits_duck_collect/152/env/camera/cam_0,A physics simulation of a ball hitting a duck (scene 152),,59
/scratch/vcj9002/MagicPhysics/test_ball_hits_duck_collect/153/env/camera/cam_0,A physics simulation of a ball hitting a duck (scene 153),,59
/scratch/vcj9002/MagicPhysics/test_ball_hits_duck_collect/154/env/camera/cam_0,A physics simulation of a ball hitting a duck (scene 154),,66
/scratch/vcj9002/MagicPhysics/test_ball_hits_duck_collect/155/env/camera/cam_0,A physics simulation of a ball hitting a duck (scene 155),,106
/scratch/vcj9002/MagicPhysics/test_ball_hits_duck_collect/156/env/camera/cam_0,A physics simulation of a ball hitting a duck (scene 156),,60
/scratch/vcj9002/MagicPhysics/test_ball_hits_duck_collect/157/env/camera/cam_0,A physics simulation of a ball hitting a duck (scene 157),,60
/scratch/vcj9002/MagicPhysics/test_ball_hits_duck_collect/158/env/camera/cam_0,A physics simulation of a ball hitting a duck (scene 158),,62
/scratch/vcj9002/MagicPhysics/test_ball_hits_duck_collect/159/env/camera/cam_0,A physics simulation of a ball hitting a duck (scene 159),,77
/scratch/vcj9002/MagicPhysics/test_ball_hits_duck_collect/16/env/camera/cam_0,A physics simulation of a ball hitting a duck (scene 16),,85
/scratch/vcj9002/MagicPhysics/test_ball_hits_duck_collect/160/env/camera/cam_0,A physics simulation of a ball hitting a duck (scene 160),,54
/scratch/vcj9002/MagicPhysics/test_ball_hits_duck_collect/161/env/camera/cam_0,A physics simulation of a ball hitting a duck (scene 161),,72
/scratch/vcj9002/MagicPhysics/test_ball_hits_duck_collect/162/env/camera/cam_0,A physics simulation of a ball hitting a duck (scene 162),,72
/scratch/vcj9002/MagicPhysics/test_ball_hits_duck_collect/163/env/camera/cam_0,A physics simulation of a ball hitting a duck (scene 163),,71
/scratch/vcj9002/MagicPhysics/test_ball_hits_duck_collect/164/env/camera/cam_0,A physics simulation of a ball hitting a duck (scene 164),,71
/scratch/vcj9002/MagicPhysics/test_ball_hits_duck_collect/165/env/camera/cam_0,A physics simulation of a ball hitting a duck (scene 165),,61
/scratch/vcj9002/MagicPhysics/test_ball_hits_duck_collect/166/env/camera/cam_0,A physics simulation of a ball hitting a duck (scene 166),,61
/scratch/vcj9002/MagicPhysics/test_ball_hits_duck_collect/167/env/camera/cam_0,A physics simulation of a ball hitting a duck (scene 167),,75
/scratch/vcj9002/MagicPhysics/test_ball_hits_duck_collect/168/env/camera/cam_0,A physics simulation of a ball hitting a duck (scene 168),,59
/scratch/vcj9002/MagicPhysics/test_ball_hits_duck_collect/169/env/camera/cam_0,A physics simulation of a ball hitting a duck (scene 169),,60
/scratch/vcj9002/MagicPhysics/test_ball_hits_duck_collect/17/env/camera/cam_0,A physics simulation of a ball hitting a duck (scene 17),,107
/scratch/vcj9002/MagicPhysics/test_ball_hits_duck_collect/170/env/camera/cam_0,A physics simulation of a ball hitting a duck (scene 170),,60
/scratch/vcj9002/MagicPhysics/test_ball_hits_duck_collect/171/env/camera/cam_0,A physics simulation of a ball hitting a duck (scene 171),,101
/scratch/vcj9002/MagicPhysics/test_ball_hits_duck_collect/172/env/camera/cam_0,A physics simulation of a ball hitting a duck (scene 172),,59
/scratch/vcj9002/MagicPhysics/test_ball_hits_duck_collect/173/env/camera/cam_0,A physics simulation of a ball hitting a duck (scene 173),,59
/scratch/vcj9002/MagicPhysics/test_ball_hits_duck_collect/174/env/camera/cam_0,A physics simulation of a ball hitting a duck (scene 174),,62
/scratch/vcj9002/MagicPhysics/test_ball_hits_duck_collect/175/env/camera/cam_0,A physics simulation of a ball hitting a duck (scene 175),,109
/scratch/vcj9002/MagicPhysics/test_ball_hits_duck_collect/176/env/camera/cam_0,A physics simulation of a ball hitting a duck (scene 176),,110
/scratch/vcj9002/MagicPhysics/test_ball_hits_duck_collect/177/env/camera/cam_0,A physics simulation of a ball hitting a duck (scene 177),,110
/scratch/vcj9002/MagicPhysics/test_ball_hits_duck_collect/178/env/camera/cam_0,A physics simulation of a ball hitting a duck (scene 178),,57
/scratch/vcj9002/MagicPhysics/test_ball_hits_duck_collect/179/env/camera/cam_0,A physics simulation of a ball hitting a duck (scene 179),,71
/scratch/vcj9002/MagicPhysics/test_ball_hits_duck_collect/18/env/camera/cam_0,A physics simulation of a ball hitting a duck (scene 18),,109
/scratch/vcj9002/MagicPhysics/test_ball_hits_duck_collect/180/env/camera/cam_0,A physics simulation of a ball hitting a duck (scene 180),,61
/scratch/vcj9002/MagicPhysics/test_ball_hits_duck_collect/181/env/camera/cam_0,A physics simulation of a ball hitting a duck (scene 181),,61
/scratch/vcj9002/MagicPhysics/test_ball_hits_duck_collect/182/env/camera/cam_0,A physics simulation of a ball hitting a duck (scene 182),,63
/scratch/vcj9002/MagicPhysics/test_ball_hits_duck_collect/183/env/camera/cam_0,A physics simulation of a ball hitting a duck (scene 183),,63
/scratch/vcj9002/MagicPhysics/test_ball_hits_duck_collect/184/env/camera/cam_0,A physics simulation of a ball hitting a duck (scene 184),,63
/scratch/vcj9002/MagicPhysics/test_ball_hits_duck_collect/185/env/camera/cam_0,A physics simulation of a ball hitting a duck (scene 185),,62
/scratch/vcj9002/MagicPhysics/test_ball_hits_duck_collect/186/env/camera/cam_0,A physics simulation of a ball hitting a duck (scene 186),,57
/scratch/vcj9002/MagicPhysics/test_ball_hits_duck_collect/187/env/camera/cam_0,A physics simulation of a ball hitting a duck (scene 187),,63
/scratch/vcj9002/MagicPhysics/test_ball_hits_duck_collect/188/env/camera/cam_0,A physics simulation of a ball hitting a duck (scene 188),,57
/scratch/vcj9002/MagicPhysics/test_ball_hits_duck_collect/189/env/camera/cam_0,A physics simulation of a ball hitting a duck (scene 189),,57
/scratch/vcj9002/MagicPhysics/test_ball_hits_duck_collect/19/env/camera/cam_0,A physics simulation of a ball hitting a duck (scene 19),,109
/scratch/vcj9002/MagicPhysics/test_ball_hits_duck_collect/190/env/camera/cam_0,A physics simulation of a ball hitting a duck (scene 190),,73
/scratch/vcj9002/MagicPhysics/test_ball_hits_duck_collect/191/env/camera/cam_0,A physics simulation of a ball hitting a duck (scene 191),,73
/scratch/vcj9002/MagicPhysics/test_ball_hits_duck_collect/192/env/camera/cam_0,A physics simulation of a ball hitting a duck (scene 192),,56
/scratch/vcj9002/MagicPhysics/test_ball_hits_duck_collect/193/env/camera/cam_0,A physics simulation of a ball hitting a duck (scene 193),,60
/scratch/vcj9002/MagicPhysics/test_ball_hits_duck_collect/194/env/camera/cam_0,A physics simulation of a ball hitting a duck (scene 194),,109
/scratch/vcj9002/MagicPhysics/test_ball_hits_duck_collect/195/env/camera/cam_0,A physics simulation of a ball hitting a duck (scene 195),,109
/scratch/vcj9002/MagicPhysics/test_ball_hits_duck_collect/196/env/camera/cam_0,A physics simulation of a ball hitting a duck (scene 196),,62
/scratch/vcj9002/MagicPhysics/test_ball_hits_duck_collect/197/env/camera/cam_0,A physics simulation of a ball hitting a duck (scene 197),,58
/scratch/vcj9002/MagicPhysics/test_ball_hits_duck_collect/198/env/camera/cam_0,A physics simulation of a ball hitting a duck (scene 198),,58
/scratch/vcj9002/MagicPhysics/test_ball_hits_duck_collect/199/env/camera/cam_0,A physics simulation of a ball hitting a duck (scene 199),,57
/scratch/vcj9002/MagicPhysics/test_ball_hits_duck_collect/2/env/camera/cam_0,A physics simulation of a ball hitting a duck (scene 2),,59
/scratch/vcj9002/MagicPhysics/test_ball_hits_duck_collect/20/env/camera/cam_0,A physics simulation of a ball hitting a duck (scene 20),,65
/scratch/vcj9002/MagicPhysics/test_ball_hits_duck_collect/200/env/camera/cam_0,A physics simulation of a ball hitting a duck (scene 200),,57
/scratch/vcj9002/MagicPhysics/test_ball_hits_duck_collect/201/env/camera/cam_0,A physics simulation of a ball hitting a duck (scene 201),,64
/scratch/vcj9002/MagicPhysics/test_ball_hits_duck_collect/202/env/camera/cam_0,A physics simulation of a ball hitting a duck (scene 202),,59
/scratch/vcj9002/MagicPhysics/test_ball_hits_duck_collect/203/env/camera/cam_0,A physics simulation of a ball hitting a duck (scene 203),,56
/scratch/vcj9002/MagicPhysics/test_ball_hits_duck_collect/204/env/camera/cam_0,A physics simulation of a ball hitting a duck (scene 204),,56
/scratch/vcj9002/MagicPhysics/test_ball_hits_duck_collect/205/env/camera/cam_0,A physics simulation of a ball hitting a duck (scene 205),,118
/scratch/vcj9002/MagicPhysics/test_ball_hits_duck_collect/206/env/camera/cam_0,A physics simulation of a ball hitting a duck (scene 206),,59
/scratch/vcj9002/MagicPhysics/test_ball_hits_duck_collect/207/env/camera/cam_0,A physics simulation of a ball hitting a duck (scene 207),,58
/scratch/vcj9002/MagicPhysics/test_ball_hits_duck_collect/208/env/camera/cam_0,A physics simulation of a ball hitting a duck (scene 208),,58
/scratch/vcj9002/MagicPhysics/test_ball_hits_duck_collect/209/env/camera/cam_0,A physics simulation of a ball hitting a duck (scene 209),,59
/scratch/vcj9002/MagicPhysics/test_ball_hits_duck_collect/21/env/camera/cam_0,A physics simulation of a ball hitting a duck (scene 21),,65
/scratch/vcj9002/MagicPhysics/test_ball_hits_duck_collect/210/env/camera/cam_0,A physics simulation of a ball hitting a duck (scene 210),,59
/scratch/vcj9002/MagicPhysics/test_ball_hits_duck_collect/211/env/camera/cam_0,A physics simulation of a ball hitting a duck (scene 211),,64
/scratch/vcj9002/MagicPhysics/test_ball_hits_duck_collect/212/env/camera/cam_0,A physics simulation of a ball hitting a duck (scene 212),,102
/scratch/vcj9002/MagicPhysics/test_ball_hits_duck_collect/213/env/camera/cam_0,A physics simulation of a ball hitting a duck (scene 213),,57
/scratch/vcj9002/MagicPhysics/test_ball_hits_duck_collect/214/env/camera/cam_0,A physics simulation of a ball hitting a duck (scene 214),,57
/scratch/vcj9002/MagicPhysics/test_ball_hits_duck_collect/215/env/camera/cam_0,A physics simulation of a ball hitting a duck (scene 215),,110
/scratch/vcj9002/MagicPhysics/test_ball_hits_duck_collect/216/env/camera/cam_0,A physics simulation of a ball hitting a duck (scene 216),,108
/scratch/vcj9002/MagicPhysics/test_ball_hits_duck_collect/217/env/camera/cam_0,A physics simulation of a ball hitting a duck (scene 217),,108
/scratch/vcj9002/MagicPhysics/test_ball_hits_duck_collect/218/env/camera/cam_0,A physics simulation of a ball hitting a duck (scene 218),,84
/scratch/vcj9002/MagicPhysics/test_ball_hits_duck_collect/219/env/camera/cam_0,A physics simulation of a ball hitting a duck (scene 219),,98
/scratch/vcj9002/MagicPhysics/test_ball_hits_duck_collect/22/env/camera/cam_0,A physics simulation of a ball hitting a duck (scene 22),,54
/scratch/vcj9002/MagicPhysics/test_ball_hits_duck_collect/220/env/camera/cam_0,A physics simulation of a ball hitting a duck (scene 220),,98
/scratch/vcj9002/MagicPhysics/test_ball_hits_duck_collect/221/env/camera/cam_0,A physics simulation of a ball hitting a duck (scene 221),,60
/scratch/vcj9002/MagicPhysics/test_ball_hits_duck_collect/222/env/camera/cam_0,A physics simulation of a ball hitting a duck (scene 222),,52
/scratch/vcj9002/MagicPhysics/test_ball_hits_duck_collect/223/env/camera/cam_0,A physics simulation of a ball hitting a duck (scene 223),,52
/scratch/vcj9002/MagicPhysics/test_ball_hits_duck_collect/224/env/camera/cam_0,A physics simulation of a ball hitting a duck (scene 224),,58
/scratch/vcj9002/MagicPhysics/test_ball_hits_duck_collect/225/env/camera/cam_0,A physics simulation of a ball hitting a duck (scene 225),,79
/scratch/vcj9002/MagicPhysics/test_ball_hits_duck_collect/226/env/camera/cam_0,A physics simulation of a ball hitting a duck (scene 226),,79
/scratch/vcj9002/MagicPhysics/test_ball_hits_duck_collect/227/env/camera/cam_0,A physics simulation of a ball hitting a duck (scene 227),,92
/scratch/vcj9002/MagicPhysics/test_ball_hits_duck_collect/228/env/camera/cam_0,A physics simulation of a ball hitting a duck (scene 228),,83
/scratch/vcj9002/MagicPhysics/test_ball_hits_duck_collect/229/env/camera/cam_0,A physics simulation of a ball hitting a duck (scene 229),,77
/scratch/vcj9002/MagicPhysics/test_ball_hits_duck_collect/23/env/camera/cam_0,A physics simulation of a ball hitting a duck (scene 23),,85
/scratch/vcj9002/MagicPhysics/test_ball_hits_duck_collect/230/env/camera/cam_0,A physics simulation of a ball hitting a duck (scene 230),,57
/scratch/vcj9002/MagicPhysics/test_ball_hits_duck_collect/231/env/camera/cam_0,A physics simulation of a ball hitting a duck (scene 231),,77
/scratch/vcj9002/MagicPhysics/test_ball_hits_duck_collect/232/env/camera/cam_0,A physics simulation of a ball hitting a duck (scene 232),,63
/scratch/vcj9002/MagicPhysics/test_ball_hits_duck_collect/233/env/camera/cam_0,A physics simulation of a ball hitting a duck (scene 233),,63
/scratch/vcj9002/MagicPhysics/test_ball_hits_duck_collect/234/env/camera/cam_0,A physics simulation of a ball hitting a duck (scene 234),,63
/scratch/vcj9002/MagicPhysics/test_ball_hits_duck_collect/235/env/camera/cam_0,A physics simulation of a ball hitting a duck (scene 235),,63
/scratch/vcj9002/MagicPhysics/test_ball_hits_duck_collect/236/env/camera/cam_0,A physics simulation of a ball hitting a duck (scene 236),,57
/scratch/vcj9002/MagicPhysics/test_ball_hits_duck_collect/237/env/camera/cam_0,A physics simulation of a ball hitting a duck (scene 237),,82
/scratch/vcj9002/MagicPhysics/test_ball_hits_duck_collect/238/env/camera/cam_0,A physics simulation of a ball hitting a duck (scene 238),,57
/scratch/vcj9002/MagicPhysics/test_ball_hits_duck_collect/239/env/camera/cam_0,A physics simulation of a ball hitting a duck (scene 239),,57
/scratch/vcj9002/MagicPhysics/test_ball_hits_duck_collect/24/env/camera/cam_0,A physics simulation of a ball hitting a duck (scene 24),,116
/scratch/vcj9002/MagicPhysics/test_ball_hits_duck_collect/240/env/camera/cam_0,A physics simulation of a ball hitting a duck (scene 240),,119
/scratch/vcj9002/MagicPhysics/test_ball_hits_duck_collect/241/env/camera/cam_0,A physics simulation of a ball hitting a duck (scene 241),,91
/scratch/vcj9002/MagicPhysics/test_ball_hits_duck_collect/242/env/camera/cam_0,A physics simulation of a ball hitting a duck (scene 242),,91
/scratch/vcj9002/MagicPhysics/test_ball_hits_duck_collect/243/env/camera/cam_0,A physics simulation of a ball hitting a duck (scene 243),,56
/scratch/vcj9002/MagicPhysics/test_ball_hits_duck_collect/244/env/camera/cam_0,A physics simulation of a ball hitting a duck (scene 244),,102
/scratch/vcj9002/MagicPhysics/test_ball_hits_duck_collect/245/env/camera/cam_0,A physics simulation of a ball hitting a duck (scene 245),,60
/scratch/vcj9002/MagicPhysics/test_ball_hits_duck_collect/246/env/camera/cam_0,A physics simulation of a ball hitting a duck (scene 246),,69
/scratch/vcj9002/MagicPhysics/test_ball_hits_duck_collect/247/env/camera/cam_0,A physics simulation of a ball hitting a duck (scene 247),,114
/scratch/vcj9002/MagicPhysics/test_ball_hits_duck_collect/248/env/camera/cam_0,A physics simulation of a ball hitting a duck (scene 248),,114
/scratch/vcj9002/MagicPhysics/test_ball_hits_duck_collect/249/env/camera/cam_0,A physics simulation of a ball hitting a duck (scene 249),,82
/scratch/vcj9002/MagicPhysics/test_ball_hits_duck_collect/25/env/camera/cam_0,A physics simulation of a ball hitting a duck (scene 25),,116
/scratch/vcj9002/MagicPhysics/test_ball_hits_duck_collect/250/env/camera/cam_0,A physics simulation of a ball hitting a duck (scene 250),,82
/scratch/vcj9002/MagicPhysics/test_ball_hits_duck_collect/251/env/camera/cam_0,A physics simulation of a ball hitting a duck (scene 251),,58
/scratch/vcj9002/MagicPhysics/test_ball_hits_duck_collect/252/env/camera/cam_0,A physics simulation of a ball hitting a duck (scene 252),,82
/scratch/vcj9002/MagicPhysics/test_ball_hits_duck_collect/253/env/camera/cam_0,A physics simulation of a ball hitting a duck (scene 253),,82
/scratch/vcj9002/MagicPhysics/test_ball_hits_duck_collect/254/env/camera/cam_0,A physics simulation of a ball hitting a duck (scene 254),,72
/scratch/vcj9002/MagicPhysics/test_ball_hits_duck_collect/255/env/camera/cam_0,A physics simulation of a ball hitting a duck (scene 255),,61
/scratch/vcj9002/MagicPhysics/test_ball_hits_duck_collect/256/env/camera/cam_0,A physics simulation of a ball hitting a duck (scene 256),,57
/scratch/vcj9002/MagicPhysics/test_ball_hits_duck_collect/257/env/camera/cam_0,A physics simulation of a ball hitting a duck (scene 257),,56
/scratch/vcj9002/MagicPhysics/test_ball_hits_duck_collect/258/env/camera/cam_0,A physics simulation of a ball hitting a duck (scene 258),,57
/scratch/vcj9002/MagicPhysics/test_ball_hits_duck_collect/259/env/camera/cam_0,A physics simulation of a ball hitting a duck (scene 259),,102
/scratch/vcj9002/MagicPhysics/test_ball_hits_duck_collect/26/env/camera/cam_0,A physics simulation of a ball hitting a duck (scene 26),,112
/scratch/vcj9002/MagicPhysics/test_ball_hits_duck_collect/260/env/camera/cam_0,A physics simulation of a ball hitting a duck (scene 260),,102
/scratch/vcj9002/MagicPhysics/test_ball_hits_duck_collect/261/env/camera/cam_0,A physics simulation of a ball hitting a duck (scene 261),,93
/scratch/vcj9002/MagicPhysics/test_ball_hits_duck_collect/262/env/camera/cam_0,A physics simulation of a ball hitting a duck (scene 262),,93
/scratch/vcj9002/MagicPhysics/test_ball_hits_duck_collect/263/env/camera/cam_0,A physics simulation of a ball hitting a duck (scene 263),,76
/scratch/vcj9002/MagicPhysics/test_ball_hits_duck_collect/264/env/camera/cam_0,A physics simulation of a ball hitting a duck (scene 264),,66
/scratch/vcj9002/MagicPhysics/test_ball_hits_duck_collect/265/env/camera/cam_0,A physics simulation of a ball hitting a duck (scene 265),,57
/scratch/vcj9002/MagicPhysics/test_ball_hits_duck_collect/266/env/camera/cam_0,A physics simulation of a ball hitting a duck (scene 266),,58
/scratch/vcj9002/MagicPhysics/test_ball_hits_duck_collect/267/env/camera/cam_0,A physics simulation of a ball hitting a duck (scene 267),,131
/scratch/vcj9002/MagicPhysics/test_ball_hits_duck_collect/268/env/camera/cam_0,A physics simulation of a ball hitting a duck (scene 268),,131
/scratch/vcj9002/MagicPhysics/test_ball_hits_duck_collect/269/env/camera/cam_0,A physics simulation of a ball hitting a duck (scene 269),,61
/scratch/vcj9002/MagicPhysics/test_ball_hits_duck_collect/27/env/camera/cam_0,A physics simulation of a ball hitting a duck (scene 27),,56
/scratch/vcj9002/MagicPhysics/test_ball_hits_duck_collect/270/env/camera/cam_0,A physics simulation of a ball hitting a duck (scene 270),,61
/scratch/vcj9002/MagicPhysics/test_ball_hits_duck_collect/271/env/camera/cam_0,A physics simulation of a ball hitting a duck (scene 271),,60
/scratch/vcj9002/MagicPhysics/test_ball_hits_duck_collect/272/env/camera/cam_0,A physics simulation of a ball hitting a duck (scene 272),,71
/scratch/vcj9002/MagicPhysics/test_ball_hits_duck_collect/273/env/camera/cam_0,A physics simulation of a ball hitting a duck (scene 273),,57
/scratch/vcj9002/MagicPhysics/test_ball_hits_duck_collect/274/env/camera/cam_0,A physics simulation of a ball hitting a duck (scene 274),,103
/scratch/vcj9002/MagicPhysics/test_ball_hits_duck_collect/275/env/camera/cam_0,A physics simulation of a ball hitting a duck (scene 275),,103
/scratch/vcj9002/MagicPhysics/test_ball_hits_duck_collect/276/env/camera/cam_0,A physics simulation of a ball hitting a duck (scene 276),,56
/scratch/vcj9002/MagicPhysics/test_ball_hits_duck_collect/277/env/camera/cam_0,A physics simulation of a ball hitting a duck (scene 277),,56
/scratch/vcj9002/MagicPhysics/test_ball_hits_duck_collect/278/env/camera/cam_0,A physics simulation of a ball hitting a duck (scene 278),,58
/scratch/vcj9002/MagicPhysics/test_ball_hits_duck_collect/279/env/camera/cam_0,A physics simulation of a ball hitting a duck (scene 279),,112
/scratch/vcj9002/MagicPhysics/test_ball_hits_duck_collect/28/env/camera/cam_0,A physics simulation of a ball hitting a duck (scene 28),,56
/scratch/vcj9002/MagicPhysics/test_ball_hits_duck_collect/280/env/camera/cam_0,A physics simulation of a ball hitting a duck (scene 280),,57
/scratch/vcj9002/MagicPhysics/test_ball_hits_duck_collect/281/env/camera/cam_0,A physics simulation of a ball hitting a duck (scene 281),,55
/scratch/vcj9002/MagicPhysics/test_ball_hits_duck_collect/282/env/camera/cam_0,A physics simulation of a ball hitting a duck (scene 282),,55
/scratch/vcj9002/MagicPhysics/test_ball_hits_duck_collect/283/env/camera/cam_0,A physics simulation of a ball hitting a duck (scene 283),,62
/scratch/vcj9002/MagicPhysics/test_ball_hits_duck_collect/284/env/camera/cam_0,A physics simulation of a ball hitting a duck (scene 284),,105
/scratch/vcj9002/MagicPhysics/test_ball_hits_duck_collect/285/env/camera/cam_0,A physics simulation of a ball hitting a duck (scene 285),,105
/scratch/vcj9002/MagicPhysics/test_ball_hits_duck_collect/286/env/camera/cam_0,A physics simulation of a ball hitting a duck (scene 286),,58
/scratch/vcj9002/MagicPhysics/test_ball_hits_duck_collect/287/env/camera/cam_0,A physics simulation of a ball hitting a duck (scene 287),,58
/scratch/vcj9002/MagicPhysics/test_ball_hits_duck_collect/288/env/camera/cam_0,A physics simulation of a ball hitting a duck (scene 288),,60
/scratch/vcj9002/MagicPhysics/test_ball_hits_duck_collect/289/env/camera/cam_0,A physics simulation of a ball hitting a duck (scene 289),,59
/scratch/vcj9002/MagicPhysics/test_ball_hits_duck_collect/29/env/camera/cam_0,A physics simulation of a ball hitting a duck (scene 29),,58
/scratch/vcj9002/MagicPhysics/test_ball_hits_duck_collect/290/env/camera/cam_0,A physics simulation of a ball hitting a duck (scene 290),,57
/scratch/vcj9002/MagicPhysics/test_ball_hits_duck_collect/291/env/camera/cam_0,A physics simulation of a ball hitting a duck (scene 291),,57
/scratch/vcj9002/MagicPhysics/test_ball_hits_duck_collect/292/env/camera/cam_0,A physics simulation of a ball hitting a duck (scene 292),,56
/scratch/vcj9002/MagicPhysics/test_ball_hits_duck_collect/293/env/camera/cam_0,A physics simulation of a ball hitting a duck (scene 293),,56
/scratch/vcj9002/MagicPhysics/test_ball_hits_duck_collect/294/env/camera/cam_0,A physics simulation of a ball hitting a duck (scene 294),,60
/scratch/vcj9002/MagicPhysics/test_ball_hits_duck_collect/295/env/camera/cam_0,A physics simulation of a ball hitting a duck (scene 295),,94
/scratch/vcj9002/MagicPhysics/test_ball_hits_duck_collect/296/env/camera/cam_0,A physics simulation of a ball hitting a duck (scene 296),,60
/scratch/vcj9002/MagicPhysics/test_ball_hits_duck_collect/297/env/camera/cam_0,A physics simulation of a ball hitting a duck (scene 297),,60
/scratch/vcj9002/MagicPhysics/test_ball_hits_duck_collect/298/env/camera/cam_0,A physics simulation of a ball hitting a duck (scene 298),,76
/scratch/vcj9002/MagicPhysics/test_ball_hits_duck_collect/299/env/camera/cam_0,A physics simulation of a ball hitting a duck (scene 299),,55
/scratch/vcj9002/MagicPhysics/test_ball_hits_duck_collect/3/env/camera/cam_0,A physics simulation of a ball hitting a duck (scene 3),,59
/scratch/vcj9002/MagicPhysics/test_ball_hits_duck_collect/30/env/camera/cam_0,A physics simulation of a ball hitting a duck (scene 30),,93
/scratch/vcj9002/MagicPhysics/test_ball_hits_duck_collect/300/env/camera/cam_0,A physics simulation of a ball hitting a duck (scene 300),,55
/scratch/vcj9002/MagicPhysics/test_ball_hits_duck_collect/301/env/camera/cam_0,A physics simulation of a ball hitting a duck (scene 301),,58
/scratch/vcj9002/MagicPhysics/test_ball_hits_duck_collect/302/env/camera/cam_0,A physics simulation of a ball hitting a duck (scene 302),,68
/scratch/vcj9002/MagicPhysics/test_ball_hits_duck_collect/303/env/camera/cam_0,A physics simulation of a ball hitting a duck (scene 303),,58
/scratch/vcj9002/MagicPhysics/test_ball_hits_duck_collect/304/env/camera/cam_0,A physics simulation of a ball hitting a duck (scene 304),,104
/scratch/vcj9002/MagicPhysics/test_ball_hits_duck_collect/305/env/camera/cam_0,A physics simulation of a ball hitting a duck (scene 305),,104
/scratch/vcj9002/MagicPhysics/test_ball_hits_duck_collect/306/env/camera/cam_0,A physics simulation of a ball hitting a duck (scene 306),,117
/scratch/vcj9002/MagicPhysics/test_ball_hits_duck_collect/307/env/camera/cam_0,A physics simulation of a ball hitting a duck (scene 307),,109
/scratch/vcj9002/MagicPhysics/test_ball_hits_duck_collect/308/env/camera/cam_0,A physics simulation of a ball hitting a duck (scene 308),,58
/scratch/vcj9002/MagicPhysics/test_ball_hits_duck_collect/309/env/camera/cam_0,A physics simulation of a ball hitting a duck (scene 309),,110
/scratch/vcj9002/MagicPhysics/test_ball_hits_duck_collect/31/env/camera/cam_0,A physics simulation of a ball hitting a duck (scene 31),,95
/scratch/vcj9002/MagicPhysics/test_ball_hits_duck_collect/310/env/camera/cam_0,A physics simulation of a ball hitting a duck (scene 310),,110
/scratch/vcj9002/MagicPhysics/test_ball_hits_duck_collect/311/env/camera/cam_0,A physics simulation of a ball hitting a duck (scene 311),,117
/scratch/vcj9002/MagicPhysics/test_ball_hits_duck_collect/312/env/camera/cam_0,A physics simulation of a ball hitting a duck (scene 312),,99
/scratch/vcj9002/MagicPhysics/test_ball_hits_duck_collect/313/env/camera/cam_0,A physics simulation of a ball hitting a duck (scene 313),,99
/scratch/vcj9002/MagicPhysics/test_ball_hits_duck_collect/314/env/camera/cam_0,A physics simulation of a ball hitting a duck (scene 314),,80
/scratch/vcj9002/MagicPhysics/test_ball_hits_duck_collect/315/env/camera/cam_0,A physics simulation of a ball hitting a duck (scene 315),,80
/scratch/vcj9002/MagicPhysics/test_ball_hits_duck_collect/316/env/camera/cam_0,A physics simulation of a ball hitting a duck (scene 316),,66
/scratch/vcj9002/MagicPhysics/test_ball_hits_duck_collect/317/env/camera/cam_0,A physics simulation of a ball hitting a duck (scene 317),,84
/scratch/vcj9002/MagicPhysics/test_ball_hits_duck_collect/318/env/camera/cam_0,A physics simulation of a ball hitting a duck (scene 318),,60
/scratch/vcj9002/MagicPhysics/test_ball_hits_duck_collect/319/env/camera/cam_0,A physics simulation of a ball hitting a duck (scene 319),,58
/scratch/vcj9002/MagicPhysics/test_ball_hits_duck_collect/32/env/camera/cam_0,A physics simulation of a ball hitting a duck (scene 32),,95
/scratch/vcj9002/MagicPhysics/test_ball_hits_duck_collect/320/env/camera/cam_0,A physics simulation of a ball hitting a duck (scene 320),,59
/scratch/vcj9002/MagicPhysics/test_ball_hits_duck_collect/321/env/camera/cam_0,A physics simulation of a ball hitting a duck (scene 321),,59
/scratch/vcj9002/MagicPhysics/test_ball_hits_duck_collect/322/env/camera/cam_0,A physics simulation of a ball hitting a duck (scene 322),,56
/scratch/vcj9002/MagicPhysics/test_ball_hits_duck_collect/323/env/camera/cam_0,A physics simulation of a ball hitting a duck (scene 323),,55
/scratch/vcj9002/MagicPhysics/test_ball_hits_duck_collect/324/env/camera/cam_0,A physics simulation of a ball hitting a duck (scene 324),,95
/scratch/vcj9002/MagicPhysics/test_ball_hits_duck_collect/325/env/camera/cam_0,A physics simulation of a ball hitting a duck (scene 325),,95
/scratch/vcj9002/MagicPhysics/test_ball_hits_duck_collect/326/env/camera/cam_0,A physics simulation of a ball hitting a duck (scene 326),,101
/scratch/vcj9002/MagicPhysics/test_ball_hits_duck_collect/327/env/camera/cam_0,A physics simulation of a ball hitting a duck (scene 327),,101
/scratch/vcj9002/MagicPhysics/test_ball_hits_duck_collect/328/env/camera/cam_0,A physics simulation of a ball hitting a duck (scene 328),,103
/scratch/vcj9002/MagicPhysics/test_ball_hits_duck_collect/329/env/camera/cam_0,A physics simulation of a ball hitting a duck (scene 329),,60
/scratch/vcj9002/MagicPhysics/test_ball_hits_duck_collect/33/env/camera/cam_0,A physics simulation of a ball hitting a duck (scene 33),,58
/scratch/vcj9002/MagicPhysics/test_ball_hits_duck_collect/330/env/camera/cam_0,A physics simulation of a ball hitting a duck (scene 330),,56
/scratch/vcj9002/MagicPhysics/test_ball_hits_duck_collect/331/env/camera/cam_0,A physics simulation of a ball hitting a duck (scene 331),,56
/scratch/vcj9002/MagicPhysics/test_ball_hits_duck_collect/332/env/camera/cam_0,A physics simulation of a ball hitting a duck (scene 332),,59
/scratch/vcj9002/MagicPhysics/test_ball_hits_duck_collect/333/env/camera/cam_0,A physics simulation of a ball hitting a duck (scene 333),,67
/scratch/vcj9002/MagicPhysics/test_ball_hits_duck_collect/334/env/camera/cam_0,A physics simulation of a ball hitting a duck (scene 334),,60
/scratch/vcj9002/MagicPhysics/test_ball_hits_duck_collect/335/env/camera/cam_0,A physics simulation of a ball hitting a duck (scene 335),,60
/scratch/vcj9002/MagicPhysics/test_ball_hits_duck_collect/336/env/camera/cam_0,A physics simulation of a ball hitting a duck (scene 336),,59
/scratch/vcj9002/MagicPhysics/test_ball_hits_duck_collect/337/env/camera/cam_0,A physics simulation of a ball hitting a duck (scene 337),,59
/scratch/vcj9002/MagicPhysics/test_ball_hits_duck_collect/338/env/camera/cam_0,A physics simulation of a ball hitting a duck (scene 338),,68
/scratch/vcj9002/MagicPhysics/test_ball_hits_duck_collect/339/env/camera/cam_0,A physics simulation of a ball hitting a duck (scene 339),,109
/scratch/vcj9002/MagicPhysics/test_ball_hits_duck_collect/34/env/camera/cam_0,A physics simulation of a ball hitting a duck (scene 34),,57
/scratch/vcj9002/MagicPhysics/test_ball_hits_duck_collect/340/env/camera/cam_0,A physics simulation of a ball hitting a duck (scene 340),,109
/scratch/vcj9002/MagicPhysics/test_ball_hits_duck_collect/341/env/camera/cam_0,A physics simulation of a ball hitting a duck (scene 341),,75
/scratch/vcj9002/MagicPhysics/test_ball_hits_duck_collect/342/env/camera/cam_0,A physics simulation of a ball hitting a duck (scene 342),,64
/scratch/vcj9002/MagicPhysics/test_ball_hits_duck_collect/343/env/camera/cam_0,A physics simulation of a ball hitting a duck (scene 343),,64
/scratch/vcj9002/MagicPhysics/test_ball_hits_duck_collect/344/env/camera/cam_0,A physics simulation of a ball hitting a duck (scene 344),,113
/scratch/vcj9002/MagicPhysics/test_ball_hits_duck_collect/345/env/camera/cam_0,A physics simulation of a ball hitting a duck (scene 345),,119
/scratch/vcj9002/MagicPhysics/test_ball_hits_duck_collect/346/env/camera/cam_0,A physics simulation of a ball hitting a duck (scene 346),,59
/scratch/vcj9002/MagicPhysics/test_ball_hits_duck_collect/347/env/camera/cam_0,A physics simulation of a ball hitting a duck (scene 347),,59
/scratch/vcj9002/MagicPhysics/test_ball_hits_duck_collect/348/env/camera/cam_0,A physics simulation of a ball hitting a duck (scene 348),,59
/scratch/vcj9002/MagicPhysics/test_ball_hits_duck_collect/349/env/camera/cam_0,A physics simulation of a ball hitting a duck (scene 349),,55
/scratch/vcj9002/MagicPhysics/test_ball_hits_duck_collect/35/env/camera/cam_0,A physics simulation of a ball hitting a duck (scene 35),,58
/scratch/vcj9002/MagicPhysics/test_ball_hits_duck_collect/350/env/camera/cam_0,A physics simulation of a ball hitting a duck (scene 350),,55
/scratch/vcj9002/MagicPhysics/test_ball_hits_duck_collect/351/env/camera/cam_0,A physics simulation of a ball hitting a duck (scene 351),,57
/scratch/vcj9002/MagicPhysics/test_ball_hits_duck_collect/352/env/camera/cam_0,A physics simulation of a ball hitting a duck (scene 352),,62
/scratch/vcj9002/MagicPhysics/test_ball_hits_duck_collect/353/env/camera/cam_0,A physics simulation of a ball hitting a duck (scene 353),,57
/scratch/vcj9002/MagicPhysics/test_ball_hits_duck_collect/354/env/camera/cam_0,A physics simulation of a ball hitting a duck (scene 354),,57
/scratch/vcj9002/MagicPhysics/test_ball_hits_duck_collect/355/env/camera/cam_0,A physics simulation of a ball hitting a duck (scene 355),,58
/scratch/vcj9002/MagicPhysics/test_ball_hits_duck_collect/356/env/camera/cam_0,A physics simulation of a ball hitting a duck (scene 356),,112
/scratch/vcj9002/MagicPhysics/test_ball_hits_duck_collect/357/env/camera/cam_0,A physics simulation of a ball hitting a duck (scene 357),,112
/scratch/vcj9002/MagicPhysics/test_ball_hits_duck_collect/358/env/camera/cam_0,A physics simulation of a ball hitting a duck (scene 358),,62
/scratch/vcj9002/MagicPhysics/test_ball_hits_duck_collect/359/env/camera/cam_0,A physics simulation of a ball hitting a duck (scene 359),,115
/scratch/vcj9002/MagicPhysics/test_ball_hits_duck_collect/36/env/camera/cam_0,A physics simulation of a ball hitting a duck (scene 36),,58
/scratch/vcj9002/MagicPhysics/test_ball_hits_duck_collect/360/env/camera/cam_0,A physics simulation of a ball hitting a duck (scene 360),,57
/scratch/vcj9002/MagicPhysics/test_ball_hits_duck_collect/361/env/camera/cam_0,A physics simulation of a ball hitting a duck (scene 361),,61
/scratch/vcj9002/MagicPhysics/test_ball_hits_duck_collect/362/env/camera/cam_0,A physics simulation of a ball hitting a duck (scene 362),,61
/scratch/vcj9002/MagicPhysics/test_ball_hits_duck_collect/363/env/camera/cam_0,A physics simulation of a ball hitting a duck (scene 363),,106
/scratch/vcj9002/MagicPhysics/test_ball_hits_duck_collect/364/env/camera/cam_0,A physics simulation of a ball hitting a duck (scene 364),,106
/scratch/vcj9002/MagicPhysics/test_ball_hits_duck_collect/365/env/camera/cam_0,A physics simulation of a ball hitting a duck (scene 365),,60
/scratch/vcj9002/MagicPhysics/test_ball_hits_duck_collect/366/env/camera/cam_0,A physics simulation of a ball hitting a duck (scene 366),,58
/scratch/vcj9002/MagicPhysics/test_ball_hits_duck_collect/367/env/camera/cam_0,A physics simulation of a ball hitting a duck (scene 367),,58
/scratch/vcj9002/MagicPhysics/test_ball_hits_duck_collect/368/env/camera/cam_0,A physics simulation of a ball hitting a duck (scene 368),,60
/scratch/vcj9002/MagicPhysics/test_ball_hits_duck_collect/369/env/camera/cam_0,A physics simulation of a ball hitting a duck (scene 369),,57
/scratch/vcj9002/MagicPhysics/test_ball_hits_duck_collect/37/env/camera/cam_0,A physics simulation of a ball hitting a duck (scene 37),,62
/scratch/vcj9002/MagicPhysics/test_ball_hits_duck_collect/370/env/camera/cam_0,A physics simulation of a ball hitting a duck (scene 370),,57
/scratch/vcj9002/MagicPhysics/test_ball_hits_duck_collect/371/env/camera/cam_0,A physics simulation of a ball hitting a duck (scene 371),,81
/scratch/vcj9002/MagicPhysics/test_ball_hits_duck_collect/372/env/camera/cam_0,A physics simulation of a ball hitting a duck (scene 372),,113
/scratch/vcj9002/MagicPhysics/test_ball_hits_duck_collect/373/env/camera/cam_0,A physics simulation of a ball hitting a duck (scene 373),,104
/scratch/vcj9002/MagicPhysics/test_ball_hits_duck_collect/374/env/camera/cam_0,A physics simulation of a ball hitting a duck (scene 374),,104
/scratch/vcj9002/MagicPhysics/test_ball_hits_duck_collect/375/env/camera/cam_0,A physics simulation of a ball hitting a duck (scene 375),,78
/scratch/vcj9002/MagicPhysics/test_ball_hits_duck_collect/376/env/camera/cam_0,A physics simulation of a ball hitting a duck (scene 376),,58
/scratch/vcj9002/MagicPhysics/test_ball_hits_duck_collect/377/env/camera/cam_0,A physics simulation of a ball hitting a duck (scene 377),,58
/scratch/vcj9002/MagicPhysics/test_ball_hits_duck_collect/378/env/camera/cam_0,A physics simulation of a ball hitting a duck (scene 378),,59
/scratch/vcj9002/MagicPhysics/test_ball_hits_duck_collect/379/env/camera/cam_0,A physics simulation of a ball hitting a duck (scene 379),,104
/scratch/vcj9002/MagicPhysics/test_ball_hits_duck_collect/38/env/camera/cam_0,A physics simulation of a ball hitting a duck (scene 38),,60
/scratch/vcj9002/MagicPhysics/test_ball_hits_duck_collect/380/env/camera/cam_0,A physics simulation of a ball hitting a duck (scene 380),,114
/scratch/vcj9002/MagicPhysics/test_ball_hits_duck_collect/381/env/camera/cam_0,A physics simulation of a ball hitting a duck (scene 381),,104
/scratch/vcj9002/MagicPhysics/test_ball_hits_duck_collect/382/env/camera/cam_0,A physics simulation of a ball hitting a duck (scene 382),,60
/scratch/vcj9002/MagicPhysics/test_ball_hits_duck_collect/383/env/camera/cam_0,A physics simulation of a ball hitting a duck (scene 383),,60
/scratch/vcj9002/MagicPhysics/test_ball_hits_duck_collect/384/env/camera/cam_0,A physics simulation of a ball hitting a duck (scene 384),,56
/scratch/vcj9002/MagicPhysics/test_ball_hits_duck_collect/385/env/camera/cam_0,A physics simulation of a ball hitting a duck (scene 385),,57
/scratch/vcj9002/MagicPhysics/test_ball_hits_duck_collect/386/env/camera/cam_0,A physics simulation of a ball hitting a duck (scene 386),,89
/scratch/vcj9002/MagicPhysics/test_ball_hits_duck_collect/387/env/camera/cam_0,A physics simulation of a ball hitting a duck (scene 387),,81
/scratch/vcj9002/MagicPhysics/test_ball_hits_duck_collect/388/env/camera/cam_0,A physics simulation of a ball hitting a duck (scene 388),,69
/scratch/vcj9002/MagicPhysics/test_ball_hits_duck_collect/389/env/camera/cam_0,A physics simulation of a ball hitting a duck (scene 389),,69
/scratch/vcj9002/MagicPhysics/test_ball_hits_duck_collect/39/env/camera/cam_0,A physics simulation of a ball hitting a duck (scene 39),,60
/scratch/vcj9002/MagicPhysics/test_ball_hits_duck_collect/390/env/camera/cam_0,A physics simulation of a ball hitting a duck (scene 390),,102
/scratch/vcj9002/MagicPhysics/test_ball_hits_duck_collect/391/env/camera/cam_0,A physics simulation of a ball hitting a duck (scene 391),,102
/scratch/vcj9002/MagicPhysics/test_ball_hits_duck_collect/392/env/camera/cam_0,A physics simulation of a ball hitting a duck (scene 392),,73
/scratch/vcj9002/MagicPhysics/test_ball_hits_duck_collect/393/env/camera/cam_0,A physics simulation of a ball hitting a duck (scene 393),,73
/scratch/vcj9002/MagicPhysics/test_ball_hits_duck_collect/394/env/camera/cam_0,A physics simulation of a ball hitting a duck (scene 394),,58
/scratch/vcj9002/MagicPhysics/test_ball_hits_duck_collect/395/env/camera/cam_0,A physics simulation of a ball hitting a duck (scene 395),,60
/scratch/vcj9002/MagicPhysics/test_ball_hits_duck_collect/396/env/camera/cam_0,A physics simulation of a ball hitting a duck (scene 396),,60
/scratch/vcj9002/MagicPhysics/test_ball_hits_duck_collect/397/env/camera/cam_0,A physics simulation of a ball hitting a duck (scene 397),,104
/scratch/vcj9002/MagicPhysics/test_ball_hits_duck_collect/398/env/camera/cam_0,A physics simulation of a ball hitting a duck (scene 398),,109
/scratch/vcj9002/MagicPhysics/test_ball_hits_duck_collect/399/env/camera/cam_0,A physics simulation of a ball hitting a duck (scene 399),,110
/scratch/vcj9002/MagicPhysics/test_ball_hits_duck_collect/4/env/camera/cam_0,A physics simulation of a ball hitting a duck (scene 4),,59
/scratch/vcj9002/MagicPhysics/test_ball_hits_duck_collect/40/env/camera/cam_0,A physics simulation of a ball hitting a duck (scene 40),,104
/scratch/vcj9002/MagicPhysics/test_ball_hits_duck_collect/400/env/camera/cam_0,A physics simulation of a ball hitting a duck (scene 400),,56
/scratch/vcj9002/MagicPhysics/test_ball_hits_duck_collect/401/env/camera/cam_0,A physics simulation of a ball hitting a duck (scene 401),,77
/scratch/vcj9002/MagicPhysics/test_ball_hits_duck_collect/402/env/camera/cam_0,A physics simulation of a ball hitting a duck (scene 402),,77
/scratch/vcj9002/MagicPhysics/test_ball_hits_duck_collect/403/env/camera/cam_0,A physics simulation of a ball hitting a duck (scene 403),,58
/scratch/vcj9002/MagicPhysics/test_ball_hits_duck_collect/404/env/camera/cam_0,A physics simulation of a ball hitting a duck (scene 404),,58
/scratch/vcj9002/MagicPhysics/test_ball_hits_duck_collect/405/env/camera/cam_0,A physics simulation of a ball hitting a duck (scene 405),,99
/scratch/vcj9002/MagicPhysics/test_ball_hits_duck_collect/406/env/camera/cam_0,A physics simulation of a ball hitting a duck (scene 406),,99
/scratch/vcj9002/MagicPhysics/test_ball_hits_duck_collect/407/env/camera/cam_0,A physics simulation of a ball hitting a duck (scene 407),,58
/scratch/vcj9002/MagicPhysics/test_ball_hits_duck_collect/408/env/camera/cam_0,A physics simulation of a ball hitting a duck (scene 408),,85
/scratch/vcj9002/MagicPhysics/test_ball_hits_duck_collect/409/env/camera/cam_0,A physics simulation of a ball hitting a duck (scene 409),,52
/scratch/vcj9002/MagicPhysics/test_ball_hits_duck_collect/41/env/camera/cam_0,A physics simulation of a ball hitting a duck (scene 41),,104
/scratch/vcj9002/MagicPhysics/test_ball_hits_duck_collect/410/env/camera/cam_0,A physics simulation of a ball hitting a duck (scene 410),,108
/scratch/vcj9002/MagicPhysics/test_ball_hits_duck_collect/411/env/camera/cam_0,A physics simulation of a ball hitting a duck (scene 411),,101
/scratch/vcj9002/MagicPhysics/test_ball_hits_duck_collect/412/env/camera/cam_0,A physics simulation of a ball hitting a duck (scene 412),,101
/scratch/vcj9002/MagicPhysics/test_ball_hits_duck_collect/413/env/camera/cam_0,A physics simulation of a ball hitting a duck (scene 413),,105
/scratch/vcj9002/MagicPhysics/test_ball_hits_duck_collect/414/env/camera/cam_0,A physics simulation of a ball hitting a duck (scene 414),,89
/scratch/vcj9002/MagicPhysics/test_ball_hits_duck_collect/415/env/camera/cam_0,A physics simulation of a ball hitting a duck (scene 415),,89
/scratch/vcj9002/MagicPhysics/test_ball_hits_duck_collect/416/env/camera/cam_0,A physics simulation of a ball hitting a duck (scene 416),,116
/scratch/vcj9002/MagicPhysics/test_ball_hits_duck_collect/417/env/camera/cam_0,A physics simulation of a ball hitting a duck (scene 417),,116
/scratch/vcj9002/MagicPhysics/test_ball_hits_duck_collect/418/env/camera/cam_0,A physics simulation of a ball hitting a duck (scene 418),,56
/scratch/vcj9002/MagicPhysics/test_ball_hits_duck_collect/419/env/camera/cam_0,A physics simulation of a ball hitting a duck (scene 419),,56
/scratch/vcj9002/MagicPhysics/test_ball_hits_duck_collect/42/env/camera/cam_0,A physics simulation of a ball hitting a duck (scene 42),,66
/scratch/vcj9002/MagicPhysics/test_ball_hits_duck_collect/420/env/camera/cam_0,A physics simulation of a ball hitting a duck (scene 420),,56
/scratch/vcj9002/MagicPhysics/test_ball_hits_duck_collect/421/env/camera/cam_0,A physics simulation of a ball hitting a duck (scene 421),,67
/scratch/vcj9002/MagicPhysics/test_ball_hits_duck_collect/422/env/camera/cam_0,A physics simulation of a ball hitting a duck (scene 422),,69
/scratch/vcj9002/MagicPhysics/test_ball_hits_duck_collect/423/env/camera/cam_0,A physics simulation of a ball hitting a duck (scene 423),,96
/scratch/vcj9002/MagicPhysics/test_ball_hits_duck_collect/424/env/camera/cam_0,A physics simulation of a ball hitting a duck (scene 424),,60
/scratch/vcj9002/MagicPhysics/test_ball_hits_duck_collect/425/env/camera/cam_0,A physics simulation of a ball hitting a duck (scene 425),,60
/scratch/vcj9002/MagicPhysics/test_ball_hits_duck_collect/426/env/camera/cam_0,A physics simulation of a ball hitting a duck (scene 426),,57
/scratch/vcj9002/MagicPhysics/test_ball_hits_duck_collect/427/env/camera/cam_0,A physics simulation of a ball hitting a duck (scene 427),,57
/scratch/vcj9002/MagicPhysics/test_ball_hits_duck_collect/428/env/camera/cam_0,A physics simulation of a ball hitting a duck (scene 428),,57
/scratch/vcj9002/MagicPhysics/test_ball_hits_duck_collect/429/env/camera/cam_0,A physics simulation of a ball hitting a duck (scene 429),,57
/scratch/vcj9002/MagicPhysics/test_ball_hits_duck_collect/43/env/camera/cam_0,A physics simulation of a ball hitting a duck (scene 43),,65
/scratch/vcj9002/MagicPhysics/test_ball_hits_duck_collect/430/env/camera/cam_0,A physics simulation of a ball hitting a duck (scene 430),,65
/scratch/vcj9002/MagicPhysics/test_ball_hits_duck_collect/431/env/camera/cam_0,A physics simulation of a ball hitting a duck (scene 431),,65
/scratch/vcj9002/MagicPhysics/test_ball_hits_duck_collect/432/env/camera/cam_0,A physics simulation of a ball hitting a duck (scene 432),,60
/scratch/vcj9002/MagicPhysics/test_ball_hits_duck_collect/433/env/camera/cam_0,A physics simulation of a ball hitting a duck (scene 433),,57
/scratch/vcj9002/MagicPhysics/test_ball_hits_duck_collect/434/env/camera/cam_0,A physics simulation of a ball hitting a duck (scene 434),,57
/scratch/vcj9002/MagicPhysics/test_ball_hits_duck_collect/435/env/camera/cam_0,A physics simulation of a ball hitting a duck (scene 435),,61
/scratch/vcj9002/MagicPhysics/test_ball_hits_duck_collect/436/env/camera/cam_0,A physics simulation of a ball hitting a duck (scene 436),,61
/scratch/vcj9002/MagicPhysics/test_ball_hits_duck_collect/437/env/camera/cam_0,A physics simulation of a ball hitting a duck (scene 437),,109
/scratch/vcj9002/MagicPhysics/test_ball_hits_duck_collect/438/env/camera/cam_0,A physics simulation of a ball hitting a duck (scene 438),,57
/scratch/vcj9002/MagicPhysics/test_ball_hits_duck_collect/439/env/camera/cam_0,A physics simulation of a ball hitting a duck (scene 439),,57
/scratch/vcj9002/MagicPhysics/test_ball_hits_duck_collect/44/env/camera/cam_0,A physics simulation of a ball hitting a duck (scene 44),,98
/scratch/vcj9002/MagicPhysics/test_ball_hits_duck_collect/440/env/camera/cam_0,A physics simulation of a ball hitting a duck (scene 440),,57
/scratch/vcj9002/MagicPhysics/test_ball_hits_duck_collect/441/env/camera/cam_0,A physics simulation of a ball hitting a duck (scene 441),,56
/scratch/vcj9002/MagicPhysics/test_ball_hits_duck_collect/442/env/camera/cam_0,A physics simulation of a ball hitting a duck (scene 442),,56
/scratch/vcj9002/MagicPhysics/test_ball_hits_duck_collect/443/env/camera/cam_0,A physics simulation of a ball hitting a duck (scene 443),,81
/scratch/vcj9002/MagicPhysics/test_ball_hits_duck_collect/444/env/camera/cam_0,A physics simulation of a ball hitting a duck (scene 444),,105
/scratch/vcj9002/MagicPhysics/test_ball_hits_duck_collect/445/env/camera/cam_0,A physics simulation of a ball hitting a duck (scene 445),,105
/scratch/vcj9002/MagicPhysics/test_ball_hits_duck_collect/446/env/camera/cam_0,A physics simulation of a ball hitting a duck (scene 446),,107
/scratch/vcj9002/MagicPhysics/test_ball_hits_duck_collect/447/env/camera/cam_0,A physics simulation of a ball hitting a duck (scene 447),,64
/scratch/vcj9002/MagicPhysics/test_ball_hits_duck_collect/448/env/camera/cam_0,A physics simulation of a ball hitting a duck (scene 448),,66
/scratch/vcj9002/MagicPhysics/test_ball_hits_duck_collect/449/env/camera/cam_0,A physics simulation of a ball hitting a duck (scene 449),,66
/scratch/vcj9002/MagicPhysics/test_ball_hits_duck_collect/45/env/camera/cam_0,A physics simulation of a ball hitting a duck (scene 45),,65
/scratch/vcj9002/MagicPhysics/test_ball_hits_duck_collect/450/env/camera/cam_0,A physics simulation of a ball hitting a duck (scene 450),,93
/scratch/vcj9002/MagicPhysics/test_ball_hits_duck_collect/451/env/camera/cam_0,A physics simulation of a ball hitting a duck (scene 451),,75
/scratch/vcj9002/MagicPhysics/test_ball_hits_duck_collect/452/env/camera/cam_0,A physics simulation of a ball hitting a duck (scene 452),,61
/scratch/vcj9002/MagicPhysics/test_ball_hits_duck_collect/453/env/camera/cam_0,A physics simulation of a ball hitting a duck (scene 453),,61
/scratch/vcj9002/MagicPhysics/test_ball_hits_duck_collect/454/env/camera/cam_0,A physics simulation of a ball hitting a duck (scene 454),,58
/scratch/vcj9002/MagicPhysics/test_ball_hits_duck_collect/455/env/camera/cam_0,A physics simulation of a ball hitting a duck (scene 455),,56
/scratch/vcj9002/MagicPhysics/test_ball_hits_duck_collect/456/env/camera/cam_0,A physics simulation of a ball hitting a duck (scene 456),,105
/scratch/vcj9002/MagicPhysics/test_ball_hits_duck_collect/457/env/camera/cam_0,A physics simulation of a ball hitting a duck (scene 457),,105
/scratch/vcj9002/MagicPhysics/test_ball_hits_duck_collect/458/env/camera/cam_0,A physics simulation of a ball hitting a duck (scene 458),,61
/scratch/vcj9002/MagicPhysics/test_ball_hits_duck_collect/459/env/camera/cam_0,A physics simulation of a ball hitting a duck (scene 459),,61
/scratch/vcj9002/MagicPhysics/test_ball_hits_duck_collect/46/env/camera/cam_0,A physics simulation of a ball hitting a duck (scene 46),,57
/scratch/vcj9002/MagicPhysics/test_ball_hits_duck_collect/460/env/camera/cam_0,A physics simulation of a ball hitting a duck (scene 460),,61
/scratch/vcj9002/MagicPhysics/test_ball_hits_duck_collect/461/env/camera/cam_0,A physics simulation of a ball hitting a duck (scene 461),,58
/scratch/vcj9002/MagicPhysics/test_ball_hits_duck_collect/462/env/camera/cam_0,A physics simulation of a ball hitting a duck (scene 462),,60
/scratch/vcj9002/MagicPhysics/test_ball_hits_duck_collect/463/env/camera/cam_0,A physics simulation of a ball hitting a duck (scene 463),,60
/scratch/vcj9002/MagicPhysics/test_ball_hits_duck_collect/464/env/camera/cam_0,A physics simulation of a ball hitting a duck (scene 464),,57
/scratch/vcj9002/MagicPhysics/test_ball_hits_duck_collect/465/env/camera/cam_0,A physics simulation of a ball hitting a duck (scene 465),,58
/scratch/vcj9002/MagicPhysics/test_ball_hits_duck_collect/466/env/camera/cam_0,A physics simulation of a ball hitting a duck (scene 466),,68
/scratch/vcj9002/MagicPhysics/test_ball_hits_duck_collect/467/env/camera/cam_0,A physics simulation of a ball hitting a duck (scene 467),,68
/scratch/vcj9002/MagicPhysics/test_ball_hits_duck_collect/468/env/camera/cam_0,A physics simulation of a ball hitting a duck (scene 468),,60
/scratch/vcj9002/MagicPhysics/test_ball_hits_duck_collect/469/env/camera/cam_0,A physics simulation of a ball hitting a duck (scene 469),,103
/scratch/vcj9002/MagicPhysics/test_ball_hits_duck_collect/47/env/camera/cam_0,A physics simulation of a ball hitting a duck (scene 47),,61
/scratch/vcj9002/MagicPhysics/test_ball_hits_duck_collect/470/env/camera/cam_0,A physics simulation of a ball hitting a duck (scene 470),,103
/scratch/vcj9002/MagicPhysics/test_ball_hits_duck_collect/471/env/camera/cam_0,A physics simulation of a ball hitting a duck (scene 471),,55
/scratch/vcj9002/MagicPhysics/test_ball_hits_duck_collect/472/env/camera/cam_0,A physics simulation of a ball hitting a duck (scene 472),,55
/scratch/vcj9002/MagicPhysics/test_ball_hits_duck_collect/473/env/camera/cam_0,A physics simulation of a ball hitting a duck (scene 473),,60
/scratch/vcj9002/MagicPhysics/test_ball_hits_duck_collect/474/env/camera/cam_0,A physics simulation of a ball hitting a duck (scene 474),,68
/scratch/vcj9002/MagicPhysics/test_ball_hits_duck_collect/475/env/camera/cam_0,A physics simulation of a ball hitting a duck (scene 475),,115
/scratch/vcj9002/MagicPhysics/test_ball_hits_duck_collect/476/env/camera/cam_0,A physics simulation of a ball hitting a duck (scene 476),,61
/scratch/vcj9002/MagicPhysics/test_ball_hits_duck_collect/477/env/camera/cam_0,A physics simulation of a ball hitting a duck (scene 477),,61
/scratch/vcj9002/MagicPhysics/test_ball_hits_duck_collect/478/env/camera/cam_0,A physics simulation of a ball hitting a duck (scene 478),,56
/scratch/vcj9002/MagicPhysics/test_ball_hits_duck_collect/479/env/camera/cam_0,A physics simulation of a ball hitting a duck (scene 479),,56
/scratch/vcj9002/MagicPhysics/test_ball_hits_duck_collect/48/env/camera/cam_0,A physics simulation of a ball hitting a duck (scene 48),,61
/scratch/vcj9002/MagicPhysics/test_ball_hits_duck_collect/480/env/camera/cam_0,A physics simulation of a ball hitting a duck (scene 480),,69
/scratch/vcj9002/MagicPhysics/test_ball_hits_duck_collect/481/env/camera/cam_0,A physics simulation of a ball hitting a duck (scene 481),,63
/scratch/vcj9002/MagicPhysics/test_ball_hits_duck_collect/482/env/camera/cam_0,A physics simulation of a ball hitting a duck (scene 482),,63
/scratch/vcj9002/MagicPhysics/test_ball_hits_duck_collect/483/env/camera/cam_0,A physics simulation of a ball hitting a duck (scene 483),,62
/scratch/vcj9002/MagicPhysics/test_ball_hits_duck_collect/484/env/camera/cam_0,A physics simulation of a ball hitting a duck (scene 484),,55
/scratch/vcj9002/MagicPhysics/test_ball_hits_duck_collect/485/env/camera/cam_0,A physics simulation of a ball hitting a duck (scene 485),,62
/scratch/vcj9002/MagicPhysics/test_ball_hits_duck_collect/486/env/camera/cam_0,A physics simulation of a ball hitting a duck (scene 486),,62
/scratch/vcj9002/MagicPhysics/test_ball_hits_duck_collect/487/env/camera/cam_0,A physics simulation of a ball hitting a duck (scene 487),,62
/scratch/vcj9002/MagicPhysics/test_ball_hits_duck_collect/488/env/camera/cam_0,A physics simulation of a ball hitting a duck (scene 488),,62
/scratch/vcj9002/MagicPhysics/test_ball_hits_duck_collect/489/env/camera/cam_0,A physics simulation of a ball hitting a duck (scene 489),,57
/scratch/vcj9002/MagicPhysics/test_ball_hits_duck_collect/49/env/camera/cam_0,A physics simulation of a ball hitting a duck (scene 49),,114
/scratch/vcj9002/MagicPhysics/test_ball_hits_duck_collect/490/env/camera/cam_0,A physics simulation of a ball hitting a duck (scene 490),,57
/scratch/vcj9002/MagicPhysics/test_ball_hits_duck_collect/491/env/camera/cam_0,A physics simulation of a ball hitting a duck (scene 491),,57
/scratch/vcj9002/MagicPhysics/test_ball_hits_duck_collect/492/env/camera/cam_0,A physics simulation of a ball hitting a duck (scene 492),,55
/scratch/vcj9002/MagicPhysics/test_ball_hits_duck_collect/493/env/camera/cam_0,A physics simulation of a ball hitting a duck (scene 493),,60
/scratch/vcj9002/MagicPhysics/test_ball_hits_duck_collect/494/env/camera/cam_0,A physics simulation of a ball hitting a duck (scene 494),,107
/scratch/vcj9002/MagicPhysics/test_ball_hits_duck_collect/495/env/camera/cam_0,A physics simulation of a ball hitting a duck (scene 495),,56
/scratch/vcj9002/MagicPhysics/test_ball_hits_duck_collect/496/env/camera/cam_0,A physics simulation of a ball hitting a duck (scene 496),,56
/scratch/vcj9002/MagicPhysics/test_ball_hits_duck_collect/497/env/camera/cam_0,A physics simulation of a ball hitting a duck (scene 497),,61
/scratch/vcj9002/MagicPhysics/test_ball_hits_duck_collect/498/env/camera/cam_0,A physics simulation of a ball hitting a duck (scene 498),,58
/scratch/vcj9002/MagicPhysics/test_ball_hits_duck_collect/499/env/camera/cam_0,A physics simulation of a ball hitting a duck (scene 499),,58
/scratch/vcj9002/MagicPhysics/test_ball_hits_duck_collect/5/env/camera/cam_0,A physics simulation of a ball hitting a duck (scene 5),,59
/scratch/vcj9002/MagicPhysics/test_ball_hits_duck_collect/50/env/camera/cam_0,A physics simulation of a ball hitting a duck (scene 50),,57
/scratch/vcj9002/MagicPhysics/test_ball_hits_duck_collect/500/env/camera/cam_0,A physics simulation of a ball hitting a duck (scene 500),,69
/scratch/vcj9002/MagicPhysics/test_ball_hits_duck_collect/501/env/camera/cam_0,A physics simulation of a ball hitting a duck (scene 501),,75
/scratch/vcj9002/MagicPhysics/test_ball_hits_duck_collect/502/env/camera/cam_0,A physics simulation of a ball hitting a duck (scene 502),,60
/scratch/vcj9002/MagicPhysics/test_ball_hits_duck_collect/503/env/camera/cam_0,A physics simulation of a ball hitting a duck (scene 503),,109
/scratch/vcj9002/MagicPhysics/test_ball_hits_duck_collect/504/env/camera/cam_0,A physics simulation of a ball hitting a duck (scene 504),,109
/scratch/vcj9002/MagicPhysics/test_ball_hits_duck_collect/505/env/camera/cam_0,A physics simulation of a ball hitting a duck (scene 505),,61
/scratch/vcj9002/MagicPhysics/test_ball_hits_duck_collect/506/env/camera/cam_0,A physics simulation of a ball hitting a duck (scene 506),,73
/scratch/vcj9002/MagicPhysics/test_ball_hits_duck_collect/507/env/camera/cam_0,A physics simulation of a ball hitting a duck (scene 507),,73
/scratch/vcj9002/MagicPhysics/test_ball_hits_duck_collect/508/env/camera/cam_0,A physics simulation of a ball hitting a duck (scene 508),,62
/scratch/vcj9002/MagicPhysics/test_ball_hits_duck_collect/509/env/camera/cam_0,A physics simulation of a ball hitting a duck (scene 509),,58
/scratch/vcj9002/MagicPhysics/test_ball_hits_duck_collect/51/env/camera/cam_0,A physics simulation of a ball hitting a duck (scene 51),,57
/scratch/vcj9002/MagicPhysics/test_ball_hits_duck_collect/510/env/camera/cam_0,A physics simulation of a ball hitting a duck (scene 510),,65
/scratch/vcj9002/MagicPhysics/test_ball_hits_duck_collect/511/env/camera/cam_0,A physics simulation of a ball hitting a duck (scene 511),,56
/scratch/vcj9002/MagicPhysics/test_ball_hits_duck_collect/512/env/camera/cam_0,A physics simulation of a ball hitting a duck (scene 512),,56
/scratch/vcj9002/MagicPhysics/test_ball_hits_duck_collect/513/env/camera/cam_0,A physics simulation of a ball hitting a duck (scene 513),,105
/scratch/vcj9002/MagicPhysics/test_ball_hits_duck_collect/514/env/camera/cam_0,A physics simulation of a ball hitting a duck (scene 514),,105
/scratch/vcj9002/MagicPhysics/test_ball_hits_duck_collect/515/env/camera/cam_0,A physics simulation of a ball hitting a duck (scene 515),,55
/scratch/vcj9002/MagicPhysics/test_ball_hits_duck_collect/516/env/camera/cam_0,A physics simulation of a ball hitting a duck (scene 516),,58
/scratch/vcj9002/MagicPhysics/test_ball_hits_duck_collect/517/env/camera/cam_0,A physics simulation of a ball hitting a duck (scene 517),,60
/scratch/vcj9002/MagicPhysics/test_ball_hits_duck_collect/518/env/camera/cam_0,A physics simulation of a ball hitting a duck (scene 518),,72
/scratch/vcj9002/MagicPhysics/test_ball_hits_duck_collect/519/env/camera/cam_0,A physics simulation of a ball hitting a duck (scene 519),,55
/scratch/vcj9002/MagicPhysics/test_ball_hits_duck_collect/52/env/camera/cam_0,A physics simulation of a ball hitting a duck (scene 52),,58
/scratch/vcj9002/MagicPhysics/test_ball_hits_duck_collect/520/env/camera/cam_0,A physics simulation of a ball hitting a duck (scene 520),,55
/scratch/vcj9002/MagicPhysics/test_ball_hits_duck_collect/521/env/camera/cam_0,A physics simulation of a ball hitting a duck (scene 521),,102
/scratch/vcj9002/MagicPhysics/test_ball_hits_duck_collect/522/env/camera/cam_0,A physics simulation of a ball hitting a duck (scene 522),,102
/scratch/vcj9002/MagicPhysics/test_ball_hits_duck_collect/523/env/camera/cam_0,A physics simulation of a ball hitting a duck (scene 523),,61
/scratch/vcj9002/MagicPhysics/test_ball_hits_duck_collect/524/env/camera/cam_0,A physics simulation of a ball hitting a duck (scene 524),,90
/scratch/vcj9002/MagicPhysics/test_ball_hits_duck_collect/525/env/camera/cam_0,A physics simulation of a ball hitting a duck (scene 525),,90
/scratch/vcj9002/MagicPhysics/test_ball_hits_duck_collect/526/env/camera/cam_0,A physics simulation of a ball hitting a duck (scene 526),,58
/scratch/vcj9002/MagicPhysics/test_ball_hits_duck_collect/527/env/camera/cam_0,A physics simulation of a ball hitting a duck (scene 527),,56
/scratch/vcj9002/MagicPhysics/test_ball_hits_duck_collect/528/env/camera/cam_0,A physics simulation of a ball hitting a duck (scene 528),,56
/scratch/vcj9002/MagicPhysics/test_ball_hits_duck_collect/529/env/camera/cam_0,A physics simulation of a ball hitting a duck (scene 529),,58
/scratch/vcj9002/MagicPhysics/test_ball_hits_duck_collect/53/env/camera/cam_0,A physics simulation of a ball hitting a duck (scene 53),,58
/scratch/vcj9002/MagicPhysics/test_ball_hits_duck_collect/530/env/camera/cam_0,A physics simulation of a ball hitting a duck (scene 530),,84
/scratch/vcj9002/MagicPhysics/test_ball_hits_duck_collect/531/env/camera/cam_0,A physics simulation of a ball hitting a duck (scene 531),,109
/scratch/vcj9002/MagicPhysics/test_ball_hits_duck_collect/532/env/camera/cam_0,A physics simulation of a ball hitting a duck (scene 532),,64
/scratch/vcj9002/MagicPhysics/test_ball_hits_duck_collect/533/env/camera/cam_0,A physics simulation of a ball hitting a duck (scene 533),,115
/scratch/vcj9002/MagicPhysics/test_ball_hits_duck_collect/534/env/camera/cam_0,A physics simulation of a ball hitting a duck (scene 534),,115
/scratch/vcj9002/MagicPhysics/test_ball_hits_duck_collect/535/env/camera/cam_0,A physics simulation of a ball hitting a duck (scene 535),,68
/scratch/vcj9002/MagicPhysics/test_ball_hits_duck_collect/536/env/camera/cam_0,A physics simulation of a ball hitting a duck (scene 536),,68
/scratch/vcj9002/MagicPhysics/test_ball_hits_duck_collect/537/env/camera/cam_0,A physics simulation of a ball hitting a duck (scene 537),,104
/scratch/vcj9002/MagicPhysics/test_ball_hits_duck_collect/538/env/camera/cam_0,A physics simulation of a ball hitting a duck (scene 538),,104
/scratch/vcj9002/MagicPhysics/test_ball_hits_duck_collect/539/env/camera/cam_0,A physics simulation of a ball hitting a duck (scene 539),,57
/scratch/vcj9002/MagicPhysics/test_ball_hits_duck_collect/54/env/camera/cam_0,A physics simulation of a ball hitting a duck (scene 54),,75
/scratch/vcj9002/MagicPhysics/test_ball_hits_duck_collect/540/env/camera/cam_0,A physics simulation of a ball hitting a duck (scene 540),,59
/scratch/vcj9002/MagicPhysics/test_ball_hits_duck_collect/541/env/camera/cam_0,A physics simulation of a ball hitting a duck (scene 541),,106
/scratch/vcj9002/MagicPhysics/test_ball_hits_duck_collect/542/env/camera/cam_0,A physics simulation of a ball hitting a duck (scene 542),,57
/scratch/vcj9002/MagicPhysics/test_ball_hits_duck_collect/543/env/camera/cam_0,A physics simulation of a ball hitting a duck (scene 543),,57
/scratch/vcj9002/MagicPhysics/test_ball_hits_duck_collect/544/env/camera/cam_0,A physics simulation of a ball hitting a duck (scene 544),,104
/scratch/vcj9002/MagicPhysics/test_ball_hits_duck_collect/545/env/camera/cam_0,A physics simulation of a ball hitting a duck (scene 545),,116
/scratch/vcj9002/MagicPhysics/test_ball_hits_duck_collect/546/env/camera/cam_0,A physics simulation of a ball hitting a duck (scene 546),,55
/scratch/vcj9002/MagicPhysics/test_ball_hits_duck_collect/547/env/camera/cam_0,A physics simulation of a ball hitting a duck (scene 547),,116
/scratch/vcj9002/MagicPhysics/test_ball_hits_duck_collect/548/env/camera/cam_0,A physics simulation of a ball hitting a duck (scene 548),,110
/scratch/vcj9002/MagicPhysics/test_ball_hits_duck_collect/549/env/camera/cam_0,A physics simulation of a ball hitting a duck (scene 549),,110
/scratch/vcj9002/MagicPhysics/test_ball_hits_duck_collect/55/env/camera/cam_0,A physics simulation of a ball hitting a duck (scene 55),,60
/scratch/vcj9002/MagicPhysics/test_ball_hits_duck_collect/550/env/camera/cam_0,A physics simulation of a ball hitting a duck (scene 550),,100
/scratch/vcj9002/MagicPhysics/test_ball_hits_duck_collect/551/env/camera/cam_0,A physics simulation of a ball hitting a duck (scene 551),,100
/scratch/vcj9002/MagicPhysics/test_ball_hits_duck_collect/552/env/camera/cam_0,A physics simulation of a ball hitting a duck (scene 552),,66
/scratch/vcj9002/MagicPhysics/test_ball_hits_duck_collect/553/env/camera/cam_0,A physics simulation of a ball hitting a duck (scene 553),,57
/scratch/vcj9002/MagicPhysics/test_ball_hits_duck_collect/554/env/camera/cam_0,A physics simulation of a ball hitting a duck (scene 554),,58
/scratch/vcj9002/MagicPhysics/test_ball_hits_duck_collect/555/env/camera/cam_0,A physics simulation of a ball hitting a duck (scene 555),,58
/scratch/vcj9002/MagicPhysics/test_ball_hits_duck_collect/556/env/camera/cam_0,A physics simulation of a ball hitting a duck (scene 556),,78
/scratch/vcj9002/MagicPhysics/test_ball_hits_duck_collect/557/env/camera/cam_0,A physics simulation of a ball hitting a duck (scene 557),,107
/scratch/vcj9002/MagicPhysics/test_ball_hits_duck_collect/558/env/camera/cam_0,A physics simulation of a ball hitting a duck (scene 558),,79
/scratch/vcj9002/MagicPhysics/test_ball_hits_duck_collect/559/env/camera/cam_0,A physics simulation of a ball hitting a duck (scene 559),,79
/scratch/vcj9002/MagicPhysics/test_ball_hits_duck_collect/56/env/camera/cam_0,A physics simulation of a ball hitting a duck (scene 56),,60
/scratch/vcj9002/MagicPhysics/test_ball_hits_duck_collect/560/env/camera/cam_0,A physics simulation of a ball hitting a duck (scene 560),,57
/scratch/vcj9002/MagicPhysics/test_ball_hits_duck_collect/561/env/camera/cam_0,A physics simulation of a ball hitting a duck (scene 561),,102
/scratch/vcj9002/MagicPhysics/test_ball_hits_duck_collect/562/env/camera/cam_0,A physics simulation of a ball hitting a duck (scene 562),,102
/scratch/vcj9002/MagicPhysics/test_ball_hits_duck_collect/563/env/camera/cam_0,A physics simulation of a ball hitting a duck (scene 563),,57
/scratch/vcj9002/MagicPhysics/test_ball_hits_duck_collect/564/env/camera/cam_0,A physics simulation of a ball hitting a duck (scene 564),,57
/scratch/vcj9002/MagicPhysics/test_ball_hits_duck_collect/565/env/camera/cam_0,A physics simulation of a ball hitting a duck (scene 565),,66
/scratch/vcj9002/MagicPhysics/test_ball_hits_duck_collect/566/env/camera/cam_0,A physics simulation of a ball hitting a duck (scene 566),,60
/scratch/vcj9002/MagicPhysics/test_ball_hits_duck_collect/567/env/camera/cam_0,A physics simulation of a ball hitting a duck (scene 567),,58
/scratch/vcj9002/MagicPhysics/test_ball_hits_duck_collect/568/env/camera/cam_0,A physics simulation of a ball hitting a duck (scene 568),,58
/scratch/vcj9002/MagicPhysics/test_ball_hits_duck_collect/569/env/camera/cam_0,A physics simulation of a ball hitting a duck (scene 569),,58
/scratch/vcj9002/MagicPhysics/test_ball_hits_duck_collect/57/env/camera/cam_0,A physics simulation of a ball hitting a duck (scene 57),,106
/scratch/vcj9002/MagicPhysics/test_ball_hits_duck_collect/570/env/camera/cam_0,A physics simulation of a ball hitting a duck (scene 570),,58
/scratch/vcj9002/MagicPhysics/test_ball_hits_duck_collect/571/env/camera/cam_0,A physics simulation of a ball hitting a duck (scene 571),,67
/scratch/vcj9002/MagicPhysics/test_ball_hits_duck_collect/572/env/camera/cam_0,A physics simulation of a ball hitting a duck (scene 572),,58
/scratch/vcj9002/MagicPhysics/test_ball_hits_duck_collect/573/env/camera/cam_0,A physics simulation of a ball hitting a duck (scene 573),,56
/scratch/vcj9002/MagicPhysics/test_ball_hits_duck_collect/574/env/camera/cam_0,A physics simulation of a ball hitting a duck (scene 574),,56
/scratch/vcj9002/MagicPhysics/test_ball_hits_duck_collect/575/env/camera/cam_0,A physics simulation of a ball hitting a duck (scene 575),,58
/scratch/vcj9002/MagicPhysics/test_ball_hits_duck_collect/576/env/camera/cam_0,A physics simulation of a ball hitting a duck (scene 576),,59
/scratch/vcj9002/MagicPhysics/test_ball_hits_duck_collect/577/env/camera/cam_0,A physics simulation of a ball hitting a duck (scene 577),,60
/scratch/vcj9002/MagicPhysics/test_ball_hits_duck_collect/578/env/camera/cam_0,A physics simulation of a ball hitting a duck (scene 578),,61
/scratch/vcj9002/MagicPhysics/test_ball_hits_duck_collect/579/env/camera/cam_0,A physics simulation of a ball hitting a duck (scene 579),,61
/scratch/vcj9002/MagicPhysics/test_ball_hits_duck_collect/58/env/camera/cam_0,A physics simulation of a ball hitting a duck (scene 58),,55
/scratch/vcj9002/MagicPhysics/test_ball_hits_duck_collect/580/env/camera/cam_0,A physics simulation of a ball hitting a duck (scene 580),,58
/scratch/vcj9002/MagicPhysics/test_ball_hits_duck_collect/581/env/camera/cam_0,A physics simulation of a ball hitting a duck (scene 581),,58
/scratch/vcj9002/MagicPhysics/test_ball_hits_duck_collect/582/env/camera/cam_0,A physics simulation of a ball hitting a duck (scene 582),,105
/scratch/vcj9002/MagicPhysics/test_ball_hits_duck_collect/583/env/camera/cam_0,A physics simulation of a ball hitting a duck (scene 583),,57
/scratch/vcj9002/MagicPhysics/test_ball_hits_duck_collect/584/env/camera/cam_0,A physics simulation of a ball hitting a duck (scene 584),,59
/scratch/vcj9002/MagicPhysics/test_ball_hits_duck_collect/585/env/camera/cam_0,A physics simulation of a ball hitting a duck (scene 585),,115
/scratch/vcj9002/MagicPhysics/test_ball_hits_duck_collect/586/env/camera/cam_0,A physics simulation of a ball hitting a duck (scene 586),,115
/scratch/vcj9002/MagicPhysics/test_ball_hits_duck_collect/587/env/camera/cam_0,A physics simulation of a ball hitting a duck (scene 587),,56
/scratch/vcj9002/MagicPhysics/test_ball_hits_duck_collect/588/env/camera/cam_0,A physics simulation of a ball hitting a duck (scene 588),,55
/scratch/vcj9002/MagicPhysics/test_ball_hits_duck_collect/589/env/camera/cam_0,A physics simulation of a ball hitting a duck (scene 589),,62
/scratch/vcj9002/MagicPhysics/test_ball_hits_duck_collect/59/env/camera/cam_0,A physics simulation of a ball hitting a duck (scene 59),,55
/scratch/vcj9002/MagicPhysics/test_ball_hits_duck_collect/590/env/camera/cam_0,A physics simulation of a ball hitting a duck (scene 590),,87
/scratch/vcj9002/MagicPhysics/test_ball_hits_duck_collect/591/env/camera/cam_0,A physics simulation of a ball hitting a duck (scene 591),,87
/scratch/vcj9002/MagicPhysics/test_ball_hits_duck_collect/592/env/camera/cam_0,A physics simulation of a ball hitting a duck (scene 592),,90
/scratch/vcj9002/MagicPhysics/test_ball_hits_duck_collect/593/env/camera/cam_0,A physics simulation of a ball hitting a duck (scene 593),,83
/scratch/vcj9002/MagicPhysics/test_ball_hits_duck_collect/594/env/camera/cam_0,A physics simulation of a ball hitting a duck (scene 594),,83
/scratch/vcj9002/MagicPhysics/test_ball_hits_duck_collect/595/env/camera/cam_0,A physics simulation of a ball hitting a duck (scene 595),,110
/scratch/vcj9002/MagicPhysics/test_ball_hits_duck_collect/596/env/camera/cam_0,A physics simulation of a ball hitting a duck (scene 596),,110
/scratch/vcj9002/MagicPhysics/test_ball_hits_duck_collect/597/env/camera/cam_0,A physics simulation of a ball hitting a duck (scene 597),,63
/scratch/vcj9002/MagicPhysics/test_ball_hits_duck_collect/598/env/camera/cam_0,A physics simulation of a ball hitting a duck (scene 598),,56
/scratch/vcj9002/MagicPhysics/test_ball_hits_duck_collect/599/env/camera/cam_0,A physics simulation of a ball hitting a duck (scene 599),,108
/scratch/vcj9002/MagicPhysics/test_ball_hits_duck_collect/6/env/camera/cam_0,A physics simulation of a ball hitting a duck (scene 6),,60
/scratch/vcj9002/MagicPhysics/test_ball_hits_duck_collect/60/env/camera/cam_0,A physics simulation of a ball hitting a duck (scene 60),,94
/scratch/vcj9002/MagicPhysics/test_ball_hits_duck_collect/600/env/camera/cam_0,A physics simulation of a ball hitting a duck (scene 600),,54
/scratch/vcj9002/MagicPhysics/test_ball_hits_duck_collect/601/env/camera/cam_0,A physics simulation of a ball hitting a duck (scene 601),,54
/scratch/vcj9002/MagicPhysics/test_ball_hits_duck_collect/602/env/camera/cam_0,A physics simulation of a ball hitting a duck (scene 602),,67
/scratch/vcj9002/MagicPhysics/test_ball_hits_duck_collect/603/env/camera/cam_0,A physics simulation of a ball hitting a duck (scene 603),,66
/scratch/vcj9002/MagicPhysics/test_ball_hits_duck_collect/604/env/camera/cam_0,A physics simulation of a ball hitting a duck (scene 604),,66
/scratch/vcj9002/MagicPhysics/test_ball_hits_duck_collect/605/env/camera/cam_0,A physics simulation of a ball hitting a duck (scene 605),,60
/scratch/vcj9002/MagicPhysics/test_ball_hits_duck_collect/606/env/camera/cam_0,A physics simulation of a ball hitting a duck (scene 606),,115
/scratch/vcj9002/MagicPhysics/test_ball_hits_duck_collect/607/env/camera/cam_0,A physics simulation of a ball hitting a duck (scene 607),,115
/scratch/vcj9002/MagicPhysics/test_ball_hits_duck_collect/608/env/camera/cam_0,A physics simulation of a ball hitting a duck (scene 608),,58
/scratch/vcj9002/MagicPhysics/test_ball_hits_duck_collect/609/env/camera/cam_0,A physics simulation of a ball hitting a duck (scene 609),,58
/scratch/vcj9002/MagicPhysics/test_ball_hits_duck_collect/61/env/camera/cam_0,A physics simulation of a ball hitting a duck (scene 61),,111
/scratch/vcj9002/MagicPhysics/test_ball_hits_duck_collect/610/env/camera/cam_0,A physics simulation of a ball hitting a duck (scene 610),,58
/scratch/vcj9002/MagicPhysics/test_ball_hits_duck_collect/611/env/camera/cam_0,A physics simulation of a ball hitting a duck (scene 611),,116
/scratch/vcj9002/MagicPhysics/test_ball_hits_duck_collect/612/env/camera/cam_0,A physics simulation of a ball hitting a duck (scene 612),,98
/scratch/vcj9002/MagicPhysics/test_ball_hits_duck_collect/613/env/camera/cam_0,A physics simulation of a ball hitting a duck (scene 613),,98
/scratch/vcj9002/MagicPhysics/test_ball_hits_duck_collect/614/env/camera/cam_0,A physics simulation of a ball hitting a duck (scene 614),,78
/scratch/vcj9002/MagicPhysics/test_ball_hits_duck_collect/615/env/camera/cam_0,A physics simulation of a ball hitting a duck (scene 615),,78
/scratch/vcj9002/MagicPhysics/test_ball_hits_duck_collect/616/env/camera/cam_0,A physics simulation of a ball hitting a duck (scene 616),,107
/scratch/vcj9002/MagicPhysics/test_ball_hits_duck_collect/617/env/camera/cam_0,A physics simulation of a ball hitting a duck (scene 617),,127
/scratch/vcj9002/MagicPhysics/test_ball_hits_duck_collect/618/env/camera/cam_0,A physics simulation of a ball hitting a duck (scene 618),,56
/scratch/vcj9002/MagicPhysics/test_ball_hits_duck_collect/619/env/camera/cam_0,A physics simulation of a ball hitting a duck (scene 619),,94
/scratch/vcj9002/MagicPhysics/test_ball_hits_duck_collect/62/env/camera/cam_0,A physics simulation of a ball hitting a duck (scene 62),,109
/scratch/vcj9002/MagicPhysics/test_ball_hits_duck_collect/620/env/camera/cam_0,A physics simulation of a ball hitting a duck (scene 620),,56
/scratch/vcj9002/MagicPhysics/test_ball_hits_duck_collect/621/env/camera/cam_0,A physics simulation of a ball hitting a duck (scene 621),,56
/scratch/vcj9002/MagicPhysics/test_ball_hits_duck_collect/622/env/camera/cam_0,A physics simulation of a ball hitting a duck (scene 622),,93
/scratch/vcj9002/MagicPhysics/test_ball_hits_duck_collect/623/env/camera/cam_0,A physics simulation of a ball hitting a duck (scene 623),,93
/scratch/vcj9002/MagicPhysics/test_ball_hits_duck_collect/624/env/camera/cam_0,A physics simulation of a ball hitting a duck (scene 624),,56
/scratch/vcj9002/MagicPhysics/test_ball_hits_duck_collect/625/env/camera/cam_0,A physics simulation of a ball hitting a duck (scene 625),,71
/scratch/vcj9002/MagicPhysics/test_ball_hits_duck_collect/626/env/camera/cam_0,A physics simulation of a ball hitting a duck (scene 626),,57
/scratch/vcj9002/MagicPhysics/test_ball_hits_duck_collect/627/env/camera/cam_0,A physics simulation of a ball hitting a duck (scene 627),,57
/scratch/vcj9002/MagicPhysics/test_ball_hits_duck_collect/628/env/camera/cam_0,A physics simulation of a ball hitting a duck (scene 628),,80
/scratch/vcj9002/MagicPhysics/test_ball_hits_duck_collect/629/env/camera/cam_0,A physics simulation of a ball hitting a duck (scene 629),,79
/scratch/vcj9002/MagicPhysics/test_ball_hits_duck_collect/63/env/camera/cam_0,A physics simulation of a ball hitting a duck (scene 63),,109
/scratch/vcj9002/MagicPhysics/test_ball_hits_duck_collect/630/env/camera/cam_0,A physics simulation of a ball hitting a duck (scene 630),,116
/scratch/vcj9002/MagicPhysics/test_ball_hits_duck_collect/631/env/camera/cam_0,A physics simulation of a ball hitting a duck (scene 631),,116
/scratch/vcj9002/MagicPhysics/test_ball_hits_duck_collect/632/env/camera/cam_0,A physics simulation of a ball hitting a duck (scene 632),,62
/scratch/vcj9002/MagicPhysics/test_ball_hits_duck_collect/633/env/camera/cam_0,A physics simulation of a ball hitting a duck (scene 633),,56
/scratch/vcj9002/MagicPhysics/test_ball_hits_duck_collect/634/env/camera/cam_0,A physics simulation of a ball hitting a duck (scene 634),,59
/scratch/vcj9002/MagicPhysics/test_ball_hits_duck_collect/635/env/camera/cam_0,A physics simulation of a ball hitting a duck (scene 635),,59
/scratch/vcj9002/MagicPhysics/test_ball_hits_duck_collect/636/env/camera/cam_0,A physics simulation of a ball hitting a duck (scene 636),,56
/scratch/vcj9002/MagicPhysics/test_ball_hits_duck_collect/637/env/camera/cam_0,A physics simulation of a ball hitting a duck (scene 637),,109
/scratch/vcj9002/MagicPhysics/test_ball_hits_duck_collect/638/env/camera/cam_0,A physics simulation of a ball hitting a duck (scene 638),,109
/scratch/vcj9002/MagicPhysics/test_ball_hits_duck_collect/639/env/camera/cam_0,A physics simulation of a ball hitting a duck (scene 639),,62
/scratch/vcj9002/MagicPhysics/test_ball_hits_duck_collect/64/env/camera/cam_0,A physics simulation of a ball hitting a duck (scene 64),,63
/scratch/vcj9002/MagicPhysics/test_ball_hits_duck_collect/640/env/camera/cam_0,A physics simulation of a ball hitting a duck (scene 640),,103
/scratch/vcj9002/MagicPhysics/test_ball_hits_duck_collect/641/env/camera/cam_0,A physics simulation of a ball hitting a duck (scene 641),,107
/scratch/vcj9002/MagicPhysics/test_ball_hits_duck_collect/642/env/camera/cam_0,A physics simulation of a ball hitting a duck (scene 642),,107
/scratch/vcj9002/MagicPhysics/test_ball_hits_duck_collect/643/env/camera/cam_0,A physics simulation of a ball hitting a duck (scene 643),,61
/scratch/vcj9002/MagicPhysics/test_ball_hits_duck_collect/644/env/camera/cam_0,A physics simulation of a ball hitting a duck (scene 644),,61
/scratch/vcj9002/MagicPhysics/test_ball_hits_duck_collect/645/env/camera/cam_0,A physics simulation of a ball hitting a duck (scene 645),,69
/scratch/vcj9002/MagicPhysics/test_ball_hits_duck_collect/646/env/camera/cam_0,A physics simulation of a ball hitting a duck (scene 646),,69
/scratch/vcj9002/MagicPhysics/test_ball_hits_duck_collect/647/env/camera/cam_0,A physics simulation of a ball hitting a duck (scene 647),,56
/scratch/vcj9002/MagicPhysics/test_ball_hits_duck_collect/648/env/camera/cam_0,A physics simulation of a ball hitting a duck (scene 648),,101
/scratch/vcj9002/MagicPhysics/test_ball_hits_duck_collect/649/env/camera/cam_0,A physics simulation of a ball hitting a duck (scene 649),,113
/scratch/vcj9002/MagicPhysics/test_ball_hits_duck_collect/65/env/camera/cam_0,A physics simulation of a ball hitting a duck (scene 65),,63
/scratch/vcj9002/MagicPhysics/test_ball_hits_duck_collect/650/env/camera/cam_0,A physics simulation of a ball hitting a duck (scene 650),,57
/scratch/vcj9002/MagicPhysics/test_ball_hits_duck_collect/651/env/camera/cam_0,A physics simulation of a ball hitting a duck (scene 651),,53
/scratch/vcj9002/MagicPhysics/test_ball_hits_duck_collect/652/env/camera/cam_0,A physics simulation of a ball hitting a duck (scene 652),,53
/scratch/vcj9002/MagicPhysics/test_ball_hits_duck_collect/653/env/camera/cam_0,A physics simulation of a ball hitting a duck (scene 653),,60
/scratch/vcj9002/MagicPhysics/test_ball_hits_duck_collect/654/env/camera/cam_0,A physics simulation of a ball hitting a duck (scene 654),,60
/scratch/vcj9002/MagicPhysics/test_ball_hits_duck_collect/655/env/camera/cam_0,A physics simulation of a ball hitting a duck (scene 655),,58
/scratch/vcj9002/MagicPhysics/test_ball_hits_duck_collect/656/env/camera/cam_0,A physics simulation of a ball hitting a duck (scene 656),,58
/scratch/vcj9002/MagicPhysics/test_ball_hits_duck_collect/657/env/camera/cam_0,A physics simulation of a ball hitting a duck (scene 657),,59
/scratch/vcj9002/MagicPhysics/test_ball_hits_duck_collect/658/env/camera/cam_0,A physics simulation of a ball hitting a duck (scene 658),,55
/scratch/vcj9002/MagicPhysics/test_ball_hits_duck_collect/659/env/camera/cam_0,A physics simulation of a ball hitting a duck (scene 659),,55
/scratch/vcj9002/MagicPhysics/test_ball_hits_duck_collect/66/env/camera/cam_0,A physics simulation of a ball hitting a duck (scene 66),,58
/scratch/vcj9002/MagicPhysics/test_ball_hits_duck_collect/660/env/camera/cam_0,A physics simulation of a ball hitting a duck (scene 660),,58
/scratch/vcj9002/MagicPhysics/test_ball_hits_duck_collect/661/env/camera/cam_0,A physics simulation of a ball hitting a duck (scene 661),,69
/scratch/vcj9002/MagicPhysics/test_ball_hits_duck_collect/662/env/camera/cam_0,A physics simulation of a ball hitting a duck (scene 662),,59
/scratch/vcj9002/MagicPhysics/test_ball_hits_duck_collect/663/env/camera/cam_0,A physics simulation of a ball hitting a duck (scene 663),,59
/scratch/vcj9002/MagicPhysics/test_ball_hits_duck_collect/664/env/camera/cam_0,A physics simulation of a ball hitting a duck (scene 664),,59
/scratch/vcj9002/MagicPhysics/test_ball_hits_duck_collect/665/env/camera/cam_0,A physics simulation of a ball hitting a duck (scene 665),,59
/scratch/vcj9002/MagicPhysics/test_ball_hits_duck_collect/666/env/camera/cam_0,A physics simulation of a ball hitting a duck (scene 666),,101
/scratch/vcj9002/MagicPhysics/test_ball_hits_duck_collect/667/env/camera/cam_0,A physics simulation of a ball hitting a duck (scene 667),,59
/scratch/vcj9002/MagicPhysics/test_ball_hits_duck_collect/668/env/camera/cam_0,A physics simulation of a ball hitting a duck (scene 668),,56
/scratch/vcj9002/MagicPhysics/test_ball_hits_duck_collect/669/env/camera/cam_0,A physics simulation of a ball hitting a duck (scene 669),,60
/scratch/vcj9002/MagicPhysics/test_ball_hits_duck_collect/67/env/camera/cam_0,A physics simulation of a ball hitting a duck (scene 67),,56
/scratch/vcj9002/MagicPhysics/test_ball_hits_duck_collect/670/env/camera/cam_0,A physics simulation of a ball hitting a duck (scene 670),,57
/scratch/vcj9002/MagicPhysics/test_ball_hits_duck_collect/671/env/camera/cam_0,A physics simulation of a ball hitting a duck (scene 671),,57
/scratch/vcj9002/MagicPhysics/test_ball_hits_duck_collect/672/env/camera/cam_0,A physics simulation of a ball hitting a duck (scene 672),,60
/scratch/vcj9002/MagicPhysics/test_ball_hits_duck_collect/673/env/camera/cam_0,A physics simulation of a ball hitting a duck (scene 673),,60
/scratch/vcj9002/MagicPhysics/test_ball_hits_duck_collect/674/env/camera/cam_0,A physics simulation of a ball hitting a duck (scene 674),,74
/scratch/vcj9002/MagicPhysics/test_ball_hits_duck_collect/675/env/camera/cam_0,A physics simulation of a ball hitting a duck (scene 675),,74
/scratch/vcj9002/MagicPhysics/test_ball_hits_duck_collect/676/env/camera/cam_0,A physics simulation of a ball hitting a duck (scene 676),,70
/scratch/vcj9002/MagicPhysics/test_ball_hits_duck_collect/677/env/camera/cam_0,A physics simulation of a ball hitting a duck (scene 677),,60
/scratch/vcj9002/MagicPhysics/test_ball_hits_duck_collect/678/env/camera/cam_0,A physics simulation of a ball hitting a duck (scene 678),,59
/scratch/vcj9002/MagicPhysics/test_ball_hits_duck_collect/679/env/camera/cam_0,A physics simulation of a ball hitting a duck (scene 679),,59
/scratch/vcj9002/MagicPhysics/test_ball_hits_duck_collect/68/env/camera/cam_0,A physics simulation of a ball hitting a duck (scene 68),,56
/scratch/vcj9002/MagicPhysics/test_ball_hits_duck_collect/680/env/camera/cam_0,A physics simulation of a ball hitting a duck (scene 680),,61
/scratch/vcj9002/MagicPhysics/test_ball_hits_duck_collect/681/env/camera/cam_0,A physics simulation of a ball hitting a duck (scene 681),,61
/scratch/vcj9002/MagicPhysics/test_ball_hits_duck_collect/682/env/camera/cam_0,A physics simulation of a ball hitting a duck (scene 682),,62
/scratch/vcj9002/MagicPhysics/test_ball_hits_duck_collect/683/env/camera/cam_0,A physics simulation of a ball hitting a duck (scene 683),,62
/scratch/vcj9002/MagicPhysics/test_ball_hits_duck_collect/684/env/camera/cam_0,A physics simulation of a ball hitting a duck (scene 684),,61
/scratch/vcj9002/MagicPhysics/test_ball_hits_duck_collect/685/env/camera/cam_0,A physics simulation of a ball hitting a duck (scene 685),,61
/scratch/vcj9002/MagicPhysics/test_ball_hits_duck_collect/686/env/camera/cam_0,A physics simulation of a ball hitting a duck (scene 686),,56
/scratch/vcj9002/MagicPhysics/test_ball_hits_duck_collect/687/env/camera/cam_0,A physics simulation of a ball hitting a duck (scene 687),,58
/scratch/vcj9002/MagicPhysics/test_ball_hits_duck_collect/688/env/camera/cam_0,A physics simulation of a ball hitting a duck (scene 688),,74
/scratch/vcj9002/MagicPhysics/test_ball_hits_duck_collect/689/env/camera/cam_0,A physics simulation of a ball hitting a duck (scene 689),,63
/scratch/vcj9002/MagicPhysics/test_ball_hits_duck_collect/69/env/camera/cam_0,A physics simulation of a ball hitting a duck (scene 69),,106
/scratch/vcj9002/MagicPhysics/test_ball_hits_duck_collect/690/env/camera/cam_0,A physics simulation of a ball hitting a duck (scene 690),,63
/scratch/vcj9002/MagicPhysics/test_ball_hits_duck_collect/691/env/camera/cam_0,A physics simulation of a ball hitting a duck (scene 691),,59
/scratch/vcj9002/MagicPhysics/test_ball_hits_duck_collect/692/env/camera/cam_0,A physics simulation of a ball hitting a duck (scene 692),,59
/scratch/vcj9002/MagicPhysics/test_ball_hits_duck_collect/693/env/camera/cam_0,A physics simulation of a ball hitting a duck (scene 693),,113
/scratch/vcj9002/MagicPhysics/test_ball_hits_duck_collect/694/env/camera/cam_0,A physics simulation of a ball hitting a duck (scene 694),,73
/scratch/vcj9002/MagicPhysics/test_ball_hits_duck_collect/695/env/camera/cam_0,A physics simulation of a ball hitting a duck (scene 695),,73
/scratch/vcj9002/MagicPhysics/test_ball_hits_duck_collect/696/env/camera/cam_0,A physics simulation of a ball hitting a duck (scene 696),,58
/scratch/vcj9002/MagicPhysics/test_ball_hits_duck_collect/697/env/camera/cam_0,A physics simulation of a ball hitting a duck (scene 697),,54
/scratch/vcj9002/MagicPhysics/test_ball_hits_duck_collect/698/env/camera/cam_0,A physics simulation of a ball hitting a duck (scene 698),,68
/scratch/vcj9002/MagicPhysics/test_ball_hits_duck_collect/699/env/camera/cam_0,A physics simulation of a ball hitting a duck (scene 699),,60
/scratch/vcj9002/MagicPhysics/test_ball_hits_duck_collect/7/env/camera/cam_0,A physics simulation of a ball hitting a duck (scene 7),,60
/scratch/vcj9002/MagicPhysics/test_ball_hits_duck_collect/70/env/camera/cam_0,A physics simulation of a ball hitting a duck (scene 70),,58
/scratch/vcj9002/MagicPhysics/test_ball_hits_duck_collect/700/env/camera/cam_0,A physics simulation of a ball hitting a duck (scene 700),,55
/scratch/vcj9002/MagicPhysics/test_ball_hits_duck_collect/701/env/camera/cam_0,A physics simulation of a ball hitting a duck (scene 701),,55
/scratch/vcj9002/MagicPhysics/test_ball_hits_duck_collect/702/env/camera/cam_0,A physics simulation of a ball hitting a duck (scene 702),,76
/scratch/vcj9002/MagicPhysics/test_ball_hits_duck_collect/703/env/camera/cam_0,A physics simulation of a ball hitting a duck (scene 703),,76
/scratch/vcj9002/MagicPhysics/test_ball_hits_duck_collect/704/env/camera/cam_0,A physics simulation of a ball hitting a duck (scene 704),,57
/scratch/vcj9002/MagicPhysics/test_ball_hits_duck_collect/705/env/camera/cam_0,A physics simulation of a ball hitting a duck (scene 705),,59
/scratch/vcj9002/MagicPhysics/test_ball_hits_duck_collect/706/env/camera/cam_0,A physics simulation of a ball hitting a duck (scene 706),,115
/scratch/vcj9002/MagicPhysics/test_ball_hits_duck_collect/707/env/camera/cam_0,A physics simulation of a ball hitting a duck (scene 707),,115
/scratch/vcj9002/MagicPhysics/test_ball_hits_duck_collect/708/env/camera/cam_0,A physics simulation of a ball hitting a duck (scene 708),,70
/scratch/vcj9002/MagicPhysics/test_ball_hits_duck_collect/709/env/camera/cam_0,A physics simulation of a ball hitting a duck (scene 709),,70
/scratch/vcj9002/MagicPhysics/test_ball_hits_duck_collect/71/env/camera/cam_0,A physics simulation of a ball hitting a duck (scene 71),,60
/scratch/vcj9002/MagicPhysics/test_ball_hits_duck_collect/710/env/camera/cam_0,A physics simulation of a ball hitting a duck (scene 710),,114
/scratch/vcj9002/MagicPhysics/test_ball_hits_duck_collect/711/env/camera/cam_0,A physics simulation of a ball hitting a duck (scene 711),,69
/scratch/vcj9002/MagicPhysics/test_ball_hits_duck_collect/712/env/camera/cam_0,A physics simulation of a ball hitting a duck (scene 712),,65
/scratch/vcj9002/MagicPhysics/test_ball_hits_duck_collect/713/env/camera/cam_0,A physics simulation of a ball hitting a duck (scene 713),,60
/scratch/vcj9002/MagicPhysics/test_ball_hits_duck_collect/714/env/camera/cam_0,A physics simulation of a ball hitting a duck (scene 714),,60
/scratch/vcj9002/MagicPhysics/test_ball_hits_duck_collect/715/env/camera/cam_0,A physics simulation of a ball hitting a duck (scene 715),,105
/scratch/vcj9002/MagicPhysics/test_ball_hits_duck_collect/716/env/camera/cam_0,A physics simulation of a ball hitting a duck (scene 716),,105
/scratch/vcj9002/MagicPhysics/test_ball_hits_duck_collect/717/env/camera/cam_0,A physics simulation of a ball hitting a duck (scene 717),,111
/scratch/vcj9002/MagicPhysics/test_ball_hits_duck_collect/718/env/camera/cam_0,A physics simulation of a ball hitting a duck (scene 718),,57
/scratch/vcj9002/MagicPhysics/test_ball_hits_duck_collect/719/env/camera/cam_0,A physics simulation of a ball hitting a duck (scene 719),,55
/scratch/vcj9002/MagicPhysics/test_ball_hits_duck_collect/72/env/camera/cam_0,A physics simulation of a ball hitting a duck (scene 72),,56
/scratch/vcj9002/MagicPhysics/test_ball_hits_duck_collect/720/env/camera/cam_0,A physics simulation of a ball hitting a duck (scene 720),,55
/scratch/vcj9002/MagicPhysics/test_ball_hits_duck_collect/721/env/camera/cam_0,A physics simulation of a ball hitting a duck (scene 721),,73
/scratch/vcj9002/MagicPhysics/test_ball_hits_duck_collect/722/env/camera/cam_0,A physics simulation of a ball hitting a duck (scene 722),,67
/scratch/vcj9002/MagicPhysics/test_ball_hits_duck_collect/723/env/camera/cam_0,A physics simulation of a ball hitting a duck (scene 723),,114
/scratch/vcj9002/MagicPhysics/test_ball_hits_duck_collect/724/env/camera/cam_0,A physics simulation of a ball hitting a duck (scene 724),,114
/scratch/vcj9002/MagicPhysics/test_ball_hits_duck_collect/725/env/camera/cam_0,A physics simulation of a ball hitting a duck (scene 725),,102
/scratch/vcj9002/MagicPhysics/test_ball_hits_duck_collect/726/env/camera/cam_0,A physics simulation of a ball hitting a duck (scene 726),,57
/scratch/vcj9002/MagicPhysics/test_ball_hits_duck_collect/727/env/camera/cam_0,A physics simulation of a ball hitting a duck (scene 727),,109
/scratch/vcj9002/MagicPhysics/test_ball_hits_duck_collect/728/env/camera/cam_0,A physics simulation of a ball hitting a duck (scene 728),,109
/scratch/vcj9002/MagicPhysics/test_ball_hits_duck_collect/729/env/camera/cam_0,A physics simulation of a ball hitting a duck (scene 729),,61
/scratch/vcj9002/MagicPhysics/test_ball_hits_duck_collect/73/env/camera/cam_0,A physics simulation of a ball hitting a duck (scene 73),,56
/scratch/vcj9002/MagicPhysics/test_ball_hits_duck_collect/730/env/camera/cam_0,A physics simulation of a ball hitting a duck (scene 730),,63
/scratch/vcj9002/MagicPhysics/test_ball_hits_duck_collect/731/env/camera/cam_0,A physics simulation of a ball hitting a duck (scene 731),,63
/scratch/vcj9002/MagicPhysics/test_ball_hits_duck_collect/732/env/camera/cam_0,A physics simulation of a ball hitting a duck (scene 732),,62
/scratch/vcj9002/MagicPhysics/test_ball_hits_duck_collect/733/env/camera/cam_0,A physics simulation of a ball hitting a duck (scene 733),,56
/scratch/vcj9002/MagicPhysics/test_ball_hits_duck_collect/734/env/camera/cam_0,A physics simulation of a ball hitting a duck (scene 734),,56
/scratch/vcj9002/MagicPhysics/test_ball_hits_duck_collect/735/env/camera/cam_0,A physics simulation of a ball hitting a duck (scene 735),,56
/scratch/vcj9002/MagicPhysics/test_ball_hits_duck_collect/736/env/camera/cam_0,A physics simulation of a ball hitting a duck (scene 736),,56
/scratch/vcj9002/MagicPhysics/test_ball_hits_duck_collect/737/env/camera/cam_0,A physics simulation of a ball hitting a duck (scene 737),,58
/scratch/vcj9002/MagicPhysics/test_ball_hits_duck_collect/738/env/camera/cam_0,A physics simulation of a ball hitting a duck (scene 738),,76
/scratch/vcj9002/MagicPhysics/test_ball_hits_duck_collect/739/env/camera/cam_0,A physics simulation of a ball hitting a duck (scene 739),,92
/scratch/vcj9002/MagicPhysics/test_ball_hits_duck_collect/74/env/camera/cam_0,A physics simulation of a ball hitting a duck (scene 74),,59
/scratch/vcj9002/MagicPhysics/test_ball_hits_duck_collect/740/env/camera/cam_0,A physics simulation of a ball hitting a duck (scene 740),,62
/scratch/vcj9002/MagicPhysics/test_ball_hits_duck_collect/741/env/camera/cam_0,A physics simulation of a ball hitting a duck (scene 741),,77
/scratch/vcj9002/MagicPhysics/test_ball_hits_duck_collect/742/env/camera/cam_0,A physics simulation of a ball hitting a duck (scene 742),,62
/scratch/vcj9002/MagicPhysics/test_ball_hits_duck_collect/743/env/camera/cam_0,A physics simulation of a ball hitting a duck (scene 743),,102
/scratch/vcj9002/MagicPhysics/test_ball_hits_duck_collect/744/env/camera/cam_0,A physics simulation of a ball hitting a duck (scene 744),,102
/scratch/vcj9002/MagicPhysics/test_ball_hits_duck_collect/745/env/camera/cam_0,A physics simulation of a ball hitting a duck (scene 745),,60
/scratch/vcj9002/MagicPhysics/test_ball_hits_duck_collect/746/env/camera/cam_0,A physics simulation of a ball hitting a duck (scene 746),,60
/scratch/vcj9002/MagicPhysics/test_ball_hits_duck_collect/747/env/camera/cam_0,A physics simulation of a ball hitting a duck (scene 747),,62
/scratch/vcj9002/MagicPhysics/test_ball_hits_duck_collect/748/env/camera/cam_0,A physics simulation of a ball hitting a duck (scene 748),,59
/scratch/vcj9002/MagicPhysics/test_ball_hits_duck_collect/749/env/camera/cam_0,A physics simulation of a ball hitting a duck (scene 749),,55
/scratch/vcj9002/MagicPhysics/test_ball_hits_duck_collect/75/env/camera/cam_0,A physics simulation of a ball hitting a duck (scene 75),,103
/scratch/vcj9002/MagicPhysics/test_ball_hits_duck_collect/750/env/camera/cam_0,A physics simulation of a ball hitting a duck (scene 750),,59
/scratch/vcj9002/MagicPhysics/test_ball_hits_duck_collect/751/env/camera/cam_0,A physics simulation of a ball hitting a duck (scene 751),,59
/scratch/vcj9002/MagicPhysics/test_ball_hits_duck_collect/752/env/camera/cam_0,A physics simulation of a ball hitting a duck (scene 752),,93
/scratch/vcj9002/MagicPhysics/test_ball_hits_duck_collect/753/env/camera/cam_0,A physics simulation of a ball hitting a duck (scene 753),,61
/scratch/vcj9002/MagicPhysics/test_ball_hits_duck_collect/754/env/camera/cam_0,A physics simulation of a ball hitting a duck (scene 754),,107
/scratch/vcj9002/MagicPhysics/test_ball_hits_duck_collect/755/env/camera/cam_0,A physics simulation of a ball hitting a duck (scene 755),,107
/scratch/vcj9002/MagicPhysics/test_ball_hits_duck_collect/756/env/camera/cam_0,A physics simulation of a ball hitting a duck (scene 756),,59
/scratch/vcj9002/MagicPhysics/test_ball_hits_duck_collect/757/env/camera/cam_0,A physics simulation of a ball hitting a duck (scene 757),,57
/scratch/vcj9002/MagicPhysics/test_ball_hits_duck_collect/758/env/camera/cam_0,A physics simulation of a ball hitting a duck (scene 758),,57
/scratch/vcj9002/MagicPhysics/test_ball_hits_duck_collect/759/env/camera/cam_0,A physics simulation of a ball hitting a duck (scene 759),,62
/scratch/vcj9002/MagicPhysics/test_ball_hits_duck_collect/76/env/camera/cam_0,A physics simulation of a ball hitting a duck (scene 76),,103
/scratch/vcj9002/MagicPhysics/test_ball_hits_duck_collect/760/env/camera/cam_0,A physics simulation of a ball hitting a duck (scene 760),,70
/scratch/vcj9002/MagicPhysics/test_ball_hits_duck_collect/761/env/camera/cam_0,A physics simulation of a ball hitting a duck (scene 761),,114
/scratch/vcj9002/MagicPhysics/test_ball_hits_duck_collect/762/env/camera/cam_0,A physics simulation of a ball hitting a duck (scene 762),,114
/scratch/vcj9002/MagicPhysics/test_ball_hits_duck_collect/763/env/camera/cam_0,A physics simulation of a ball hitting a duck (scene 763),,60
/scratch/vcj9002/MagicPhysics/test_ball_hits_duck_collect/764/env/camera/cam_0,A physics simulation of a ball hitting a duck (scene 764),,60
/scratch/vcj9002/MagicPhysics/test_ball_hits_duck_collect/765/env/camera/cam_0,A physics simulation of a ball hitting a duck (scene 765),,86
/scratch/vcj9002/MagicPhysics/test_ball_hits_duck_collect/766/env/camera/cam_0,A physics simulation of a ball hitting a duck (scene 766),,56
/scratch/vcj9002/MagicPhysics/test_ball_hits_duck_collect/767/env/camera/cam_0,A physics simulation of a ball hitting a duck (scene 767),,57
/scratch/vcj9002/MagicPhysics/test_ball_hits_duck_collect/768/env/camera/cam_0,A physics simulation of a ball hitting a duck (scene 768),,57
/scratch/vcj9002/MagicPhysics/test_ball_hits_duck_collect/769/env/camera/cam_0,A physics simulation of a ball hitting a duck (scene 769),,94
/scratch/vcj9002/MagicPhysics/test_ball_hits_duck_collect/77/env/camera/cam_0,A physics simulation of a ball hitting a duck (scene 77),,70
/scratch/vcj9002/MagicPhysics/test_ball_hits_duck_collect/770/env/camera/cam_0,A physics simulation of a ball hitting a duck (scene 770),,94
/scratch/vcj9002/MagicPhysics/test_ball_hits_duck_collect/771/env/camera/cam_0,A physics simulation of a ball hitting a duck (scene 771),,100
/scratch/vcj9002/MagicPhysics/test_ball_hits_duck_collect/772/env/camera/cam_0,A physics simulation of a ball hitting a duck (scene 772),,105
/scratch/vcj9002/MagicPhysics/test_ball_hits_duck_collect/773/env/camera/cam_0,A physics simulation of a ball hitting a duck (scene 773),,58
/scratch/vcj9002/MagicPhysics/test_ball_hits_duck_collect/774/env/camera/cam_0,A physics simulation of a ball hitting a duck (scene 774),,58
/scratch/vcj9002/MagicPhysics/test_ball_hits_duck_collect/775/env/camera/cam_0,A physics simulation of a ball hitting a duck (scene 775),,59
/scratch/vcj9002/MagicPhysics/test_ball_hits_duck_collect/776/env/camera/cam_0,A physics simulation of a ball hitting a duck (scene 776),,60
/scratch/vcj9002/MagicPhysics/test_ball_hits_duck_collect/777/env/camera/cam_0,A physics simulation of a ball hitting a duck (scene 777),,61
/scratch/vcj9002/MagicPhysics/test_ball_hits_duck_collect/778/env/camera/cam_0,A physics simulation of a ball hitting a duck (scene 778),,61
/scratch/vcj9002/MagicPhysics/test_ball_hits_duck_collect/779/env/camera/cam_0,A physics simulation of a ball hitting a duck (scene 779),,61
/scratch/vcj9002/MagicPhysics/test_ball_hits_duck_collect/78/env/camera/cam_0,A physics simulation of a ball hitting a duck (scene 78),,70
/scratch/vcj9002/MagicPhysics/test_ball_hits_duck_collect/780/env/camera/cam_0,A physics simulation of a ball hitting a duck (scene 780),,60
/scratch/vcj9002/MagicPhysics/test_ball_hits_duck_collect/781/env/camera/cam_0,A physics simulation of a ball hitting a duck (scene 781),,60
/scratch/vcj9002/MagicPhysics/test_ball_hits_duck_collect/782/env/camera/cam_0,A physics simulation of a ball hitting a duck (scene 782),,102
/scratch/vcj9002/MagicPhysics/test_ball_hits_duck_collect/783/env/camera/cam_0,A physics simulation of a ball hitting a duck (scene 783),,102
/scratch/vcj9002/MagicPhysics/test_ball_hits_duck_collect/784/env/camera/cam_0,A physics simulation of a ball hitting a duck (scene 784),,90
/scratch/vcj9002/MagicPhysics/test_ball_hits_duck_collect/785/env/camera/cam_0,A physics simulation of a ball hitting a duck (scene 785),,59
/scratch/vcj9002/MagicPhysics/test_ball_hits_duck_collect/786/env/camera/cam_0,A physics simulation of a ball hitting a duck (scene 786),,87
/scratch/vcj9002/MagicPhysics/test_ball_hits_duck_collect/787/env/camera/cam_0,A physics simulation of a ball hitting a duck (scene 787),,70
/scratch/vcj9002/MagicPhysics/test_ball_hits_duck_collect/788/env/camera/cam_0,A physics simulation of a ball hitting a duck (scene 788),,70
/scratch/vcj9002/MagicPhysics/test_ball_hits_duck_collect/789/env/camera/cam_0,A physics simulation of a ball hitting a duck (scene 789),,59
/scratch/vcj9002/MagicPhysics/test_ball_hits_duck_collect/79/env/camera/cam_0,A physics simulation of a ball hitting a duck (scene 79),,68
/scratch/vcj9002/MagicPhysics/test_ball_hits_duck_collect/790/env/camera/cam_0,A physics simulation of a ball hitting a duck (scene 790),,59
/scratch/vcj9002/MagicPhysics/test_ball_hits_duck_collect/791/env/camera/cam_0,A physics simulation of a ball hitting a duck (scene 791),,57
/scratch/vcj9002/MagicPhysics/test_ball_hits_duck_collect/792/env/camera/cam_0,A physics simulation of a ball hitting a duck (scene 792),,57
/scratch/vcj9002/MagicPhysics/test_ball_hits_duck_collect/793/env/camera/cam_0,A physics simulation of a ball hitting a duck (scene 793),,60
/scratch/vcj9002/MagicPhysics/test_ball_hits_duck_collect/794/env/camera/cam_0,A physics simulation of a ball hitting a duck (scene 794),,64
/scratch/vcj9002/MagicPhysics/test_ball_hits_duck_collect/795/env/camera/cam_0,A physics simulation of a ball hitting a duck (scene 795),,108
/scratch/vcj9002/MagicPhysics/test_ball_hits_duck_collect/796/env/camera/cam_0,A physics simulation of a ball hitting a duck (scene 796),,65
/scratch/vcj9002/MagicPhysics/test_ball_hits_duck_collect/797/env/camera/cam_0,A physics simulation of a ball hitting a duck (scene 797),,68
/scratch/vcj9002/MagicPhysics/test_ball_hits_duck_collect/798/env/camera/cam_0,A physics simulation of a ball hitting a duck (scene 798),,68
/scratch/vcj9002/MagicPhysics/test_ball_hits_duck_collect/799/env/camera/cam_0,A physics simulation of a ball hitting a duck (scene 799),,57
/scratch/vcj9002/MagicPhysics/test_ball_hits_duck_collect/8/env/camera/cam_0,A physics simulation of a ball hitting a duck (scene 8),,60
/scratch/vcj9002/MagicPhysics/test_ball_hits_duck_collect/80/env/camera/cam_0,A physics simulation of a ball hitting a duck (scene 80),,74
/scratch/vcj9002/MagicPhysics/test_ball_hits_duck_collect/800/env/camera/cam_0,A physics simulation of a ball hitting a duck (scene 800),,57
/scratch/vcj9002/MagicPhysics/test_ball_hits_duck_collect/801/env/camera/cam_0,A physics simulation of a ball hitting a duck (scene 801),,88
/scratch/vcj9002/MagicPhysics/test_ball_hits_duck_collect/802/env/camera/cam_0,A physics simulation of a ball hitting a duck (scene 802),,88
/scratch/vcj9002/MagicPhysics/test_ball_hits_duck_collect/803/env/camera/cam_0,A physics simulation of a ball hitting a duck (scene 803),,77
/scratch/vcj9002/MagicPhysics/test_ball_hits_duck_collect/804/env/camera/cam_0,A physics simulation of a ball hitting a duck (scene 804),,60
/scratch/vcj9002/MagicPhysics/test_ball_hits_duck_collect/805/env/camera/cam_0,A physics simulation of a ball hitting a duck (scene 805),,70
/scratch/vcj9002/MagicPhysics/test_ball_hits_duck_collect/806/env/camera/cam_0,A physics simulation of a ball hitting a duck (scene 806),,65
/scratch/vcj9002/MagicPhysics/test_ball_hits_duck_collect/807/env/camera/cam_0,A physics simulation of a ball hitting a duck (scene 807),,65
/scratch/vcj9002/MagicPhysics/test_ball_hits_duck_collect/808/env/camera/cam_0,A physics simulation of a ball hitting a duck (scene 808),,59
/scratch/vcj9002/MagicPhysics/test_ball_hits_duck_collect/809/env/camera/cam_0,A physics simulation of a ball hitting a duck (scene 809),,59
/scratch/vcj9002/MagicPhysics/test_ball_hits_duck_collect/81/env/camera/cam_0,A physics simulation of a ball hitting a duck (scene 81),,107
/scratch/vcj9002/MagicPhysics/test_ball_hits_duck_collect/810/env/camera/cam_0,A physics simulation of a ball hitting a duck (scene 810),,112
/scratch/vcj9002/MagicPhysics/test_ball_hits_duck_collect/811/env/camera/cam_0,A physics simulation of a ball hitting a duck (scene 811),,64
/scratch/vcj9002/MagicPhysics/test_ball_hits_duck_collect/812/env/camera/cam_0,A physics simulation of a ball hitting a duck (scene 812),,64
/scratch/vcj9002/MagicPhysics/test_ball_hits_duck_collect/813/env/camera/cam_0,A physics simulation of a ball hitting a duck (scene 813),,56
/scratch/vcj9002/MagicPhysics/test_ball_hits_duck_collect/814/env/camera/cam_0,A physics simulation of a ball hitting a duck (scene 814),,60
/scratch/vcj9002/MagicPhysics/test_ball_hits_duck_collect/815/env/camera/cam_0,A physics simulation of a ball hitting a duck (scene 815),,72
/scratch/vcj9002/MagicPhysics/test_ball_hits_duck_collect/816/env/camera/cam_0,A physics simulation of a ball hitting a duck (scene 816),,64
/scratch/vcj9002/MagicPhysics/test_ball_hits_duck_collect/817/env/camera/cam_0,A physics simulation of a ball hitting a duck (scene 817),,64
/scratch/vcj9002/MagicPhysics/test_ball_hits_duck_collect/818/env/camera/cam_0,A physics simulation of a ball hitting a duck (scene 818),,74
/scratch/vcj9002/MagicPhysics/test_ball_hits_duck_collect/819/env/camera/cam_0,A physics simulation of a ball hitting a duck (scene 819),,66
/scratch/vcj9002/MagicPhysics/test_ball_hits_duck_collect/82/env/camera/cam_0,A physics simulation of a ball hitting a duck (scene 82),,86
/scratch/vcj9002/MagicPhysics/test_ball_hits_duck_collect/820/env/camera/cam_0,A physics simulation of a ball hitting a duck (scene 820),,66
/scratch/vcj9002/MagicPhysics/test_ball_hits_duck_collect/821/env/camera/cam_0,A physics simulation of a ball hitting a duck (scene 821),,65
/scratch/vcj9002/MagicPhysics/test_ball_hits_duck_collect/822/env/camera/cam_0,A physics simulation of a ball hitting a duck (scene 822),,94
/scratch/vcj9002/MagicPhysics/test_ball_hits_duck_collect/823/env/camera/cam_0,A physics simulation of a ball hitting a duck (scene 823),,94
/scratch/vcj9002/MagicPhysics/test_ball_hits_duck_collect/824/env/camera/cam_0,A physics simulation of a ball hitting a duck (scene 824),,96
/scratch/vcj9002/MagicPhysics/test_ball_hits_duck_collect/825/env/camera/cam_0,A physics simulation of a ball hitting a duck (scene 825),,58
/scratch/vcj9002/MagicPhysics/test_ball_hits_duck_collect/826/env/camera/cam_0,A physics simulation of a ball hitting a duck (scene 826),,106
/scratch/vcj9002/MagicPhysics/test_ball_hits_duck_collect/827/env/camera/cam_0,A physics simulation of a ball hitting a duck (scene 827),,106
/scratch/vcj9002/MagicPhysics/test_ball_hits_duck_collect/828/env/camera/cam_0,A physics simulation of a ball hitting a duck (scene 828),,59
/scratch/vcj9002/MagicPhysics/test_ball_hits_duck_collect/829/env/camera/cam_0,A physics simulation of a ball hitting a duck (scene 829),,59
/scratch/vcj9002/MagicPhysics/test_ball_hits_duck_collect/83/env/camera/cam_0,A physics simulation of a ball hitting a duck (scene 83),,86
/scratch/vcj9002/MagicPhysics/test_ball_hits_duck_collect/830/env/camera/cam_0,A physics simulation of a ball hitting a duck (scene 830),,124
/scratch/vcj9002/MagicPhysics/test_ball_hits_duck_collect/831/env/camera/cam_0,A physics simulation of a ball hitting a duck (scene 831),,98
/scratch/vcj9002/MagicPhysics/test_ball_hits_duck_collect/832/env/camera/cam_0,A physics simulation of a ball hitting a duck (scene 832),,102
/scratch/vcj9002/MagicPhysics/test_ball_hits_duck_collect/833/env/camera/cam_0,A physics simulation of a ball hitting a duck (scene 833),,102
/scratch/vcj9002/MagicPhysics/test_ball_hits_duck_collect/834/env/camera/cam_0,A physics simulation of a ball hitting a duck (scene 834),,72
/scratch/vcj9002/MagicPhysics/test_ball_hits_duck_collect/835/env/camera/cam_0,A physics simulation of a ball hitting a duck (scene 835),,55
/scratch/vcj9002/MagicPhysics/test_ball_hits_duck_collect/836/env/camera/cam_0,A physics simulation of a ball hitting a duck (scene 836),,91
/scratch/vcj9002/MagicPhysics/test_ball_hits_duck_collect/837/env/camera/cam_0,A physics simulation of a ball hitting a duck (scene 837),,91
/scratch/vcj9002/MagicPhysics/test_ball_hits_duck_collect/838/env/camera/cam_0,A physics simulation of a ball hitting a duck (scene 838),,56
/scratch/vcj9002/MagicPhysics/test_ball_hits_duck_collect/839/env/camera/cam_0,A physics simulation of a ball hitting a duck (scene 839),,59
/scratch/vcj9002/MagicPhysics/test_ball_hits_duck_collect/84/env/camera/cam_0,A physics simulation of a ball hitting a duck (scene 84),,57
/scratch/vcj9002/MagicPhysics/test_ball_hits_duck_collect/840/env/camera/cam_0,A physics simulation of a ball hitting a duck (scene 840),,113
/scratch/vcj9002/MagicPhysics/test_ball_hits_duck_collect/841/env/camera/cam_0,A physics simulation of a ball hitting a duck (scene 841),,109
/scratch/vcj9002/MagicPhysics/test_ball_hits_duck_collect/842/env/camera/cam_0,A physics simulation of a ball hitting a duck (scene 842),,109
/scratch/vcj9002/MagicPhysics/test_ball_hits_duck_collect/843/env/camera/cam_0,A physics simulation of a ball hitting a duck (scene 843),,59
/scratch/vcj9002/MagicPhysics/test_ball_hits_duck_collect/844/env/camera/cam_0,A physics simulation of a ball hitting a duck (scene 844),,101
/scratch/vcj9002/MagicPhysics/test_ball_hits_duck_collect/845/env/camera/cam_0,A physics simulation of a ball hitting a duck (scene 845),,101
/scratch/vcj9002/MagicPhysics/test_ball_hits_duck_collect/846/env/camera/cam_0,A physics simulation of a ball hitting a duck (scene 846),,57
/scratch/vcj9002/MagicPhysics/test_ball_hits_duck_collect/847/env/camera/cam_0,A physics simulation of a ball hitting a duck (scene 847),,56
/scratch/vcj9002/MagicPhysics/test_ball_hits_duck_collect/848/env/camera/cam_0,A physics simulation of a ball hitting a duck (scene 848),,56
/scratch/vcj9002/MagicPhysics/test_ball_hits_duck_collect/849/env/camera/cam_0,A physics simulation of a ball hitting a duck (scene 849),,72
/scratch/vcj9002/MagicPhysics/test_ball_hits_duck_collect/85/env/camera/cam_0,A physics simulation of a ball hitting a duck (scene 85),,57
/scratch/vcj9002/MagicPhysics/test_ball_hits_duck_collect/850/env/camera/cam_0,A physics simulation of a ball hitting a duck (scene 850),,113
/scratch/vcj9002/MagicPhysics/test_ball_hits_duck_collect/851/env/camera/cam_0,A physics simulation of a ball hitting a duck (scene 851),,113
/scratch/vcj9002/MagicPhysics/test_ball_hits_duck_collect/852/env/camera/cam_0,A physics simulation of a ball hitting a duck (scene 852),,59
/scratch/vcj9002/MagicPhysics/test_ball_hits_duck_collect/853/env/camera/cam_0,A physics simulation of a ball hitting a duck (scene 853),,70
/scratch/vcj9002/MagicPhysics/test_ball_hits_duck_collect/854/env/camera/cam_0,A physics simulation of a ball hitting a duck (scene 854),,70
/scratch/vcj9002/MagicPhysics/test_ball_hits_duck_collect/855/env/camera/cam_0,A physics simulation of a ball hitting a duck (scene 855),,58
/scratch/vcj9002/MagicPhysics/test_ball_hits_duck_collect/856/env/camera/cam_0,A physics simulation of a ball hitting a duck (scene 856),,58
/scratch/vcj9002/MagicPhysics/test_ball_hits_duck_collect/857/env/camera/cam_0,A physics simulation of a ball hitting a duck (scene 857),,127
/scratch/vcj9002/MagicPhysics/test_ball_hits_duck_collect/858/env/camera/cam_0,A physics simulation of a ball hitting a duck (scene 858),,101
/scratch/vcj9002/MagicPhysics/test_ball_hits_duck_collect/859/env/camera/cam_0,A physics simulation of a ball hitting a duck (scene 859),,60
/scratch/vcj9002/MagicPhysics/test_ball_hits_duck_collect/86/env/camera/cam_0,A physics simulation of a ball hitting a duck (scene 86),,91
/scratch/vcj9002/MagicPhysics/test_ball_hits_duck_collect/860/env/camera/cam_0,A physics simulation of a ball hitting a duck (scene 860),,59
/scratch/vcj9002/MagicPhysics/test_ball_hits_duck_collect/861/env/camera/cam_0,A physics simulation of a ball hitting a duck (scene 861),,59
/scratch/vcj9002/MagicPhysics/test_ball_hits_duck_collect/862/env/camera/cam_0,A physics simulation of a ball hitting a duck (scene 862),,56
/scratch/vcj9002/MagicPhysics/test_ball_hits_duck_collect/863/env/camera/cam_0,A physics simulation of a ball hitting a duck (scene 863),,56
/scratch/vcj9002/MagicPhysics/test_ball_hits_duck_collect/864/env/camera/cam_0,A physics simulation of a ball hitting a duck (scene 864),,63
/scratch/vcj9002/MagicPhysics/test_ball_hits_duck_collect/865/env/camera/cam_0,A physics simulation of a ball hitting a duck (scene 865),,56
/scratch/vcj9002/MagicPhysics/test_ball_hits_duck_collect/866/env/camera/cam_0,A physics simulation of a ball hitting a duck (scene 866),,58
/scratch/vcj9002/MagicPhysics/test_ball_hits_duck_collect/867/env/camera/cam_0,A physics simulation of a ball hitting a duck (scene 867),,54
/scratch/vcj9002/MagicPhysics/test_ball_hits_duck_collect/868/env/camera/cam_0,A physics simulation of a ball hitting a duck (scene 868),,54
/scratch/vcj9002/MagicPhysics/test_ball_hits_duck_collect/869/env/camera/cam_0,A physics simulation of a ball hitting a duck (scene 869),,55
/scratch/vcj9002/MagicPhysics/test_ball_hits_duck_collect/87/env/camera/cam_0,A physics simulation of a ball hitting a duck (scene 87),,91
/scratch/vcj9002/MagicPhysics/test_ball_hits_duck_collect/870/env/camera/cam_0,A physics simulation of a ball hitting a duck (scene 870),,55
/scratch/vcj9002/MagicPhysics/test_ball_hits_duck_collect/871/env/camera/cam_0,A physics simulation of a ball hitting a duck (scene 871),,100
/scratch/vcj9002/MagicPhysics/test_ball_hits_duck_collect/872/env/camera/cam_0,A physics simulation of a ball hitting a duck (scene 872),,100
/scratch/vcj9002/MagicPhysics/test_ball_hits_duck_collect/873/env/camera/cam_0,A physics simulation of a ball hitting a duck (scene 873),,57
/scratch/vcj9002/MagicPhysics/test_ball_hits_duck_collect/874/env/camera/cam_0,A physics simulation of a ball hitting a duck (scene 874),,107
/scratch/vcj9002/MagicPhysics/test_ball_hits_duck_collect/875/env/camera/cam_0,A physics simulation of a ball hitting a duck (scene 875),,56
/scratch/vcj9002/MagicPhysics/test_ball_hits_duck_collect/876/env/camera/cam_0,A physics simulation of a ball hitting a duck (scene 876),,90
/scratch/vcj9002/MagicPhysics/test_ball_hits_duck_collect/877/env/camera/cam_0,A physics simulation of a ball hitting a duck (scene 877),,62
/scratch/vcj9002/MagicPhysics/test_ball_hits_duck_collect/878/env/camera/cam_0,A physics simulation of a ball hitting a duck (scene 878),,62
/scratch/vcj9002/MagicPhysics/test_ball_hits_duck_collect/879/env/camera/cam_0,A physics simulation of a ball hitting a duck (scene 879),,58
/scratch/vcj9002/MagicPhysics/test_ball_hits_duck_collect/88/env/camera/cam_0,A physics simulation of a ball hitting a duck (scene 88),,68
/scratch/vcj9002/MagicPhysics/test_ball_hits_duck_collect/880/env/camera/cam_0,A physics simulation of a ball hitting a duck (scene 880),,58
/scratch/vcj9002/MagicPhysics/test_ball_hits_duck_collect/881/env/camera/cam_0,A physics simulation of a ball hitting a duck (scene 881),,59
/scratch/vcj9002/MagicPhysics/test_ball_hits_duck_collect/882/env/camera/cam_0,A physics simulation of a ball hitting a duck (scene 882),,76
/scratch/vcj9002/MagicPhysics/test_ball_hits_duck_collect/883/env/camera/cam_0,A physics simulation of a ball hitting a duck (scene 883),,102
/scratch/vcj9002/MagicPhysics/test_ball_hits_duck_collect/884/env/camera/cam_0,A physics simulation of a ball hitting a duck (scene 884),,102
/scratch/vcj9002/MagicPhysics/test_ball_hits_duck_collect/885/env/camera/cam_0,A physics simulation of a ball hitting a duck (scene 885),,108
/scratch/vcj9002/MagicPhysics/test_ball_hits_duck_collect/886/env/camera/cam_0,A physics simulation of a ball hitting a duck (scene 886),,61
/scratch/vcj9002/MagicPhysics/test_ball_hits_duck_collect/887/env/camera/cam_0,A physics simulation of a ball hitting a duck (scene 887),,60
/scratch/vcj9002/MagicPhysics/test_ball_hits_duck_collect/888/env/camera/cam_0,A physics simulation of a ball hitting a duck (scene 888),,60
/scratch/vcj9002/MagicPhysics/test_ball_hits_duck_collect/889/env/camera/cam_0,A physics simulation of a ball hitting a duck (scene 889),,118
/scratch/vcj9002/MagicPhysics/test_ball_hits_duck_collect/89/env/camera/cam_0,A physics simulation of a ball hitting a duck (scene 89),,104
/scratch/vcj9002/MagicPhysics/test_ball_hits_duck_collect/890/env/camera/cam_0,A physics simulation of a ball hitting a duck (scene 890),,118
/scratch/vcj9002/MagicPhysics/test_ball_hits_duck_collect/891/env/camera/cam_0,A physics simulation of a ball hitting a duck (scene 891),,116
/scratch/vcj9002/MagicPhysics/test_ball_hits_duck_collect/892/env/camera/cam_0,A physics simulation of a ball hitting a duck (scene 892),,116
/scratch/vcj9002/MagicPhysics/test_ball_hits_duck_collect/893/env/camera/cam_0,A physics simulation of a ball hitting a duck (scene 893),,64
/scratch/vcj9002/MagicPhysics/test_ball_hits_duck_collect/894/env/camera/cam_0,A physics simulation of a ball hitting a duck (scene 894),,105
/scratch/vcj9002/MagicPhysics/test_ball_hits_duck_collect/895/env/camera/cam_0,A physics simulation of a ball hitting a duck (scene 895),,105
/scratch/vcj9002/MagicPhysics/test_ball_hits_duck_collect/896/env/camera/cam_0,A physics simulation of a ball hitting a duck (scene 896),,63
/scratch/vcj9002/MagicPhysics/test_ball_hits_duck_collect/897/env/camera/cam_0,A physics simulation of a ball hitting a duck (scene 897),,116
/scratch/vcj9002/MagicPhysics/test_ball_hits_duck_collect/898/env/camera/cam_0,A physics simulation of a ball hitting a duck (scene 898),,74
/scratch/vcj9002/MagicPhysics/test_ball_hits_duck_collect/899/env/camera/cam_0,A physics simulation of a ball hitting a duck (scene 899),,74
/scratch/vcj9002/MagicPhysics/test_ball_hits_duck_collect/9/env/camera/cam_0,A physics simulation of a ball hitting a duck (scene 9),,60
/scratch/vcj9002/MagicPhysics/test_ball_hits_duck_collect/90/env/camera/cam_0,A physics simulation of a ball hitting a duck (scene 90),,109
/scratch/vcj9002/MagicPhysics/test_ball_hits_duck_collect/900/env/camera/cam_0,A physics simulation of a ball hitting a duck (scene 900),,121
/scratch/vcj9002/MagicPhysics/test_ball_hits_duck_collect/901/env/camera/cam_0,A physics simulation of a ball hitting a duck (scene 901),,69
/scratch/vcj9002/MagicPhysics/test_ball_hits_duck_collect/902/env/camera/cam_0,A physics simulation of a ball hitting a duck (scene 902),,69
/scratch/vcj9002/MagicPhysics/test_ball_hits_duck_collect/903/env/camera/cam_0,A physics simulation of a ball hitting a duck (scene 903),,102
/scratch/vcj9002/MagicPhysics/test_ball_hits_duck_collect/904/env/camera/cam_0,A physics simulation of a ball hitting a duck (scene 904),,102
/scratch/vcj9002/MagicPhysics/test_ball_hits_duck_collect/905/env/camera/cam_0,A physics simulation of a ball hitting a duck (scene 905),,119
/scratch/vcj9002/MagicPhysics/test_ball_hits_duck_collect/906/env/camera/cam_0,A physics simulation of a ball hitting a duck (scene 906),,79
/scratch/vcj9002/MagicPhysics/test_ball_hits_duck_collect/907/env/camera/cam_0,A physics simulation of a ball hitting a duck (scene 907),,88
/scratch/vcj9002/MagicPhysics/test_ball_hits_duck_collect/908/env/camera/cam_0,A physics simulation of a ball hitting a duck (scene 908),,68
/scratch/vcj9002/MagicPhysics/test_ball_hits_duck_collect/909/env/camera/cam_0,A physics simulation of a ball hitting a duck (scene 909),,97
/scratch/vcj9002/MagicPhysics/test_ball_hits_duck_collect/91/env/camera/cam_0,A physics simulation of a ball hitting a duck (scene 91),,109
/scratch/vcj9002/MagicPhysics/test_ball_hits_duck_collect/910/env/camera/cam_0,A physics simulation of a ball hitting a duck (scene 910),,97
/scratch/vcj9002/MagicPhysics/test_ball_hits_duck_collect/911/env/camera/cam_0,A physics simulation of a ball hitting a duck (scene 911),,72
/scratch/vcj9002/MagicPhysics/test_ball_hits_duck_collect/912/env/camera/cam_0,A physics simulation of a ball hitting a duck (scene 912),,72
/scratch/vcj9002/MagicPhysics/test_ball_hits_duck_collect/913/env/camera/cam_0,A physics simulation of a ball hitting a duck (scene 913),,57
/scratch/vcj9002/MagicPhysics/test_ball_hits_duck_collect/914/env/camera/cam_0,A physics simulation of a ball hitting a duck (scene 914),,81
/scratch/vcj9002/MagicPhysics/test_ball_hits_duck_collect/915/env/camera/cam_0,A physics simulation of a ball hitting a duck (scene 915),,81
/scratch/vcj9002/MagicPhysics/test_ball_hits_duck_collect/916/env/camera/cam_0,A physics simulation of a ball hitting a duck (scene 916),,58
/scratch/vcj9002/MagicPhysics/test_ball_hits_duck_collect/917/env/camera/cam_0,A physics simulation of a ball hitting a duck (scene 917),,66
/scratch/vcj9002/MagicPhysics/test_ball_hits_duck_collect/918/env/camera/cam_0,A physics simulation of a ball hitting a duck (scene 918),,106
/scratch/vcj9002/MagicPhysics/test_ball_hits_duck_collect/919/env/camera/cam_0,A physics simulation of a ball hitting a duck (scene 919),,61
/scratch/vcj9002/MagicPhysics/test_ball_hits_duck_collect/92/env/camera/cam_0,A physics simulation of a ball hitting a duck (scene 92),,60
/scratch/vcj9002/MagicPhysics/test_ball_hits_duck_collect/920/env/camera/cam_0,A physics simulation of a ball hitting a duck (scene 920),,61
/scratch/vcj9002/MagicPhysics/test_ball_hits_duck_collect/921/env/camera/cam_0,A physics simulation of a ball hitting a duck (scene 921),,61
/scratch/vcj9002/MagicPhysics/test_ball_hits_duck_collect/922/env/camera/cam_0,A physics simulation of a ball hitting a duck (scene 922),,61
/scratch/vcj9002/MagicPhysics/test_ball_hits_duck_collect/923/env/camera/cam_0,A physics simulation of a ball hitting a duck (scene 923),,55
/scratch/vcj9002/MagicPhysics/test_ball_hits_duck_collect/924/env/camera/cam_0,A physics simulation of a ball hitting a duck (scene 924),,55
/scratch/vcj9002/MagicPhysics/test_ball_hits_duck_collect/925/env/camera/cam_0,A physics simulation of a ball hitting a duck (scene 925),,65
/scratch/vcj9002/MagicPhysics/test_ball_hits_duck_collect/926/env/camera/cam_0,A physics simulation of a ball hitting a duck (scene 926),,56
/scratch/vcj9002/MagicPhysics/test_ball_hits_duck_collect/927/env/camera/cam_0,A physics simulation of a ball hitting a duck (scene 927),,56
/scratch/vcj9002/MagicPhysics/test_ball_hits_duck_collect/928/env/camera/cam_0,A physics simulation of a ball hitting a duck (scene 928),,63
/scratch/vcj9002/MagicPhysics/test_ball_hits_duck_collect/929/env/camera/cam_0,A physics simulation of a ball hitting a duck (scene 929),,78
/scratch/vcj9002/MagicPhysics/test_ball_hits_duck_collect/93/env/camera/cam_0,A physics simulation of a ball hitting a duck (scene 93),,60
/scratch/vcj9002/MagicPhysics/test_ball_hits_duck_collect/930/env/camera/cam_0,A physics simulation of a ball hitting a duck (scene 930),,63
/scratch/vcj9002/MagicPhysics/test_ball_hits_duck_collect/931/env/camera/cam_0,A physics simulation of a ball hitting a duck (scene 931),,97
/scratch/vcj9002/MagicPhysics/test_ball_hits_duck_collect/932/env/camera/cam_0,A physics simulation of a ball hitting a duck (scene 932),,63
/scratch/vcj9002/MagicPhysics/test_ball_hits_duck_collect/933/env/camera/cam_0,A physics simulation of a ball hitting a duck (scene 933),,60
/scratch/vcj9002/MagicPhysics/test_ball_hits_duck_collect/934/env/camera/cam_0,A physics simulation of a ball hitting a duck (scene 934),,106
/scratch/vcj9002/MagicPhysics/test_ball_hits_duck_collect/935/env/camera/cam_0,A physics simulation of a ball hitting a duck (scene 935),,106
/scratch/vcj9002/MagicPhysics/test_ball_hits_duck_collect/936/env/camera/cam_0,A physics simulation of a ball hitting a duck (scene 936),,56
/scratch/vcj9002/MagicPhysics/test_ball_hits_duck_collect/937/env/camera/cam_0,A physics simulation of a ball hitting a duck (scene 937),,59
/scratch/vcj9002/MagicPhysics/test_ball_hits_duck_collect/938/env/camera/cam_0,A physics simulation of a ball hitting a duck (scene 938),,59
/scratch/vcj9002/MagicPhysics/test_ball_hits_duck_collect/939/env/camera/cam_0,A physics simulation of a ball hitting a duck (scene 939),,58
/scratch/vcj9002/MagicPhysics/test_ball_hits_duck_collect/94/env/camera/cam_0,A physics simulation of a ball hitting a duck (scene 94),,59
/scratch/vcj9002/MagicPhysics/test_ball_hits_duck_collect/940/env/camera/cam_0,A physics simulation of a ball hitting a duck (scene 940),,90
/scratch/vcj9002/MagicPhysics/test_ball_hits_duck_collect/941/env/camera/cam_0,A physics simulation of a ball hitting a duck (scene 941),,90
/scratch/vcj9002/MagicPhysics/test_ball_hits_duck_collect/942/env/camera/cam_0,A physics simulation of a ball hitting a duck (scene 942),,96
/scratch/vcj9002/MagicPhysics/test_ball_hits_duck_collect/943/env/camera/cam_0,A physics simulation of a ball hitting a duck (scene 943),,91
/scratch/vcj9002/MagicPhysics/test_ball_hits_duck_collect/944/env/camera/cam_0,A physics simulation of a ball hitting a duck (scene 944),,60
/scratch/vcj9002/MagicPhysics/test_ball_hits_duck_collect/945/env/camera/cam_0,A physics simulation of a ball hitting a duck (scene 945),,76
/scratch/vcj9002/MagicPhysics/test_ball_hits_duck_collect/946/env/camera/cam_0,A physics simulation of a ball hitting a duck (scene 946),,92
/scratch/vcj9002/MagicPhysics/test_ball_hits_duck_collect/947/env/camera/cam_0,A physics simulation of a ball hitting a duck (scene 947),,92
/scratch/vcj9002/MagicPhysics/test_ball_hits_duck_collect/948/env/camera/cam_0,A physics simulation of a ball hitting a duck (scene 948),,56
/scratch/vcj9002/MagicPhysics/test_ball_hits_duck_collect/949/env/camera/cam_0,A physics simulation of a ball hitting a duck (scene 949),,64
/scratch/vcj9002/MagicPhysics/test_ball_hits_duck_collect/95/env/camera/cam_0,A physics simulation of a ball hitting a duck (scene 95),,53
/scratch/vcj9002/MagicPhysics/test_ball_hits_duck_collect/950/env/camera/cam_0,A physics simulation of a ball hitting a duck (scene 950),,110
/scratch/vcj9002/MagicPhysics/test_ball_hits_duck_collect/951/env/camera/cam_0,A physics simulation of a ball hitting a duck (scene 951),,110
/scratch/vcj9002/MagicPhysics/test_ball_hits_duck_collect/952/env/camera/cam_0,A physics simulation of a ball hitting a duck (scene 952),,61
/scratch/vcj9002/MagicPhysics/test_ball_hits_duck_collect/953/env/camera/cam_0,A physics simulation of a ball hitting a duck (scene 953),,57
/scratch/vcj9002/MagicPhysics/test_ball_hits_duck_collect/954/env/camera/cam_0,A physics simulation of a ball hitting a duck (scene 954),,67
/scratch/vcj9002/MagicPhysics/test_ball_hits_duck_collect/955/env/camera/cam_0,A physics simulation of a ball hitting a duck (scene 955),,67
/scratch/vcj9002/MagicPhysics/test_ball_hits_duck_collect/956/env/camera/cam_0,A physics simulation of a ball hitting a duck (scene 956),,132
/scratch/vcj9002/MagicPhysics/test_ball_hits_duck_collect/957/env/camera/cam_0,A physics simulation of a ball hitting a duck (scene 957),,132
/scratch/vcj9002/MagicPhysics/test_ball_hits_duck_collect/958/env/camera/cam_0,A physics simulation of a ball hitting a duck (scene 958),,60
/scratch/vcj9002/MagicPhysics/test_ball_hits_duck_collect/959/env/camera/cam_0,A physics simulation of a ball hitting a duck (scene 959),,62
/scratch/vcj9002/MagicPhysics/test_ball_hits_duck_collect/96/env/camera/cam_0,A physics simulation of a ball hitting a duck (scene 96),,53
/scratch/vcj9002/MagicPhysics/test_ball_hits_duck_collect/960/env/camera/cam_0,A physics simulation of a ball hitting a duck (scene 960),,62
/scratch/vcj9002/MagicPhysics/test_ball_hits_duck_collect/961/env/camera/cam_0,A physics simulation of a ball hitting a duck (scene 961),,92
/scratch/vcj9002/MagicPhysics/test_ball_hits_duck_collect/962/env/camera/cam_0,A physics simulation of a ball hitting a duck (scene 962),,62
/scratch/vcj9002/MagicPhysics/test_ball_hits_duck_collect/963/env/camera/cam_0,A physics simulation of a ball hitting a duck (scene 963),,68
/scratch/vcj9002/MagicPhysics/test_ball_hits_duck_collect/964/env/camera/cam_0,A physics simulation of a ball hitting a duck (scene 964),,59
/scratch/vcj9002/MagicPhysics/test_ball_hits_duck_collect/965/env/camera/cam_0,A physics simulation of a ball hitting a duck (scene 965),,59
/scratch/vcj9002/MagicPhysics/test_ball_hits_duck_collect/966/env/camera/cam_0,A physics simulation of a ball hitting a duck (scene 966),,58
/scratch/vcj9002/MagicPhysics/test_ball_hits_duck_collect/967/env/camera/cam_0,A physics simulation of a ball hitting a duck (scene 967),,58
/scratch/vcj9002/MagicPhysics/test_ball_hits_duck_collect/968/env/camera/cam_0,A physics simulation of a ball hitting a duck (scene 968),,58
/scratch/vcj9002/MagicPhysics/test_ball_hits_duck_collect/969/env/camera/cam_0,A physics simulation of a ball hitting a duck (scene 969),,56
/scratch/vcj9002/MagicPhysics/test_ball_hits_duck_collect/97/env/camera/cam_0,A physics simulation of a ball hitting a duck (scene 97),,74
/scratch/vcj9002/MagicPhysics/test_ball_hits_duck_collect/970/env/camera/cam_0,A physics simulation of a ball hitting a duck (scene 970),,116
/scratch/vcj9002/MagicPhysics/test_ball_hits_duck_collect/971/env/camera/cam_0,A physics simulation of a ball hitting a duck (scene 971),,116
/scratch/vcj9002/MagicPhysics/test_ball_hits_duck_collect/972/env/camera/cam_0,A physics simulation of a ball hitting a duck (scene 972),,120
/scratch/vcj9002/MagicPhysics/test_ball_hits_duck_collect/973/env/camera/cam_0,A physics simulation of a ball hitting a duck (scene 973),,94
/scratch/vcj9002/MagicPhysics/test_ball_hits_duck_collect/974/env/camera/cam_0,A physics simulation of a ball hitting a duck (scene 974),,60
/scratch/vcj9002/MagicPhysics/test_ball_hits_duck_collect/975/env/camera/cam_0,A physics simulation of a ball hitting a duck (scene 975),,60
/scratch/vcj9002/MagicPhysics/test_ball_hits_duck_collect/976/env/camera/cam_0,A physics simulation of a ball hitting a duck (scene 976),,65
/scratch/vcj9002/MagicPhysics/test_ball_hits_duck_collect/977/env/camera/cam_0,A physics simulation of a ball hitting a duck (scene 977),,57
/scratch/vcj9002/MagicPhysics/test_ball_hits_duck_collect/978/env/camera/cam_0,A physics simulation of a ball hitting a duck (scene 978),,57
/scratch/vcj9002/MagicPhysics/test_ball_hits_duck_collect/979/env/camera/cam_0,A physics simulation of a ball hitting a duck (scene 979),,109
/scratch/vcj9002/MagicPhysics/test_ball_hits_duck_collect/98/env/camera/cam_0,A physics simulation of a ball hitting a duck (scene 98),,59
/scratch/vcj9002/MagicPhysics/test_ball_hits_duck_collect/980/env/camera/cam_0,A physics simulation of a ball hitting a duck (scene 980),,109
/scratch/vcj9002/MagicPhysics/test_ball_hits_duck_collect/981/env/camera/cam_0,A physics simulation of a ball hitting a duck (scene 981),,97
/scratch/vcj9002/MagicPhysics/test_ball_hits_duck_collect/982/env/camera/cam_0,A physics simulation of a ball hitting a duck (scene 982),,57
/scratch/vcj9002/MagicPhysics/test_ball_hits_duck_collect/983/env/camera/cam_0,A physics simulation of a ball hitting a duck (scene 983),,56
/scratch/vcj9002/MagicPhysics/test_ball_hits_duck_collect/984/env/camera/cam_0,A physics simulation of a ball hitting a duck (scene 984),,59
/scratch/vcj9002/MagicPhysics/test_ball_hits_duck_collect/985/env/camera/cam_0,A physics simulation of a ball hitting a duck (scene 985),,59
/scratch/vcj9002/MagicPhysics/test_ball_hits_duck_collect/986/env/camera/cam_0,A physics simulation of a ball hitting a duck (scene 986),,57
/scratch/vcj9002/MagicPhysics/test_ball_hits_duck_collect/987/env/camera/cam_0,A physics simulation of a ball hitting a duck (scene 987),,61
/scratch/vcj9002/MagicPhysics/test_ball_hits_duck_collect/988/env/camera/cam_0,A physics simulation of a ball hitting a duck (scene 988),,61
/scratch/vcj9002/MagicPhysics/test_ball_hits_duck_collect/989/env/camera/cam_0,A physics simulation of a ball hitting a duck (scene 989),,64
/scratch/vcj9002/MagicPhysics/test_ball_hits_duck_collect/99/env/camera/cam_0,A physics simulation of a ball hitting a duck (scene 99),,63
/scratch/vcj9002/MagicPhysics/test_ball_hits_duck_collect/990/env/camera/cam_0,A physics simulation of a ball hitting a duck (scene 990),,64
/scratch/vcj9002/MagicPhysics/test_ball_hits_duck_collect/991/env/camera/cam_0,A physics simulation of a ball hitting a duck (scene 991),,56
/scratch/vcj9002/MagicPhysics/test_ball_hits_duck_collect/992/env/camera/cam_0,A physics simulation of a ball hitting a duck (scene 992),,56
/scratch/vcj9002/MagicPhysics/test_ball_hits_duck_collect/993/env/camera/cam_0,A physics simulation of a ball hitting a duck (scene 993),,77
/scratch/vcj9002/MagicPhysics/test_ball_hits_duck_collect/994/env/camera/cam_0,A physics simulation of a ball hitting a duck (scene 994),,59
/scratch/vcj9002/MagicPhysics/test_ball_hits_duck_collect/995/env/camera/cam_0,A physics simulation of a ball hitting a duck (scene 995),,54
/scratch/vcj9002/MagicPhysics/test_ball_hits_duck_collect/996/env/camera/cam_0,A physics simulation of a ball hitting a duck (scene 996),,107
/scratch/vcj9002/MagicPhysics/test_ball_hits_duck_collect/997/env/camera/cam_0,A physics simulation of a ball hitting a duck (scene 997),,54
/scratch/vcj9002/MagicPhysics/test_ball_hits_duck_collect/998/env/camera/cam_0,A physics simulation of a ball hitting a duck (scene 998),,107
/scratch/vcj9002/MagicPhysics/test_ball_hits_duck_collect/999/env/camera/cam_0,A physics simulation of a ball hitting a duck (scene 999),,55
/scratch/vcj9002/MagicPhysics/test_ball_hits_nothing_collect/0/env/camera/cam_0,A physics simulation of a ball moving with no collision (scene 0),,59
/scratch/vcj9002/MagicPhysics/test_ball_hits_nothing_collect/1/env/camera/cam_0,A physics simulation of a ball moving with no collision (scene 1),,32
/scratch/vcj9002/MagicPhysics/test_ball_hits_nothing_collect/10/env/camera/cam_0,A physics simulation of a ball moving with no collision (scene 10),,59
/scratch/vcj9002/MagicPhysics/test_ball_hits_nothing_collect/100/env/camera/cam_0,A physics simulation of a ball moving with no collision (scene 100),,60
/scratch/vcj9002/MagicPhysics/test_ball_hits_nothing_collect/101/env/camera/cam_0,A physics simulation of a ball moving with no collision (scene 101),,60
/scratch/vcj9002/MagicPhysics/test_ball_hits_nothing_collect/102/env/camera/cam_0,A physics simulation of a ball moving with no collision (scene 102),,60
/scratch/vcj9002/MagicPhysics/test_ball_hits_nothing_collect/103/env/camera/cam_0,A physics simulation of a ball moving with no collision (scene 103),,60
/scratch/vcj9002/MagicPhysics/test_ball_hits_nothing_collect/104/env/camera/cam_0,A physics simulation of a ball moving with no collision (scene 104),,60
/scratch/vcj9002/MagicPhysics/test_ball_hits_nothing_collect/105/env/camera/cam_0,A physics simulation of a ball moving with no collision (scene 105),,60
/scratch/vcj9002/MagicPhysics/test_ball_hits_nothing_collect/106/env/camera/cam_0,A physics simulation of a ball moving with no collision (scene 106),,60
/scratch/vcj9002/MagicPhysics/test_ball_hits_nothing_collect/107/env/camera/cam_0,A physics simulation of a ball moving with no collision (scene 107),,60
/scratch/vcj9002/MagicPhysics/test_ball_hits_nothing_collect/108/env/camera/cam_0,A physics simulation of a ball moving with no collision (scene 108),,60
/scratch/vcj9002/MagicPhysics/test_ball_hits_nothing_collect/109/env/camera/cam_0,A physics simulation of a ball moving with no collision (scene 109),,60
/scratch/vcj9002/MagicPhysics/test_ball_hits_nothing_collect/11/env/camera/cam_0,A physics simulation of a ball moving with no collision (scene 11),,59
/scratch/vcj9002/MagicPhysics/test_ball_hits_nothing_collect/110/env/camera/cam_0,A physics simulation of a ball moving with no collision (scene 110),,60
/scratch/vcj9002/MagicPhysics/test_ball_hits_nothing_collect/111/env/camera/cam_0,A physics simulation of a ball moving with no collision (scene 111),,60
/scratch/vcj9002/MagicPhysics/test_ball_hits_nothing_collect/112/env/camera/cam_0,A physics simulation of a ball moving with no collision (scene 112),,60
/scratch/vcj9002/MagicPhysics/test_ball_hits_nothing_collect/113/env/camera/cam_0,A physics simulation of a ball moving with no collision (scene 113),,60
/scratch/vcj9002/MagicPhysics/test_ball_hits_nothing_collect/114/env/camera/cam_0,A physics simulation of a ball moving with no collision (scene 114),,60
/scratch/vcj9002/MagicPhysics/test_ball_hits_nothing_collect/115/env/camera/cam_0,A physics simulation of a ball moving with no collision (scene 115),,60
/scratch/vcj9002/MagicPhysics/test_ball_hits_nothing_collect/116/env/camera/cam_0,A physics simulation of a ball moving with no collision (scene 116),,60
/scratch/vcj9002/MagicPhysics/test_ball_hits_nothing_collect/117/env/camera/cam_0,A physics simulation of a ball moving with no collision (scene 117),,60
/scratch/vcj9002/MagicPhysics/test_ball_hits_nothing_collect/118/env/camera/cam_0,A physics simulation of a ball moving with no collision (scene 118),,60
/scratch/vcj9002/MagicPhysics/test_ball_hits_nothing_collect/119/env/camera/cam_0,A physics simulation of a ball moving with no collision (scene 119),,60
/scratch/vcj9002/MagicPhysics/test_ball_hits_nothing_collect/12/env/camera/cam_0,A physics simulation of a ball moving with no collision (scene 12),,59
/scratch/vcj9002/MagicPhysics/test_ball_hits_nothing_collect/120/env/camera/cam_0,A physics simulation of a ball moving with no collision (scene 120),,60
/scratch/vcj9002/MagicPhysics/test_ball_hits_nothing_collect/121/env/camera/cam_0,A physics simulation of a ball moving with no collision (scene 121),,60
/scratch/vcj9002/MagicPhysics/test_ball_hits_nothing_collect/122/env/camera/cam_0,A physics simulation of a ball moving with no collision (scene 122),,60
/scratch/vcj9002/MagicPhysics/test_ball_hits_nothing_collect/123/env/camera/cam_0,A physics simulation of a ball moving with no collision (scene 123),,60
/scratch/vcj9002/MagicPhysics/test_ball_hits_nothing_collect/124/env/camera/cam_0,A physics simulation of a ball moving with no collision (scene 124),,60
/scratch/vcj9002/MagicPhysics/test_ball_hits_nothing_collect/125/env/camera/cam_0,A physics simulation of a ball moving with no collision (scene 125),,60
/scratch/vcj9002/MagicPhysics/test_ball_hits_nothing_collect/126/env/camera/cam_0,A physics simulation of a ball moving with no collision (scene 126),,60
/scratch/vcj9002/MagicPhysics/test_ball_hits_nothing_collect/127/env/camera/cam_0,A physics simulation of a ball moving with no collision (scene 127),,60
/scratch/vcj9002/MagicPhysics/test_ball_hits_nothing_collect/128/env/camera/cam_0,A physics simulation of a ball moving with no collision (scene 128),,60
/scratch/vcj9002/MagicPhysics/test_ball_hits_nothing_collect/129/env/camera/cam_0,A physics simulation of a ball moving with no collision (scene 129),,60
/scratch/vcj9002/MagicPhysics/test_ball_hits_nothing_collect/13/env/camera/cam_0,A physics simulation of a ball moving with no collision (scene 13),,59
/scratch/vcj9002/MagicPhysics/test_ball_hits_nothing_collect/130/env/camera/cam_0,A physics simulation of a ball moving with no collision (scene 130),,60
/scratch/vcj9002/MagicPhysics/test_ball_hits_nothing_collect/131/env/camera/cam_0,A physics simulation of a ball moving with no collision (scene 131),,60
/scratch/vcj9002/MagicPhysics/test_ball_hits_nothing_collect/132/env/camera/cam_0,A physics simulation of a ball moving with no collision (scene 132),,60
/scratch/vcj9002/MagicPhysics/test_ball_hits_nothing_collect/133/env/camera/cam_0,A physics simulation of a ball moving with no collision (scene 133),,60
/scratch/vcj9002/MagicPhysics/test_ball_hits_nothing_collect/134/env/camera/cam_0,A physics simulation of a ball moving with no collision (scene 134),,60
/scratch/vcj9002/MagicPhysics/test_ball_hits_nothing_collect/135/env/camera/cam_0,A physics simulation of a ball moving with no collision (scene 135),,60
/scratch/vcj9002/MagicPhysics/test_ball_hits_nothing_collect/136/env/camera/cam_0,A physics simulation of a ball moving with no collision (scene 136),,60
/scratch/vcj9002/MagicPhysics/test_ball_hits_nothing_collect/137/env/camera/cam_0,A physics simulation of a ball moving with no collision (scene 137),,60
/scratch/vcj9002/MagicPhysics/test_ball_hits_nothing_collect/138/env/camera/cam_0,A physics simulation of a ball moving with no collision (scene 138),,60
/scratch/vcj9002/MagicPhysics/test_ball_hits_nothing_collect/139/env/camera/cam_0,A physics simulation of a ball moving with no collision (scene 139),,60
/scratch/vcj9002/MagicPhysics/test_ball_hits_nothing_collect/14/env/camera/cam_0,A physics simulation of a ball moving with no collision (scene 14),,60
/scratch/vcj9002/MagicPhysics/test_ball_hits_nothing_collect/140/env/camera/cam_0,A physics simulation of a ball moving with no collision (scene 140),,60
/scratch/vcj9002/MagicPhysics/test_ball_hits_nothing_collect/141/env/camera/cam_0,A physics simulation of a ball moving with no collision (scene 141),,60
/scratch/vcj9002/MagicPhysics/test_ball_hits_nothing_collect/142/env/camera/cam_0,A physics simulation of a ball moving with no collision (scene 142),,60
/scratch/vcj9002/MagicPhysics/test_ball_hits_nothing_collect/143/env/camera/cam_0,A physics simulation of a ball moving with no collision (scene 143),,60
/scratch/vcj9002/MagicPhysics/test_ball_hits_nothing_collect/144/env/camera/cam_0,A physics simulation of a ball moving with no collision (scene 144),,60
/scratch/vcj9002/MagicPhysics/test_ball_hits_nothing_collect/145/env/camera/cam_0,A physics simulation of a ball moving with no collision (scene 145),,60
/scratch/vcj9002/MagicPhysics/test_ball_hits_nothing_collect/146/env/camera/cam_0,A physics simulation of a ball moving with no collision (scene 146),,60
/scratch/vcj9002/MagicPhysics/test_ball_hits_nothing_collect/147/env/camera/cam_0,A physics simulation of a ball moving with no collision (scene 147),,60
/scratch/vcj9002/MagicPhysics/test_ball_hits_nothing_collect/148/env/camera/cam_0,A physics simulation of a ball moving with no collision (scene 148),,60
/scratch/vcj9002/MagicPhysics/test_ball_hits_nothing_collect/149/env/camera/cam_0,A physics simulation of a ball moving with no collision (scene 149),,60
/scratch/vcj9002/MagicPhysics/test_ball_hits_nothing_collect/15/env/camera/cam_0,A physics simulation of a ball moving with no collision (scene 15),,60
/scratch/vcj9002/MagicPhysics/test_ball_hits_nothing_collect/150/env/camera/cam_0,A physics simulation of a ball moving with no collision (scene 150),,60
/scratch/vcj9002/MagicPhysics/test_ball_hits_nothing_collect/151/env/camera/cam_0,A physics simulation of a ball moving with no collision (scene 151),,60
/scratch/vcj9002/MagicPhysics/test_ball_hits_nothing_collect/152/env/camera/cam_0,A physics simulation of a ball moving with no collision (scene 152),,60
/scratch/vcj9002/MagicPhysics/test_ball_hits_nothing_collect/153/env/camera/cam_0,A physics simulation of a ball moving with no collision (scene 153),,60
/scratch/vcj9002/MagicPhysics/test_ball_hits_nothing_collect/154/env/camera/cam_0,A physics simulation of a ball moving with no collision (scene 154),,60
/scratch/vcj9002/MagicPhysics/test_ball_hits_nothing_collect/155/env/camera/cam_0,A physics simulation of a ball moving with no collision (scene 155),,60
/scratch/vcj9002/MagicPhysics/test_ball_hits_nothing_collect/156/env/camera/cam_0,A physics simulation of a ball moving with no collision (scene 156),,60
/scratch/vcj9002/MagicPhysics/test_ball_hits_nothing_collect/157/env/camera/cam_0,A physics simulation of a ball moving with no collision (scene 157),,60
/scratch/vcj9002/MagicPhysics/test_ball_hits_nothing_collect/158/env/camera/cam_0,A physics simulation of a ball moving with no collision (scene 158),,60
/scratch/vcj9002/MagicPhysics/test_ball_hits_nothing_collect/159/env/camera/cam_0,A physics simulation of a ball moving with no collision (scene 159),,60
/scratch/vcj9002/MagicPhysics/test_ball_hits_nothing_collect/16/env/camera/cam_0,A physics simulation of a ball moving with no collision (scene 16),,60
/scratch/vcj9002/MagicPhysics/test_ball_hits_nothing_collect/160/env/camera/cam_0,A physics simulation of a ball moving with no collision (scene 160),,60
/scratch/vcj9002/MagicPhysics/test_ball_hits_nothing_collect/161/env/camera/cam_0,A physics simulation of a ball moving with no collision (scene 161),,60
/scratch/vcj9002/MagicPhysics/test_ball_hits_nothing_collect/162/env/camera/cam_0,A physics simulation of a ball moving with no collision (scene 162),,60
/scratch/vcj9002/MagicPhysics/test_ball_hits_nothing_collect/163/env/camera/cam_0,A physics simulation of a ball moving with no collision (scene 163),,60
/scratch/vcj9002/MagicPhysics/test_ball_hits_nothing_collect/164/env/camera/cam_0,A physics simulation of a ball moving with no collision (scene 164),,60
/scratch/vcj9002/MagicPhysics/test_ball_hits_nothing_collect/165/env/camera/cam_0,A physics simulation of a ball moving with no collision (scene 165),,60
/scratch/vcj9002/MagicPhysics/test_ball_hits_nothing_collect/166/env/camera/cam_0,A physics simulation of a ball moving with no collision (scene 166),,60
/scratch/vcj9002/MagicPhysics/test_ball_hits_nothing_collect/167/env/camera/cam_0,A physics simulation of a ball moving with no collision (scene 167),,60
/scratch/vcj9002/MagicPhysics/test_ball_hits_nothing_collect/168/env/camera/cam_0,A physics simulation of a ball moving with no collision (scene 168),,60
/scratch/vcj9002/MagicPhysics/test_ball_hits_nothing_collect/169/env/camera/cam_0,A physics simulation of a ball moving with no collision (scene 169),,60
/scratch/vcj9002/MagicPhysics/test_ball_hits_nothing_collect/17/env/camera/cam_0,A physics simulation of a ball moving with no collision (scene 17),,60
/scratch/vcj9002/MagicPhysics/test_ball_hits_nothing_collect/170/env/camera/cam_0,A physics simulation of a ball moving with no collision (scene 170),,60
/scratch/vcj9002/MagicPhysics/test_ball_hits_nothing_collect/171/env/camera/cam_0,A physics simulation of a ball moving with no collision (scene 171),,60
/scratch/vcj9002/MagicPhysics/test_ball_hits_nothing_collect/172/env/camera/cam_0,A physics simulation of a ball moving with no collision (scene 172),,60
/scratch/vcj9002/MagicPhysics/test_ball_hits_nothing_collect/173/env/camera/cam_0,A physics simulation of a ball moving with no collision (scene 173),,60
/scratch/vcj9002/MagicPhysics/test_ball_hits_nothing_collect/174/env/camera/cam_0,A physics simulation of a ball moving with no collision (scene 174),,60
/scratch/vcj9002/MagicPhysics/test_ball_hits_nothing_collect/175/env/camera/cam_0,A physics simulation of a ball moving with no collision (scene 175),,60
/scratch/vcj9002/MagicPhysics/test_ball_hits_nothing_collect/176/env/camera/cam_0,A physics simulation of a ball moving with no collision (scene 176),,60
/scratch/vcj9002/MagicPhysics/test_ball_hits_nothing_collect/177/env/camera/cam_0,A physics simulation of a ball moving with no collision (scene 177),,60
/scratch/vcj9002/MagicPhysics/test_ball_hits_nothing_collect/178/env/camera/cam_0,A physics simulation of a ball moving with no collision (scene 178),,60
/scratch/vcj9002/MagicPhysics/test_ball_hits_nothing_collect/179/env/camera/cam_0,A physics simulation of a ball moving with no collision (scene 179),,60
/scratch/vcj9002/MagicPhysics/test_ball_hits_nothing_collect/18/env/camera/cam_0,A physics simulation of a ball moving with no collision (scene 18),,60
/scratch/vcj9002/MagicPhysics/test_ball_hits_nothing_collect/180/env/camera/cam_0,A physics simulation of a ball moving with no collision (scene 180),,60
/scratch/vcj9002/MagicPhysics/test_ball_hits_nothing_collect/181/env/camera/cam_0,A physics simulation of a ball moving with no collision (scene 181),,60
/scratch/vcj9002/MagicPhysics/test_ball_hits_nothing_collect/182/env/camera/cam_0,A physics simulation of a ball moving with no collision (scene 182),,60
/scratch/vcj9002/MagicPhysics/test_ball_hits_nothing_collect/183/env/camera/cam_0,A physics simulation of a ball moving with no collision (scene 183),,60
/scratch/vcj9002/MagicPhysics/test_ball_hits_nothing_collect/184/env/camera/cam_0,A physics simulation of a ball moving with no collision (scene 184),,60
/scratch/vcj9002/MagicPhysics/test_ball_hits_nothing_collect/185/env/camera/cam_0,A physics simulation of a ball moving with no collision (scene 185),,60
/scratch/vcj9002/MagicPhysics/test_ball_hits_nothing_collect/186/env/camera/cam_0,A physics simulation of a ball moving with no collision (scene 186),,60
/scratch/vcj9002/MagicPhysics/test_ball_hits_nothing_collect/187/env/camera/cam_0,A physics simulation of a ball moving with no collision (scene 187),,60
/scratch/vcj9002/MagicPhysics/test_ball_hits_nothing_collect/188/env/camera/cam_0,A physics simulation of a ball moving with no collision (scene 188),,60
/scratch/vcj9002/MagicPhysics/test_ball_hits_nothing_collect/189/env/camera/cam_0,A physics simulation of a ball moving with no collision (scene 189),,60
/scratch/vcj9002/MagicPhysics/test_ball_hits_nothing_collect/19/env/camera/cam_0,A physics simulation of a ball moving with no collision (scene 19),,60
/scratch/vcj9002/MagicPhysics/test_ball_hits_nothing_collect/190/env/camera/cam_0,A physics simulation of a ball moving with no collision (scene 190),,60
/scratch/vcj9002/MagicPhysics/test_ball_hits_nothing_collect/191/env/camera/cam_0,A physics simulation of a ball moving with no collision (scene 191),,60
/scratch/vcj9002/MagicPhysics/test_ball_hits_nothing_collect/192/env/camera/cam_0,A physics simulation of a ball moving with no collision (scene 192),,60
/scratch/vcj9002/MagicPhysics/test_ball_hits_nothing_collect/193/env/camera/cam_0,A physics simulation of a ball moving with no collision (scene 193),,60
/scratch/vcj9002/MagicPhysics/test_ball_hits_nothing_collect/194/env/camera/cam_0,A physics simulation of a ball moving with no collision (scene 194),,60
/scratch/vcj9002/MagicPhysics/test_ball_hits_nothing_collect/195/env/camera/cam_0,A physics simulation of a ball moving with no collision (scene 195),,60
/scratch/vcj9002/MagicPhysics/test_ball_hits_nothing_collect/196/env/camera/cam_0,A physics simulation of a ball moving with no collision (scene 196),,60
/scratch/vcj9002/MagicPhysics/test_ball_hits_nothing_collect/197/env/camera/cam_0,A physics simulation of a ball moving with no collision (scene 197),,60
/scratch/vcj9002/MagicPhysics/test_ball_hits_nothing_collect/198/env/camera/cam_0,A physics simulation of a ball moving with no collision (scene 198),,60
/scratch/vcj9002/MagicPhysics/test_ball_hits_nothing_collect/199/env/camera/cam_0,A physics simulation of a ball moving with no collision (scene 199),,60
/scratch/vcj9002/MagicPhysics/test_ball_hits_nothing_collect/20/env/camera/cam_0,A physics simulation of a ball moving with no collision (scene 20),,60
/scratch/vcj9002/MagicPhysics/test_ball_hits_nothing_collect/200/env/camera/cam_0,A physics simulation of a ball moving with no collision (scene 200),,60
/scratch/vcj9002/MagicPhysics/test_ball_hits_nothing_collect/201/env/camera/cam_0,A physics simulation of a ball moving with no collision (scene 201),,60
/scratch/vcj9002/MagicPhysics/test_ball_hits_nothing_collect/202/env/camera/cam_0,A physics simulation of a ball moving with no collision (scene 202),,60
/scratch/vcj9002/MagicPhysics/test_ball_hits_nothing_collect/203/env/camera/cam_0,A physics simulation of a ball moving with no collision (scene 203),,60
/scratch/vcj9002/MagicPhysics/test_ball_hits_nothing_collect/204/env/camera/cam_0,A physics simulation of a ball moving with no collision (scene 204),,60
/scratch/vcj9002/MagicPhysics/test_ball_hits_nothing_collect/205/env/camera/cam_0,A physics simulation of a ball moving with no collision (scene 205),,60
/scratch/vcj9002/MagicPhysics/test_ball_hits_nothing_collect/206/env/camera/cam_0,A physics simulation of a ball moving with no collision (scene 206),,60
/scratch/vcj9002/MagicPhysics/test_ball_hits_nothing_collect/207/env/camera/cam_0,A physics simulation of a ball moving with no collision (scene 207),,60
/scratch/vcj9002/MagicPhysics/test_ball_hits_nothing_collect/208/env/camera/cam_0,A physics simulation of a ball moving with no collision (scene 208),,60
/scratch/vcj9002/MagicPhysics/test_ball_hits_nothing_collect/209/env/camera/cam_0,A physics simulation of a ball moving with no collision (scene 209),,60
/scratch/vcj9002/MagicPhysics/test_ball_hits_nothing_collect/21/env/camera/cam_0,A physics simulation of a ball moving with no collision (scene 21),,60
/scratch/vcj9002/MagicPhysics/test_ball_hits_nothing_collect/210/env/camera/cam_0,A physics simulation of a ball moving with no collision (scene 210),,60
/scratch/vcj9002/MagicPhysics/test_ball_hits_nothing_collect/211/env/camera/cam_0,A physics simulation of a ball moving with no collision (scene 211),,60
/scratch/vcj9002/MagicPhysics/test_ball_hits_nothing_collect/212/env/camera/cam_0,A physics simulation of a ball moving with no collision (scene 212),,60
/scratch/vcj9002/MagicPhysics/test_ball_hits_nothing_collect/213/env/camera/cam_0,A physics simulation of a ball moving with no collision (scene 213),,60
/scratch/vcj9002/MagicPhysics/test_ball_hits_nothing_collect/214/env/camera/cam_0,A physics simulation of a ball moving with no collision (scene 214),,60
/scratch/vcj9002/MagicPhysics/test_ball_hits_nothing_collect/215/env/camera/cam_0,A physics simulation of a ball moving with no collision (scene 215),,60
/scratch/vcj9002/MagicPhysics/test_ball_hits_nothing_collect/216/env/camera/cam_0,A physics simulation of a ball moving with no collision (scene 216),,60
/scratch/vcj9002/MagicPhysics/test_ball_hits_nothing_collect/217/env/camera/cam_0,A physics simulation of a ball moving with no collision (scene 217),,60
/scratch/vcj9002/MagicPhysics/test_ball_hits_nothing_collect/218/env/camera/cam_0,A physics simulation of a ball moving with no collision (scene 218),,60
/scratch/vcj9002/MagicPhysics/test_ball_hits_nothing_collect/219/env/camera/cam_0,A physics simulation of a ball moving with no collision (scene 219),,60
/scratch/vcj9002/MagicPhysics/test_ball_hits_nothing_collect/22/env/camera/cam_0,A physics simulation of a ball moving with no collision (scene 22),,60
/scratch/vcj9002/MagicPhysics/test_ball_hits_nothing_collect/220/env/camera/cam_0,A physics simulation of a ball moving with no collision (scene 220),,60
/scratch/vcj9002/MagicPhysics/test_ball_hits_nothing_collect/221/env/camera/cam_0,A physics simulation of a ball moving with no collision (scene 221),,60
/scratch/vcj9002/MagicPhysics/test_ball_hits_nothing_collect/222/env/camera/cam_0,A physics simulation of a ball moving with no collision (scene 222),,60
/scratch/vcj9002/MagicPhysics/test_ball_hits_nothing_collect/223/env/camera/cam_0,A physics simulation of a ball moving with no collision (scene 223),,60
/scratch/vcj9002/MagicPhysics/test_ball_hits_nothing_collect/224/env/camera/cam_0,A physics simulation of a ball moving with no collision (scene 224),,60
/scratch/vcj9002/MagicPhysics/test_ball_hits_nothing_collect/225/env/camera/cam_0,A physics simulation of a ball moving with no collision (scene 225),,60
/scratch/vcj9002/MagicPhysics/test_ball_hits_nothing_collect/226/env/camera/cam_0,A physics simulation of a ball moving with no collision (scene 226),,60
/scratch/vcj9002/MagicPhysics/test_ball_hits_nothing_collect/227/env/camera/cam_0,A physics simulation of a ball moving with no collision (scene 227),,60
/scratch/vcj9002/MagicPhysics/test_ball_hits_nothing_collect/228/env/camera/cam_0,A physics simulation of a ball moving with no collision (scene 228),,60
/scratch/vcj9002/MagicPhysics/test_ball_hits_nothing_collect/229/env/camera/cam_0,A physics simulation of a ball moving with no collision (scene 229),,60
/scratch/vcj9002/MagicPhysics/test_ball_hits_nothing_collect/23/env/camera/cam_0,A physics simulation of a ball moving with no collision (scene 23),,60
/scratch/vcj9002/MagicPhysics/test_ball_hits_nothing_collect/230/env/camera/cam_0,A physics simulation of a ball moving with no collision (scene 230),,60
/scratch/vcj9002/MagicPhysics/test_ball_hits_nothing_collect/231/env/camera/cam_0,A physics simulation of a ball moving with no collision (scene 231),,60
/scratch/vcj9002/MagicPhysics/test_ball_hits_nothing_collect/232/env/camera/cam_0,A physics simulation of a ball moving with no collision (scene 232),,60
/scratch/vcj9002/MagicPhysics/test_ball_hits_nothing_collect/233/env/camera/cam_0,A physics simulation of a ball moving with no collision (scene 233),,60
/scratch/vcj9002/MagicPhysics/test_ball_hits_nothing_collect/234/env/camera/cam_0,A physics simulation of a ball moving with no collision (scene 234),,60
/scratch/vcj9002/MagicPhysics/test_ball_hits_nothing_collect/235/env/camera/cam_0,A physics simulation of a ball moving with no collision (scene 235),,60
/scratch/vcj9002/MagicPhysics/test_ball_hits_nothing_collect/236/env/camera/cam_0,A physics simulation of a ball moving with no collision (scene 236),,60
/scratch/vcj9002/MagicPhysics/test_ball_hits_nothing_collect/237/env/camera/cam_0,A physics simulation of a ball moving with no collision (scene 237),,60
/scratch/vcj9002/MagicPhysics/test_ball_hits_nothing_collect/238/env/camera/cam_0,A physics simulation of a ball moving with no collision (scene 238),,60
/scratch/vcj9002/MagicPhysics/test_ball_hits_nothing_collect/239/env/camera/cam_0,A physics simulation of a ball moving with no collision (scene 239),,60
/scratch/vcj9002/MagicPhysics/test_ball_hits_nothing_collect/24/env/camera/cam_0,A physics simulation of a ball moving with no collision (scene 24),,60
/scratch/vcj9002/MagicPhysics/test_ball_hits_nothing_collect/240/env/camera/cam_0,A physics simulation of a ball moving with no collision (scene 240),,60
/scratch/vcj9002/MagicPhysics/test_ball_hits_nothing_collect/241/env/camera/cam_0,A physics simulation of a ball moving with no collision (scene 241),,60
/scratch/vcj9002/MagicPhysics/test_ball_hits_nothing_collect/242/env/camera/cam_0,A physics simulation of a ball moving with no collision (scene 242),,60
/scratch/vcj9002/MagicPhysics/test_ball_hits_nothing_collect/243/env/camera/cam_0,A physics simulation of a ball moving with no collision (scene 243),,60
/scratch/vcj9002/MagicPhysics/test_ball_hits_nothing_collect/244/env/camera/cam_0,A physics simulation of a ball moving with no collision (scene 244),,60
/scratch/vcj9002/MagicPhysics/test_ball_hits_nothing_collect/245/env/camera/cam_0,A physics simulation of a ball moving with no collision (scene 245),,60
/scratch/vcj9002/MagicPhysics/test_ball_hits_nothing_collect/246/env/camera/cam_0,A physics simulation of a ball moving with no collision (scene 246),,60
/scratch/vcj9002/MagicPhysics/test_ball_hits_nothing_collect/247/env/camera/cam_0,A physics simulation of a ball moving with no collision (scene 247),,60
/scratch/vcj9002/MagicPhysics/test_ball_hits_nothing_collect/248/env/camera/cam_0,A physics simulation of a ball moving with no collision (scene 248),,60
/scratch/vcj9002/MagicPhysics/test_ball_hits_nothing_collect/249/env/camera/cam_0,A physics simulation of a ball moving with no collision (scene 249),,60
/scratch/vcj9002/MagicPhysics/test_ball_hits_nothing_collect/25/env/camera/cam_0,A physics simulation of a ball moving with no collision (scene 25),,60
/scratch/vcj9002/MagicPhysics/test_ball_hits_nothing_collect/250/env/camera/cam_0,A physics simulation of a ball moving with no collision (scene 250),,60
/scratch/vcj9002/MagicPhysics/test_ball_hits_nothing_collect/251/env/camera/cam_0,A physics simulation of a ball moving with no collision (scene 251),,60
/scratch/vcj9002/MagicPhysics/test_ball_hits_nothing_collect/252/env/camera/cam_0,A physics simulation of a ball moving with no collision (scene 252),,60
/scratch/vcj9002/MagicPhysics/test_ball_hits_nothing_collect/253/env/camera/cam_0,A physics simulation of a ball moving with no collision (scene 253),,60
/scratch/vcj9002/MagicPhysics/test_ball_hits_nothing_collect/254/env/camera/cam_0,A physics simulation of a ball moving with no collision (scene 254),,60
/scratch/vcj9002/MagicPhysics/test_ball_hits_nothing_collect/255/env/camera/cam_0,A physics simulation of a ball moving with no collision (scene 255),,60
/scratch/vcj9002/MagicPhysics/test_ball_hits_nothing_collect/256/env/camera/cam_0,A physics simulation of a ball moving with no collision (scene 256),,60
/scratch/vcj9002/MagicPhysics/test_ball_hits_nothing_collect/257/env/camera/cam_0,A physics simulation of a ball moving with no collision (scene 257),,60
/scratch/vcj9002/MagicPhysics/test_ball_hits_nothing_collect/258/env/camera/cam_0,A physics simulation of a ball moving with no collision (scene 258),,60
/scratch/vcj9002/MagicPhysics/test_ball_hits_nothing_collect/259/env/camera/cam_0,A physics simulation of a ball moving with no collision (scene 259),,60
/scratch/vcj9002/MagicPhysics/test_ball_hits_nothing_collect/26/env/camera/cam_0,A physics simulation of a ball moving with no collision (scene 26),,60
/scratch/vcj9002/MagicPhysics/test_ball_hits_nothing_collect/260/env/camera/cam_0,A physics simulation of a ball moving with no collision (scene 260),,60
/scratch/vcj9002/MagicPhysics/test_ball_hits_nothing_collect/261/env/camera/cam_0,A physics simulation of a ball moving with no collision (scene 261),,60
/scratch/vcj9002/MagicPhysics/test_ball_hits_nothing_collect/262/env/camera/cam_0,A physics simulation of a ball moving with no collision (scene 262),,60
/scratch/vcj9002/MagicPhysics/test_ball_hits_nothing_collect/263/env/camera/cam_0,A physics simulation of a ball moving with no collision (scene 263),,60
/scratch/vcj9002/MagicPhysics/test_ball_hits_nothing_collect/264/env/camera/cam_0,A physics simulation of a ball moving with no collision (scene 264),,60
/scratch/vcj9002/MagicPhysics/test_ball_hits_nothing_collect/265/env/camera/cam_0,A physics simulation of a ball moving with no collision (scene 265),,60
/scratch/vcj9002/MagicPhysics/test_ball_hits_nothing_collect/266/env/camera/cam_0,A physics simulation of a ball moving with no collision (scene 266),,60
/scratch/vcj9002/MagicPhysics/test_ball_hits_nothing_collect/267/env/camera/cam_0,A physics simulation of a ball moving with no collision (scene 267),,60
/scratch/vcj9002/MagicPhysics/test_ball_hits_nothing_collect/268/env/camera/cam_0,A physics simulation of a ball moving with no collision (scene 268),,60
/scratch/vcj9002/MagicPhysics/test_ball_hits_nothing_collect/269/env/camera/cam_0,A physics simulation of a ball moving with no collision (scene 269),,60
/scratch/vcj9002/MagicPhysics/test_ball_hits_nothing_collect/27/env/camera/cam_0,A physics simulation of a ball moving with no collision (scene 27),,60
/scratch/vcj9002/MagicPhysics/test_ball_hits_nothing_collect/270/env/camera/cam_0,A physics simulation of a ball moving with no collision (scene 270),,60
/scratch/vcj9002/MagicPhysics/test_ball_hits_nothing_collect/271/env/camera/cam_0,A physics simulation of a ball moving with no collision (scene 271),,60
/scratch/vcj9002/MagicPhysics/test_ball_hits_nothing_collect/272/env/camera/cam_0,A physics simulation of a ball moving with no collision (scene 272),,60
/scratch/vcj9002/MagicPhysics/test_ball_hits_nothing_collect/273/env/camera/cam_0,A physics simulation of a ball moving with no collision (scene 273),,60
/scratch/vcj9002/MagicPhysics/test_ball_hits_nothing_collect/274/env/camera/cam_0,A physics simulation of a ball moving with no collision (scene 274),,60
/scratch/vcj9002/MagicPhysics/test_ball_hits_nothing_collect/275/env/camera/cam_0,A physics simulation of a ball moving with no collision (scene 275),,60
/scratch/vcj9002/MagicPhysics/test_ball_hits_nothing_collect/276/env/camera/cam_0,A physics simulation of a ball moving with no collision (scene 276),,60
/scratch/vcj9002/MagicPhysics/test_ball_hits_nothing_collect/277/env/camera/cam_0,A physics simulation of a ball moving with no collision (scene 277),,60
/scratch/vcj9002/MagicPhysics/test_ball_hits_nothing_collect/278/env/camera/cam_0,A physics simulation of a ball moving with no collision (scene 278),,60
/scratch/vcj9002/MagicPhysics/test_ball_hits_nothing_collect/279/env/camera/cam_0,A physics simulation of a ball moving with no collision (scene 279),,60
/scratch/vcj9002/MagicPhysics/test_ball_hits_nothing_collect/28/env/camera/cam_0,A physics simulation of a ball moving with no collision (scene 28),,60
/scratch/vcj9002/MagicPhysics/test_ball_hits_nothing_collect/280/env/camera/cam_0,A physics simulation of a ball moving with no collision (scene 280),,60
/scratch/vcj9002/MagicPhysics/test_ball_hits_nothing_collect/281/env/camera/cam_0,A physics simulation of a ball moving with no collision (scene 281),,60
/scratch/vcj9002/MagicPhysics/test_ball_hits_nothing_collect/282/env/camera/cam_0,A physics simulation of a ball moving with no collision (scene 282),,60
/scratch/vcj9002/MagicPhysics/test_ball_hits_nothing_collect/283/env/camera/cam_0,A physics simulation of a ball moving with no collision (scene 283),,60
/scratch/vcj9002/MagicPhysics/test_ball_hits_nothing_collect/284/env/camera/cam_0,A physics simulation of a ball moving with no collision (scene 284),,60
/scratch/vcj9002/MagicPhysics/test_ball_hits_nothing_collect/285/env/camera/cam_0,A physics simulation of a ball moving with no collision (scene 285),,60
/scratch/vcj9002/MagicPhysics/test_ball_hits_nothing_collect/286/env/camera/cam_0,A physics simulation of a ball moving with no collision (scene 286),,60
/scratch/vcj9002/MagicPhysics/test_ball_hits_nothing_collect/287/env/camera/cam_0,A physics simulation of a ball moving with no collision (scene 287),,60
/scratch/vcj9002/MagicPhysics/test_ball_hits_nothing_collect/288/env/camera/cam_0,A physics simulation of a ball moving with no collision (scene 288),,60
/scratch/vcj9002/MagicPhysics/test_ball_hits_nothing_collect/289/env/camera/cam_0,A physics simulation of a ball moving with no collision (scene 289),,60
/scratch/vcj9002/MagicPhysics/test_ball_hits_nothing_collect/29/env/camera/cam_0,A physics simulation of a ball moving with no collision (scene 29),,60
/scratch/vcj9002/MagicPhysics/test_ball_hits_nothing_collect/290/env/camera/cam_0,A physics simulation of a ball moving with no collision (scene 290),,60
/scratch/vcj9002/MagicPhysics/test_ball_hits_nothing_collect/291/env/camera/cam_0,A physics simulation of a ball moving with no collision (scene 291),,60
/scratch/vcj9002/MagicPhysics/test_ball_hits_nothing_collect/292/env/camera/cam_0,A physics simulation of a ball moving with no collision (scene 292),,60
/scratch/vcj9002/MagicPhysics/test_ball_hits_nothing_collect/293/env/camera/cam_0,A physics simulation of a ball moving with no collision (scene 293),,60
/scratch/vcj9002/MagicPhysics/test_ball_hits_nothing_collect/294/env/camera/cam_0,A physics simulation of a ball moving with no collision (scene 294),,60
/scratch/vcj9002/MagicPhysics/test_ball_hits_nothing_collect/295/env/camera/cam_0,A physics simulation of a ball moving with no collision (scene 295),,60
/scratch/vcj9002/MagicPhysics/test_ball_hits_nothing_collect/296/env/camera/cam_0,A physics simulation of a ball moving with no collision (scene 296),,60
/scratch/vcj9002/MagicPhysics/test_ball_hits_nothing_collect/297/env/camera/cam_0,A physics simulation of a ball moving with no collision (scene 297),,60
/scratch/vcj9002/MagicPhysics/test_ball_hits_nothing_collect/298/env/camera/cam_0,A physics simulation of a ball moving with no collision (scene 298),,60
/scratch/vcj9002/MagicPhysics/test_ball_hits_nothing_collect/299/env/camera/cam_0,A physics simulation of a ball moving with no collision (scene 299),,60
/scratch/vcj9002/MagicPhysics/test_ball_hits_nothing_collect/30/env/camera/cam_0,A physics simulation of a ball moving with no collision (scene 30),,60
/scratch/vcj9002/MagicPhysics/test_ball_hits_nothing_collect/300/env/camera/cam_0,A physics simulation of a ball moving with no collision (scene 300),,60
/scratch/vcj9002/MagicPhysics/test_ball_hits_nothing_collect/301/env/camera/cam_0,A physics simulation of a ball moving with no collision (scene 301),,60
/scratch/vcj9002/MagicPhysics/test_ball_hits_nothing_collect/302/env/camera/cam_0,A physics simulation of a ball moving with no collision (scene 302),,60
/scratch/vcj9002/MagicPhysics/test_ball_hits_nothing_collect/303/env/camera/cam_0,A physics simulation of a ball moving with no collision (scene 303),,60
/scratch/vcj9002/MagicPhysics/test_ball_hits_nothing_collect/304/env/camera/cam_0,A physics simulation of a ball moving with no collision (scene 304),,60
/scratch/vcj9002/MagicPhysics/test_ball_hits_nothing_collect/305/env/camera/cam_0,A physics simulation of a ball moving with no collision (scene 305),,60
/scratch/vcj9002/MagicPhysics/test_ball_hits_nothing_collect/306/env/camera/cam_0,A physics simulation of a ball moving with no collision (scene 306),,60
/scratch/vcj9002/MagicPhysics/test_ball_hits_nothing_collect/307/env/camera/cam_0,A physics simulation of a ball moving with no collision (scene 307),,60
/scratch/vcj9002/MagicPhysics/test_ball_hits_nothing_collect/308/env/camera/cam_0,A physics simulation of a ball moving with no collision (scene 308),,60
/scratch/vcj9002/MagicPhysics/test_ball_hits_nothing_collect/309/env/camera/cam_0,A physics simulation of a ball moving with no collision (scene 309),,60
/scratch/vcj9002/MagicPhysics/test_ball_hits_nothing_collect/31/env/camera/cam_0,A physics simulation of a ball moving with no collision (scene 31),,60
/scratch/vcj9002/MagicPhysics/test_ball_hits_nothing_collect/310/env/camera/cam_0,A physics simulation of a ball moving with no collision (scene 310),,60
/scratch/vcj9002/MagicPhysics/test_ball_hits_nothing_collect/311/env/camera/cam_0,A physics simulation of a ball moving with no collision (scene 311),,60
/scratch/vcj9002/MagicPhysics/test_ball_hits_nothing_collect/312/env/camera/cam_0,A physics simulation of a ball moving with no collision (scene 312),,60
/scratch/vcj9002/MagicPhysics/test_ball_hits_nothing_collect/313/env/camera/cam_0,A physics simulation of a ball moving with no collision (scene 313),,60
/scratch/vcj9002/MagicPhysics/test_ball_hits_nothing_collect/314/env/camera/cam_0,A physics simulation of a ball moving with no collision (scene 314),,60
/scratch/vcj9002/MagicPhysics/test_ball_hits_nothing_collect/315/env/camera/cam_0,A physics simulation of a ball moving with no collision (scene 315),,60
/scratch/vcj9002/MagicPhysics/test_ball_hits_nothing_collect/316/env/camera/cam_0,A physics simulation of a ball moving with no collision (scene 316),,60
/scratch/vcj9002/MagicPhysics/test_ball_hits_nothing_collect/317/env/camera/cam_0,A physics simulation of a ball moving with no collision (scene 317),,60
/scratch/vcj9002/MagicPhysics/test_ball_hits_nothing_collect/318/env/camera/cam_0,A physics simulation of a ball moving with no collision (scene 318),,60
/scratch/vcj9002/MagicPhysics/test_ball_hits_nothing_collect/319/env/camera/cam_0,A physics simulation of a ball moving with no collision (scene 319),,60
/scratch/vcj9002/MagicPhysics/test_ball_hits_nothing_collect/32/env/camera/cam_0,A physics simulation of a ball moving with no collision (scene 32),,60
/scratch/vcj9002/MagicPhysics/test_ball_hits_nothing_collect/320/env/camera/cam_0,A physics simulation of a ball moving with no collision (scene 320),,60
/scratch/vcj9002/MagicPhysics/test_ball_hits_nothing_collect/321/env/camera/cam_0,A physics simulation of a ball moving with no collision (scene 321),,60
/scratch/vcj9002/MagicPhysics/test_ball_hits_nothing_collect/322/env/camera/cam_0,A physics simulation of a ball moving with no collision (scene 322),,60
/scratch/vcj9002/MagicPhysics/test_ball_hits_nothing_collect/323/env/camera/cam_0,A physics simulation of a ball moving with no collision (scene 323),,60
/scratch/vcj9002/MagicPhysics/test_ball_hits_nothing_collect/324/env/camera/cam_0,A physics simulation of a ball moving with no collision (scene 324),,60
/scratch/vcj9002/MagicPhysics/test_ball_hits_nothing_collect/325/env/camera/cam_0,A physics simulation of a ball moving with no collision (scene 325),,60
/scratch/vcj9002/MagicPhysics/test_ball_hits_nothing_collect/326/env/camera/cam_0,A physics simulation of a ball moving with no collision (scene 326),,60
/scratch/vcj9002/MagicPhysics/test_ball_hits_nothing_collect/327/env/camera/cam_0,A physics simulation of a ball moving with no collision (scene 327),,60
/scratch/vcj9002/MagicPhysics/test_ball_hits_nothing_collect/328/env/camera/cam_0,A physics simulation of a ball moving with no collision (scene 328),,60
/scratch/vcj9002/MagicPhysics/test_ball_hits_nothing_collect/329/env/camera/cam_0,A physics simulation of a ball moving with no collision (scene 329),,60
/scratch/vcj9002/MagicPhysics/test_ball_hits_nothing_collect/33/env/camera/cam_0,A physics simulation of a ball moving with no collision (scene 33),,60
/scratch/vcj9002/MagicPhysics/test_ball_hits_nothing_collect/330/env/camera/cam_0,A physics simulation of a ball moving with no collision (scene 330),,60
/scratch/vcj9002/MagicPhysics/test_ball_hits_nothing_collect/331/env/camera/cam_0,A physics simulation of a ball moving with no collision (scene 331),,60
/scratch/vcj9002/MagicPhysics/test_ball_hits_nothing_collect/332/env/camera/cam_0,A physics simulation of a ball moving with no collision (scene 332),,60
/scratch/vcj9002/MagicPhysics/test_ball_hits_nothing_collect/333/env/camera/cam_0,A physics simulation of a ball moving with no collision (scene 333),,60
/scratch/vcj9002/MagicPhysics/test_ball_hits_nothing_collect/334/env/camera/cam_0,A physics simulation of a ball moving with no collision (scene 334),,60
/scratch/vcj9002/MagicPhysics/test_ball_hits_nothing_collect/335/env/camera/cam_0,A physics simulation of a ball moving with no collision (scene 335),,60
/scratch/vcj9002/MagicPhysics/test_ball_hits_nothing_collect/336/env/camera/cam_0,A physics simulation of a ball moving with no collision (scene 336),,60
/scratch/vcj9002/MagicPhysics/test_ball_hits_nothing_collect/337/env/camera/cam_0,A physics simulation of a ball moving with no collision (scene 337),,60
/scratch/vcj9002/MagicPhysics/test_ball_hits_nothing_collect/338/env/camera/cam_0,A physics simulation of a ball moving with no collision (scene 338),,60
/scratch/vcj9002/MagicPhysics/test_ball_hits_nothing_collect/339/env/camera/cam_0,A physics simulation of a ball moving with no collision (scene 339),,60
/scratch/vcj9002/MagicPhysics/test_ball_hits_nothing_collect/34/env/camera/cam_0,A physics simulation of a ball moving with no collision (scene 34),,60
/scratch/vcj9002/MagicPhysics/test_ball_hits_nothing_collect/340/env/camera/cam_0,A physics simulation of a ball moving with no collision (scene 340),,60
/scratch/vcj9002/MagicPhysics/test_ball_hits_nothing_collect/341/env/camera/cam_0,A physics simulation of a ball moving with no collision (scene 341),,60
/scratch/vcj9002/MagicPhysics/test_ball_hits_nothing_collect/342/env/camera/cam_0,A physics simulation of a ball moving with no collision (scene 342),,60
/scratch/vcj9002/MagicPhysics/test_ball_hits_nothing_collect/343/env/camera/cam_0,A physics simulation of a ball moving with no collision (scene 343),,60
/scratch/vcj9002/MagicPhysics/test_ball_hits_nothing_collect/344/env/camera/cam_0,A physics simulation of a ball moving with no collision (scene 344),,60
/scratch/vcj9002/MagicPhysics/test_ball_hits_nothing_collect/345/env/camera/cam_0,A physics simulation of a ball moving with no collision (scene 345),,60
/scratch/vcj9002/MagicPhysics/test_ball_hits_nothing_collect/346/env/camera/cam_0,A physics simulation of a ball moving with no collision (scene 346),,60
/scratch/vcj9002/MagicPhysics/test_ball_hits_nothing_collect/347/env/camera/cam_0,A physics simulation of a ball moving with no collision (scene 347),,60
/scratch/vcj9002/MagicPhysics/test_ball_hits_nothing_collect/348/env/camera/cam_0,A physics simulation of a ball moving with no collision (scene 348),,60
/scratch/vcj9002/MagicPhysics/test_ball_hits_nothing_collect/349/env/camera/cam_0,A physics simulation of a ball moving with no collision (scene 349),,60
/scratch/vcj9002/MagicPhysics/test_ball_hits_nothing_collect/35/env/camera/cam_0,A physics simulation of a ball moving with no collision (scene 35),,60
/scratch/vcj9002/MagicPhysics/test_ball_hits_nothing_collect/350/env/camera/cam_0,A physics simulation of a ball moving with no collision (scene 350),,60
/scratch/vcj9002/MagicPhysics/test_ball_hits_nothing_collect/351/env/camera/cam_0,A physics simulation of a ball moving with no collision (scene 351),,60
/scratch/vcj9002/MagicPhysics/test_ball_hits_nothing_collect/352/env/camera/cam_0,A physics simulation of a ball moving with no collision (scene 352),,60
/scratch/vcj9002/MagicPhysics/test_ball_hits_nothing_collect/353/env/camera/cam_0,A physics simulation of a ball moving with no collision (scene 353),,60
/scratch/vcj9002/MagicPhysics/test_ball_hits_nothing_collect/354/env/camera/cam_0,A physics simulation of a ball moving with no collision (scene 354),,60
/scratch/vcj9002/MagicPhysics/test_ball_hits_nothing_collect/355/env/camera/cam_0,A physics simulation of a ball moving with no collision (scene 355),,60
/scratch/vcj9002/MagicPhysics/test_ball_hits_nothing_collect/356/env/camera/cam_0,A physics simulation of a ball moving with no collision (scene 356),,60
/scratch/vcj9002/MagicPhysics/test_ball_hits_nothing_collect/357/env/camera/cam_0,A physics simulation of a ball moving with no collision (scene 357),,60
/scratch/vcj9002/MagicPhysics/test_ball_hits_nothing_collect/358/env/camera/cam_0,A physics simulation of a ball moving with no collision (scene 358),,60
/scratch/vcj9002/MagicPhysics/test_ball_hits_nothing_collect/359/env/camera/cam_0,A physics simulation of a ball moving with no collision (scene 359),,60
/scratch/vcj9002/MagicPhysics/test_ball_hits_nothing_collect/36/env/camera/cam_0,A physics simulation of a ball moving with no collision (scene 36),,60
/scratch/vcj9002/MagicPhysics/test_ball_hits_nothing_collect/360/env/camera/cam_0,A physics simulation of a ball moving with no collision (scene 360),,60
/scratch/vcj9002/MagicPhysics/test_ball_hits_nothing_collect/361/env/camera/cam_0,A physics simulation of a ball moving with no collision (scene 361),,60
/scratch/vcj9002/MagicPhysics/test_ball_hits_nothing_collect/362/env/camera/cam_0,A physics simulation of a ball moving with no collision (scene 362),,60
/scratch/vcj9002/MagicPhysics/test_ball_hits_nothing_collect/363/env/camera/cam_0,A physics simulation of a ball moving with no collision (scene 363),,60
/scratch/vcj9002/MagicPhysics/test_ball_hits_nothing_collect/364/env/camera/cam_0,A physics simulation of a ball moving with no collision (scene 364),,60
/scratch/vcj9002/MagicPhysics/test_ball_hits_nothing_collect/365/env/camera/cam_0,A physics simulation of a ball moving with no collision (scene 365),,60
/scratch/vcj9002/MagicPhysics/test_ball_hits_nothing_collect/366/env/camera/cam_0,A physics simulation of a ball moving with no collision (scene 366),,60
/scratch/vcj9002/MagicPhysics/test_ball_hits_nothing_collect/367/env/camera/cam_0,A physics simulation of a ball moving with no collision (scene 367),,60
/scratch/vcj9002/MagicPhysics/test_ball_hits_nothing_collect/368/env/camera/cam_0,A physics simulation of a ball moving with no collision (scene 368),,60
/scratch/vcj9002/MagicPhysics/test_ball_hits_nothing_collect/369/env/camera/cam_0,A physics simulation of a ball moving with no collision (scene 369),,60
/scratch/vcj9002/MagicPhysics/test_ball_hits_nothing_collect/37/env/camera/cam_0,A physics simulation of a ball moving with no collision (scene 37),,60
/scratch/vcj9002/MagicPhysics/test_ball_hits_nothing_collect/370/env/camera/cam_0,A physics simulation of a ball moving with no collision (scene 370),,60
/scratch/vcj9002/MagicPhysics/test_ball_hits_nothing_collect/371/env/camera/cam_0,A physics simulation of a ball moving with no collision (scene 371),,60
/scratch/vcj9002/MagicPhysics/test_ball_hits_nothing_collect/372/env/camera/cam_0,A physics simulation of a ball moving with no collision (scene 372),,60
/scratch/vcj9002/MagicPhysics/test_ball_hits_nothing_collect/373/env/camera/cam_0,A physics simulation of a ball moving with no collision (scene 373),,60
/scratch/vcj9002/MagicPhysics/test_ball_hits_nothing_collect/374/env/camera/cam_0,A physics simulation of a ball moving with no collision (scene 374),,60
/scratch/vcj9002/MagicPhysics/test_ball_hits_nothing_collect/375/env/camera/cam_0,A physics simulation of a ball moving with no collision (scene 375),,60
/scratch/vcj9002/MagicPhysics/test_ball_hits_nothing_collect/376/env/camera/cam_0,A physics simulation of a ball moving with no collision (scene 376),,60
/scratch/vcj9002/MagicPhysics/test_ball_hits_nothing_collect/377/env/camera/cam_0,A physics simulation of a ball moving with no collision (scene 377),,60
/scratch/vcj9002/MagicPhysics/test_ball_hits_nothing_collect/378/env/camera/cam_0,A physics simulation of a ball moving with no collision (scene 378),,60
/scratch/vcj9002/MagicPhysics/test_ball_hits_nothing_collect/379/env/camera/cam_0,A physics simulation of a ball moving with no collision (scene 379),,60
/scratch/vcj9002/MagicPhysics/test_ball_hits_nothing_collect/38/env/camera/cam_0,A physics simulation of a ball moving with no collision (scene 38),,60
/scratch/vcj9002/MagicPhysics/test_ball_hits_nothing_collect/380/env/camera/cam_0,A physics simulation of a ball moving with no collision (scene 380),,60
/scratch/vcj9002/MagicPhysics/test_ball_hits_nothing_collect/381/env/camera/cam_0,A physics simulation of a ball moving with no collision (scene 381),,60
/scratch/vcj9002/MagicPhysics/test_ball_hits_nothing_collect/382/env/camera/cam_0,A physics simulation of a ball moving with no collision (scene 382),,60
/scratch/vcj9002/MagicPhysics/test_ball_hits_nothing_collect/383/env/camera/cam_0,A physics simulation of a ball moving with no collision (scene 383),,60
/scratch/vcj9002/MagicPhysics/test_ball_hits_nothing_collect/384/env/camera/cam_0,A physics simulation of a ball moving with no collision (scene 384),,60
/scratch/vcj9002/MagicPhysics/test_ball_hits_nothing_collect/385/env/camera/cam_0,A physics simulation of a ball moving with no collision (scene 385),,60
/scratch/vcj9002/MagicPhysics/test_ball_hits_nothing_collect/386/env/camera/cam_0,A physics simulation of a ball moving with no collision (scene 386),,60
/scratch/vcj9002/MagicPhysics/test_ball_hits_nothing_collect/387/env/camera/cam_0,A physics simulation of a ball moving with no collision (scene 387),,60
/scratch/vcj9002/MagicPhysics/test_ball_hits_nothing_collect/388/env/camera/cam_0,A physics simulation of a ball moving with no collision (scene 388),,60
/scratch/vcj9002/MagicPhysics/test_ball_hits_nothing_collect/389/env/camera/cam_0,A physics simulation of a ball moving with no collision (scene 389),,60
/scratch/vcj9002/MagicPhysics/test_ball_hits_nothing_collect/39/env/camera/cam_0,A physics simulation of a ball moving with no collision (scene 39),,60
/scratch/vcj9002/MagicPhysics/test_ball_hits_nothing_collect/390/env/camera/cam_0,A physics simulation of a ball moving with no collision (scene 390),,60
/scratch/vcj9002/MagicPhysics/test_ball_hits_nothing_collect/391/env/camera/cam_0,A physics simulation of a ball moving with no collision (scene 391),,60
/scratch/vcj9002/MagicPhysics/test_ball_hits_nothing_collect/392/env/camera/cam_0,A physics simulation of a ball moving with no collision (scene 392),,60
/scratch/vcj9002/MagicPhysics/test_ball_hits_nothing_collect/393/env/camera/cam_0,A physics simulation of a ball moving with no collision (scene 393),,60
/scratch/vcj9002/MagicPhysics/test_ball_hits_nothing_collect/394/env/camera/cam_0,A physics simulation of a ball moving with no collision (scene 394),,60
/scratch/vcj9002/MagicPhysics/test_ball_hits_nothing_collect/395/env/camera/cam_0,A physics simulation of a ball moving with no collision (scene 395),,60
/scratch/vcj9002/MagicPhysics/test_ball_hits_nothing_collect/396/env/camera/cam_0,A physics simulation of a ball moving with no collision (scene 396),,60
/scratch/vcj9002/MagicPhysics/test_ball_hits_nothing_collect/397/env/camera/cam_0,A physics simulation of a ball moving with no collision (scene 397),,60
/scratch/vcj9002/MagicPhysics/test_ball_hits_nothing_collect/398/env/camera/cam_0,A physics simulation of a ball moving with no collision (scene 398),,60
/scratch/vcj9002/MagicPhysics/test_ball_hits_nothing_collect/399/env/camera/cam_0,A physics simulation of a ball moving with no collision (scene 399),,60
/scratch/vcj9002/MagicPhysics/test_ball_hits_nothing_collect/4/env/camera/cam_0,A physics simulation of a ball moving with no collision (scene 4),,59
/scratch/vcj9002/MagicPhysics/test_ball_hits_nothing_collect/40/env/camera/cam_0,A physics simulation of a ball moving with no collision (scene 40),,60
/scratch/vcj9002/MagicPhysics/test_ball_hits_nothing_collect/400/env/camera/cam_0,A physics simulation of a ball moving with no collision (scene 400),,60
/scratch/vcj9002/MagicPhysics/test_ball_hits_nothing_collect/401/env/camera/cam_0,A physics simulation of a ball moving with no collision (scene 401),,60
/scratch/vcj9002/MagicPhysics/test_ball_hits_nothing_collect/402/env/camera/cam_0,A physics simulation of a ball moving with no collision (scene 402),,60
/scratch/vcj9002/MagicPhysics/test_ball_hits_nothing_collect/403/env/camera/cam_0,A physics simulation of a ball moving with no collision (scene 403),,60
/scratch/vcj9002/MagicPhysics/test_ball_hits_nothing_collect/404/env/camera/cam_0,A physics simulation of a ball moving with no collision (scene 404),,60
/scratch/vcj9002/MagicPhysics/test_ball_hits_nothing_collect/405/env/camera/cam_0,A physics simulation of a ball moving with no collision (scene 405),,60
/scratch/vcj9002/MagicPhysics/test_ball_hits_nothing_collect/406/env/camera/cam_0,A physics simulation of a ball moving with no collision (scene 406),,60
/scratch/vcj9002/MagicPhysics/test_ball_hits_nothing_collect/407/env/camera/cam_0,A physics simulation of a ball moving with no collision (scene 407),,60
/scratch/vcj9002/MagicPhysics/test_ball_hits_nothing_collect/408/env/camera/cam_0,A physics simulation of a ball moving with no collision (scene 408),,60
/scratch/vcj9002/MagicPhysics/test_ball_hits_nothing_collect/409/env/camera/cam_0,A physics simulation of a ball moving with no collision (scene 409),,60
/scratch/vcj9002/MagicPhysics/test_ball_hits_nothing_collect/41/env/camera/cam_0,A physics simulation of a ball moving with no collision (scene 41),,60
/scratch/vcj9002/MagicPhysics/test_ball_hits_nothing_collect/410/env/camera/cam_0,A physics simulation of a ball moving with no collision (scene 410),,60
/scratch/vcj9002/MagicPhysics/test_ball_hits_nothing_collect/411/env/camera/cam_0,A physics simulation of a ball moving with no collision (scene 411),,60
/scratch/vcj9002/MagicPhysics/test_ball_hits_nothing_collect/412/env/camera/cam_0,A physics simulation of a ball moving with no collision (scene 412),,60
/scratch/vcj9002/MagicPhysics/test_ball_hits_nothing_collect/413/env/camera/cam_0,A physics simulation of a ball moving with no collision (scene 413),,60
/scratch/vcj9002/MagicPhysics/test_ball_hits_nothing_collect/414/env/camera/cam_0,A physics simulation of a ball moving with no collision (scene 414),,60
/scratch/vcj9002/MagicPhysics/test_ball_hits_nothing_collect/415/env/camera/cam_0,A physics simulation of a ball moving with no collision (scene 415),,60
/scratch/vcj9002/MagicPhysics/test_ball_hits_nothing_collect/416/env/camera/cam_0,A physics simulation of a ball moving with no collision (scene 416),,60
/scratch/vcj9002/MagicPhysics/test_ball_hits_nothing_collect/417/env/camera/cam_0,A physics simulation of a ball moving with no collision (scene 417),,60
/scratch/vcj9002/MagicPhysics/test_ball_hits_nothing_collect/418/env/camera/cam_0,A physics simulation of a ball moving with no collision (scene 418),,60
/scratch/vcj9002/MagicPhysics/test_ball_hits_nothing_collect/419/env/camera/cam_0,A physics simulation of a ball moving with no collision (scene 419),,60
/scratch/vcj9002/MagicPhysics/test_ball_hits_nothing_collect/42/env/camera/cam_0,A physics simulation of a ball moving with no collision (scene 42),,60
/scratch/vcj9002/MagicPhysics/test_ball_hits_nothing_collect/420/env/camera/cam_0,A physics simulation of a ball moving with no collision (scene 420),,60
/scratch/vcj9002/MagicPhysics/test_ball_hits_nothing_collect/421/env/camera/cam_0,A physics simulation of a ball moving with no collision (scene 421),,60
/scratch/vcj9002/MagicPhysics/test_ball_hits_nothing_collect/422/env/camera/cam_0,A physics simulation of a ball moving with no collision (scene 422),,60
/scratch/vcj9002/MagicPhysics/test_ball_hits_nothing_collect/423/env/camera/cam_0,A physics simulation of a ball moving with no collision (scene 423),,60
/scratch/vcj9002/MagicPhysics/test_ball_hits_nothing_collect/424/env/camera/cam_0,A physics simulation of a ball moving with no collision (scene 424),,60
/scratch/vcj9002/MagicPhysics/test_ball_hits_nothing_collect/425/env/camera/cam_0,A physics simulation of a ball moving with no collision (scene 425),,60
/scratch/vcj9002/MagicPhysics/test_ball_hits_nothing_collect/426/env/camera/cam_0,A physics simulation of a ball moving with no collision (scene 426),,60
/scratch/vcj9002/MagicPhysics/test_ball_hits_nothing_collect/427/env/camera/cam_0,A physics simulation of a ball moving with no collision (scene 427),,60
/scratch/vcj9002/MagicPhysics/test_ball_hits_nothing_collect/428/env/camera/cam_0,A physics simulation of a ball moving with no collision (scene 428),,60
/scratch/vcj9002/MagicPhysics/test_ball_hits_nothing_collect/429/env/camera/cam_0,A physics simulation of a ball moving with no collision (scene 429),,60
/scratch/vcj9002/MagicPhysics/test_ball_hits_nothing_collect/43/env/camera/cam_0,A physics simulation of a ball moving with no collision (scene 43),,60
/scratch/vcj9002/MagicPhysics/test_ball_hits_nothing_collect/430/env/camera/cam_0,A physics simulation of a ball moving with no collision (scene 430),,60
/scratch/vcj9002/MagicPhysics/test_ball_hits_nothing_collect/431/env/camera/cam_0,A physics simulation of a ball moving with no collision (scene 431),,60
/scratch/vcj9002/MagicPhysics/test_ball_hits_nothing_collect/432/env/camera/cam_0,A physics simulation of a ball moving with no collision (scene 432),,60
/scratch/vcj9002/MagicPhysics/test_ball_hits_nothing_collect/433/env/camera/cam_0,A physics simulation of a ball moving with no collision (scene 433),,60
/scratch/vcj9002/MagicPhysics/test_ball_hits_nothing_collect/434/env/camera/cam_0,A physics simulation of a ball moving with no collision (scene 434),,60
/scratch/vcj9002/MagicPhysics/test_ball_hits_nothing_collect/435/env/camera/cam_0,A physics simulation of a ball moving with no collision (scene 435),,60
/scratch/vcj9002/MagicPhysics/test_ball_hits_nothing_collect/436/env/camera/cam_0,A physics simulation of a ball moving with no collision (scene 436),,60
/scratch/vcj9002/MagicPhysics/test_ball_hits_nothing_collect/437/env/camera/cam_0,A physics simulation of a ball moving with no collision (scene 437),,60
/scratch/vcj9002/MagicPhysics/test_ball_hits_nothing_collect/438/env/camera/cam_0,A physics simulation of a ball moving with no collision (scene 438),,60
/scratch/vcj9002/MagicPhysics/test_ball_hits_nothing_collect/439/env/camera/cam_0,A physics simulation of a ball moving with no collision (scene 439),,60
/scratch/vcj9002/MagicPhysics/test_ball_hits_nothing_collect/44/env/camera/cam_0,A physics simulation of a ball moving with no collision (scene 44),,60
/scratch/vcj9002/MagicPhysics/test_ball_hits_nothing_collect/440/env/camera/cam_0,A physics simulation of a ball moving with no collision (scene 440),,60
/scratch/vcj9002/MagicPhysics/test_ball_hits_nothing_collect/441/env/camera/cam_0,A physics simulation of a ball moving with no collision (scene 441),,60
/scratch/vcj9002/MagicPhysics/test_ball_hits_nothing_collect/442/env/camera/cam_0,A physics simulation of a ball moving with no collision (scene 442),,60
/scratch/vcj9002/MagicPhysics/test_ball_hits_nothing_collect/443/env/camera/cam_0,A physics simulation of a ball moving with no collision (scene 443),,60
/scratch/vcj9002/MagicPhysics/test_ball_hits_nothing_collect/444/env/camera/cam_0,A physics simulation of a ball moving with no collision (scene 444),,60
/scratch/vcj9002/MagicPhysics/test_ball_hits_nothing_collect/445/env/camera/cam_0,A physics simulation of a ball moving with no collision (scene 445),,60
/scratch/vcj9002/MagicPhysics/test_ball_hits_nothing_collect/446/env/camera/cam_0,A physics simulation of a ball moving with no collision (scene 446),,60
/scratch/vcj9002/MagicPhysics/test_ball_hits_nothing_collect/447/env/camera/cam_0,A physics simulation of a ball moving with no collision (scene 447),,60
/scratch/vcj9002/MagicPhysics/test_ball_hits_nothing_collect/448/env/camera/cam_0,A physics simulation of a ball moving with no collision (scene 448),,60
/scratch/vcj9002/MagicPhysics/test_ball_hits_nothing_collect/449/env/camera/cam_0,A physics simulation of a ball moving with no collision (scene 449),,60
/scratch/vcj9002/MagicPhysics/test_ball_hits_nothing_collect/45/env/camera/cam_0,A physics simulation of a ball moving with no collision (scene 45),,60
/scratch/vcj9002/MagicPhysics/test_ball_hits_nothing_collect/450/env/camera/cam_0,A physics simulation of a ball moving with no collision (scene 450),,60
/scratch/vcj9002/MagicPhysics/test_ball_hits_nothing_collect/451/env/camera/cam_0,A physics simulation of a ball moving with no collision (scene 451),,60
/scratch/vcj9002/MagicPhysics/test_ball_hits_nothing_collect/452/env/camera/cam_0,A physics simulation of a ball moving with no collision (scene 452),,60
/scratch/vcj9002/MagicPhysics/test_ball_hits_nothing_collect/453/env/camera/cam_0,A physics simulation of a ball moving with no collision (scene 453),,60
/scratch/vcj9002/MagicPhysics/test_ball_hits_nothing_collect/454/env/camera/cam_0,A physics simulation of a ball moving with no collision (scene 454),,60
/scratch/vcj9002/MagicPhysics/test_ball_hits_nothing_collect/455/env/camera/cam_0,A physics simulation of a ball moving with no collision (scene 455),,60
/scratch/vcj9002/MagicPhysics/test_ball_hits_nothing_collect/456/env/camera/cam_0,A physics simulation of a ball moving with no collision (scene 456),,60
/scratch/vcj9002/MagicPhysics/test_ball_hits_nothing_collect/457/env/camera/cam_0,A physics simulation of a ball moving with no collision (scene 457),,60
/scratch/vcj9002/MagicPhysics/test_ball_hits_nothing_collect/458/env/camera/cam_0,A physics simulation of a ball moving with no collision (scene 458),,60
/scratch/vcj9002/MagicPhysics/test_ball_hits_nothing_collect/459/env/camera/cam_0,A physics simulation of a ball moving with no collision (scene 459),,60
/scratch/vcj9002/MagicPhysics/test_ball_hits_nothing_collect/46/env/camera/cam_0,A physics simulation of a ball moving with no collision (scene 46),,60
/scratch/vcj9002/MagicPhysics/test_ball_hits_nothing_collect/460/env/camera/cam_0,A physics simulation of a ball moving with no collision (scene 460),,60
/scratch/vcj9002/MagicPhysics/test_ball_hits_nothing_collect/461/env/camera/cam_0,A physics simulation of a ball moving with no collision (scene 461),,60
/scratch/vcj9002/MagicPhysics/test_ball_hits_nothing_collect/462/env/camera/cam_0,A physics simulation of a ball moving with no collision (scene 462),,60
/scratch/vcj9002/MagicPhysics/test_ball_hits_nothing_collect/463/env/camera/cam_0,A physics simulation of a ball moving with no collision (scene 463),,60
/scratch/vcj9002/MagicPhysics/test_ball_hits_nothing_collect/464/env/camera/cam_0,A physics simulation of a ball moving with no collision (scene 464),,60
/scratch/vcj9002/MagicPhysics/test_ball_hits_nothing_collect/465/env/camera/cam_0,A physics simulation of a ball moving with no collision (scene 465),,60
/scratch/vcj9002/MagicPhysics/test_ball_hits_nothing_collect/466/env/camera/cam_0,A physics simulation of a ball moving with no collision (scene 466),,60
/scratch/vcj9002/MagicPhysics/test_ball_hits_nothing_collect/467/env/camera/cam_0,A physics simulation of a ball moving with no collision (scene 467),,60
/scratch/vcj9002/MagicPhysics/test_ball_hits_nothing_collect/468/env/camera/cam_0,A physics simulation of a ball moving with no collision (scene 468),,60
/scratch/vcj9002/MagicPhysics/test_ball_hits_nothing_collect/469/env/camera/cam_0,A physics simulation of a ball moving with no collision (scene 469),,60
/scratch/vcj9002/MagicPhysics/test_ball_hits_nothing_collect/47/env/camera/cam_0,A physics simulation of a ball moving with no collision (scene 47),,60
/scratch/vcj9002/MagicPhysics/test_ball_hits_nothing_collect/470/env/camera/cam_0,A physics simulation of a ball moving with no collision (scene 470),,60
/scratch/vcj9002/MagicPhysics/test_ball_hits_nothing_collect/471/env/camera/cam_0,A physics simulation of a ball moving with no collision (scene 471),,60
/scratch/vcj9002/MagicPhysics/test_ball_hits_nothing_collect/472/env/camera/cam_0,A physics simulation of a ball moving with no collision (scene 472),,60
/scratch/vcj9002/MagicPhysics/test_ball_hits_nothing_collect/473/env/camera/cam_0,A physics simulation of a ball moving with no collision (scene 473),,60
/scratch/vcj9002/MagicPhysics/test_ball_hits_nothing_collect/474/env/camera/cam_0,A physics simulation of a ball moving with no collision (scene 474),,60
/scratch/vcj9002/MagicPhysics/test_ball_hits_nothing_collect/475/env/camera/cam_0,A physics simulation of a ball moving with no collision (scene 475),,60
/scratch/vcj9002/MagicPhysics/test_ball_hits_nothing_collect/476/env/camera/cam_0,A physics simulation of a ball moving with no collision (scene 476),,60
/scratch/vcj9002/MagicPhysics/test_ball_hits_nothing_collect/477/env/camera/cam_0,A physics simulation of a ball moving with no collision (scene 477),,60
/scratch/vcj9002/MagicPhysics/test_ball_hits_nothing_collect/478/env/camera/cam_0,A physics simulation of a ball moving with no collision (scene 478),,60
/scratch/vcj9002/MagicPhysics/test_ball_hits_nothing_collect/479/env/camera/cam_0,A physics simulation of a ball moving with no collision (scene 479),,60
/scratch/vcj9002/MagicPhysics/test_ball_hits_nothing_collect/48/env/camera/cam_0,A physics simulation of a ball moving with no collision (scene 48),,60
/scratch/vcj9002/MagicPhysics/test_ball_hits_nothing_collect/480/env/camera/cam_0,A physics simulation of a ball moving with no collision (scene 480),,60
/scratch/vcj9002/MagicPhysics/test_ball_hits_nothing_collect/481/env/camera/cam_0,A physics simulation of a ball moving with no collision (scene 481),,60
/scratch/vcj9002/MagicPhysics/test_ball_hits_nothing_collect/482/env/camera/cam_0,A physics simulation of a ball moving with no collision (scene 482),,60
/scratch/vcj9002/MagicPhysics/test_ball_hits_nothing_collect/483/env/camera/cam_0,A physics simulation of a ball moving with no collision (scene 483),,60
/scratch/vcj9002/MagicPhysics/test_ball_hits_nothing_collect/484/env/camera/cam_0,A physics simulation of a ball moving with no collision (scene 484),,60
/scratch/vcj9002/MagicPhysics/test_ball_hits_nothing_collect/485/env/camera/cam_0,A physics simulation of a ball moving with no collision (scene 485),,60
/scratch/vcj9002/MagicPhysics/test_ball_hits_nothing_collect/486/env/camera/cam_0,A physics simulation of a ball moving with no collision (scene 486),,60
/scratch/vcj9002/MagicPhysics/test_ball_hits_nothing_collect/487/env/camera/cam_0,A physics simulation of a ball moving with no collision (scene 487),,60
/scratch/vcj9002/MagicPhysics/test_ball_hits_nothing_collect/488/env/camera/cam_0,A physics simulation of a ball moving with no collision (scene 488),,60
/scratch/vcj9002/MagicPhysics/test_ball_hits_nothing_collect/489/env/camera/cam_0,A physics simulation of a ball moving with no collision (scene 489),,60
/scratch/vcj9002/MagicPhysics/test_ball_hits_nothing_collect/49/env/camera/cam_0,A physics simulation of a ball moving with no collision (scene 49),,60
/scratch/vcj9002/MagicPhysics/test_ball_hits_nothing_collect/490/env/camera/cam_0,A physics simulation of a ball moving with no collision (scene 490),,60
/scratch/vcj9002/MagicPhysics/test_ball_hits_nothing_collect/491/env/camera/cam_0,A physics simulation of a ball moving with no collision (scene 491),,60
/scratch/vcj9002/MagicPhysics/test_ball_hits_nothing_collect/492/env/camera/cam_0,A physics simulation of a ball moving with no collision (scene 492),,60
/scratch/vcj9002/MagicPhysics/test_ball_hits_nothing_collect/493/env/camera/cam_0,A physics simulation of a ball moving with no collision (scene 493),,60
/scratch/vcj9002/MagicPhysics/test_ball_hits_nothing_collect/494/env/camera/cam_0,A physics simulation of a ball moving with no collision (scene 494),,60
/scratch/vcj9002/MagicPhysics/test_ball_hits_nothing_collect/495/env/camera/cam_0,A physics simulation of a ball moving with no collision (scene 495),,60
/scratch/vcj9002/MagicPhysics/test_ball_hits_nothing_collect/496/env/camera/cam_0,A physics simulation of a ball moving with no collision (scene 496),,60
/scratch/vcj9002/MagicPhysics/test_ball_hits_nothing_collect/497/env/camera/cam_0,A physics simulation of a ball moving with no collision (scene 497),,60
/scratch/vcj9002/MagicPhysics/test_ball_hits_nothing_collect/498/env/camera/cam_0,A physics simulation of a ball moving with no collision (scene 498),,60
/scratch/vcj9002/MagicPhysics/test_ball_hits_nothing_collect/499/env/camera/cam_0,A physics simulation of a ball moving with no collision (scene 499),,60
/scratch/vcj9002/MagicPhysics/test_ball_hits_nothing_collect/5/env/camera/cam_0,A physics simulation of a ball moving with no collision (scene 5),,59
/scratch/vcj9002/MagicPhysics/test_ball_hits_nothing_collect/50/env/camera/cam_0,A physics simulation of a ball moving with no collision (scene 50),,60
/scratch/vcj9002/MagicPhysics/test_ball_hits_nothing_collect/500/env/camera/cam_0,A physics simulation of a ball moving with no collision (scene 500),,60
/scratch/vcj9002/MagicPhysics/test_ball_hits_nothing_collect/501/env/camera/cam_0,A physics simulation of a ball moving with no collision (scene 501),,60
/scratch/vcj9002/MagicPhysics/test_ball_hits_nothing_collect/502/env/camera/cam_0,A physics simulation of a ball moving with no collision (scene 502),,60
/scratch/vcj9002/MagicPhysics/test_ball_hits_nothing_collect/503/env/camera/cam_0,A physics simulation of a ball moving with no collision (scene 503),,60
/scratch/vcj9002/MagicPhysics/test_ball_hits_nothing_collect/504/env/camera/cam_0,A physics simulation of a ball moving with no collision (scene 504),,60
/scratch/vcj9002/MagicPhysics/test_ball_hits_nothing_collect/505/env/camera/cam_0,A physics simulation of a ball moving with no collision (scene 505),,60
/scratch/vcj9002/MagicPhysics/test_ball_hits_nothing_collect/506/env/camera/cam_0,A physics simulation of a ball moving with no collision (scene 506),,60
/scratch/vcj9002/MagicPhysics/test_ball_hits_nothing_collect/507/env/camera/cam_0,A physics simulation of a ball moving with no collision (scene 507),,60
/scratch/vcj9002/MagicPhysics/test_ball_hits_nothing_collect/508/env/camera/cam_0,A physics simulation of a ball moving with no collision (scene 508),,60
/scratch/vcj9002/MagicPhysics/test_ball_hits_nothing_collect/509/env/camera/cam_0,A physics simulation of a ball moving with no collision (scene 509),,60
/scratch/vcj9002/MagicPhysics/test_ball_hits_nothing_collect/51/env/camera/cam_0,A physics simulation of a ball moving with no collision (scene 51),,60
/scratch/vcj9002/MagicPhysics/test_ball_hits_nothing_collect/510/env/camera/cam_0,A physics simulation of a ball moving with no collision (scene 510),,60
/scratch/vcj9002/MagicPhysics/test_ball_hits_nothing_collect/511/env/camera/cam_0,A physics simulation of a ball moving with no collision (scene 511),,60
/scratch/vcj9002/MagicPhysics/test_ball_hits_nothing_collect/512/env/camera/cam_0,A physics simulation of a ball moving with no collision (scene 512),,60
/scratch/vcj9002/MagicPhysics/test_ball_hits_nothing_collect/513/env/camera/cam_0,A physics simulation of a ball moving with no collision (scene 513),,60
/scratch/vcj9002/MagicPhysics/test_ball_hits_nothing_collect/514/env/camera/cam_0,A physics simulation of a ball moving with no collision (scene 514),,60
/scratch/vcj9002/MagicPhysics/test_ball_hits_nothing_collect/515/env/camera/cam_0,A physics simulation of a ball moving with no collision (scene 515),,60
/scratch/vcj9002/MagicPhysics/test_ball_hits_nothing_collect/516/env/camera/cam_0,A physics simulation of a ball moving with no collision (scene 516),,60
/scratch/vcj9002/MagicPhysics/test_ball_hits_nothing_collect/517/env/camera/cam_0,A physics simulation of a ball moving with no collision (scene 517),,60
/scratch/vcj9002/MagicPhysics/test_ball_hits_nothing_collect/518/env/camera/cam_0,A physics simulation of a ball moving with no collision (scene 518),,60
/scratch/vcj9002/MagicPhysics/test_ball_hits_nothing_collect/519/env/camera/cam_0,A physics simulation of a ball moving with no collision (scene 519),,60
/scratch/vcj9002/MagicPhysics/test_ball_hits_nothing_collect/52/env/camera/cam_0,A physics simulation of a ball moving with no collision (scene 52),,60
/scratch/vcj9002/MagicPhysics/test_ball_hits_nothing_collect/520/env/camera/cam_0,A physics simulation of a ball moving with no collision (scene 520),,60
/scratch/vcj9002/MagicPhysics/test_ball_hits_nothing_collect/521/env/camera/cam_0,A physics simulation of a ball moving with no collision (scene 521),,60
/scratch/vcj9002/MagicPhysics/test_ball_hits_nothing_collect/522/env/camera/cam_0,A physics simulation of a ball moving with no collision (scene 522),,60
/scratch/vcj9002/MagicPhysics/test_ball_hits_nothing_collect/523/env/camera/cam_0,A physics simulation of a ball moving with no collision (scene 523),,60
/scratch/vcj9002/MagicPhysics/test_ball_hits_nothing_collect/524/env/camera/cam_0,A physics simulation of a ball moving with no collision (scene 524),,60
/scratch/vcj9002/MagicPhysics/test_ball_hits_nothing_collect/525/env/camera/cam_0,A physics simulation of a ball moving with no collision (scene 525),,60
/scratch/vcj9002/MagicPhysics/test_ball_hits_nothing_collect/526/env/camera/cam_0,A physics simulation of a ball moving with no collision (scene 526),,60
/scratch/vcj9002/MagicPhysics/test_ball_hits_nothing_collect/527/env/camera/cam_0,A physics simulation of a ball moving with no collision (scene 527),,60
/scratch/vcj9002/MagicPhysics/test_ball_hits_nothing_collect/528/env/camera/cam_0,A physics simulation of a ball moving with no collision (scene 528),,60
/scratch/vcj9002/MagicPhysics/test_ball_hits_nothing_collect/529/env/camera/cam_0,A physics simulation of a ball moving with no collision (scene 529),,60
/scratch/vcj9002/MagicPhysics/test_ball_hits_nothing_collect/53/env/camera/cam_0,A physics simulation of a ball moving with no collision (scene 53),,60
/scratch/vcj9002/MagicPhysics/test_ball_hits_nothing_collect/530/env/camera/cam_0,A physics simulation of a ball moving with no collision (scene 530),,60
/scratch/vcj9002/MagicPhysics/test_ball_hits_nothing_collect/531/env/camera/cam_0,A physics simulation of a ball moving with no collision (scene 531),,60
/scratch/vcj9002/MagicPhysics/test_ball_hits_nothing_collect/532/env/camera/cam_0,A physics simulation of a ball moving with no collision (scene 532),,60
/scratch/vcj9002/MagicPhysics/test_ball_hits_nothing_collect/533/env/camera/cam_0,A physics simulation of a ball moving with no collision (scene 533),,60
/scratch/vcj9002/MagicPhysics/test_ball_hits_nothing_collect/534/env/camera/cam_0,A physics simulation of a ball moving with no collision (scene 534),,60
/scratch/vcj9002/MagicPhysics/test_ball_hits_nothing_collect/535/env/camera/cam_0,A physics simulation of a ball moving with no collision (scene 535),,60
/scratch/vcj9002/MagicPhysics/test_ball_hits_nothing_collect/536/env/camera/cam_0,A physics simulation of a ball moving with no collision (scene 536),,60
/scratch/vcj9002/MagicPhysics/test_ball_hits_nothing_collect/537/env/camera/cam_0,A physics simulation of a ball moving with no collision (scene 537),,60
/scratch/vcj9002/MagicPhysics/test_ball_hits_nothing_collect/538/env/camera/cam_0,A physics simulation of a ball moving with no collision (scene 538),,60
/scratch/vcj9002/MagicPhysics/test_ball_hits_nothing_collect/539/env/camera/cam_0,A physics simulation of a ball moving with no collision (scene 539),,60
/scratch/vcj9002/MagicPhysics/test_ball_hits_nothing_collect/54/env/camera/cam_0,A physics simulation of a ball moving with no collision (scene 54),,60
/scratch/vcj9002/MagicPhysics/test_ball_hits_nothing_collect/540/env/camera/cam_0,A physics simulation of a ball moving with no collision (scene 540),,60
/scratch/vcj9002/MagicPhysics/test_ball_hits_nothing_collect/541/env/camera/cam_0,A physics simulation of a ball moving with no collision (scene 541),,60
/scratch/vcj9002/MagicPhysics/test_ball_hits_nothing_collect/542/env/camera/cam_0,A physics simulation of a ball moving with no collision (scene 542),,60
/scratch/vcj9002/MagicPhysics/test_ball_hits_nothing_collect/543/env/camera/cam_0,A physics simulation of a ball moving with no collision (scene 543),,60
/scratch/vcj9002/MagicPhysics/test_ball_hits_nothing_collect/544/env/camera/cam_0,A physics simulation of a ball moving with no collision (scene 544),,60
/scratch/vcj9002/MagicPhysics/test_ball_hits_nothing_collect/545/env/camera/cam_0,A physics simulation of a ball moving with no collision (scene 545),,60
/scratch/vcj9002/MagicPhysics/test_ball_hits_nothing_collect/546/env/camera/cam_0,A physics simulation of a ball moving with no collision (scene 546),,60
/scratch/vcj9002/MagicPhysics/test_ball_hits_nothing_collect/547/env/camera/cam_0,A physics simulation of a ball moving with no collision (scene 547),,60
/scratch/vcj9002/MagicPhysics/test_ball_hits_nothing_collect/548/env/camera/cam_0,A physics simulation of a ball moving with no collision (scene 548),,60
/scratch/vcj9002/MagicPhysics/test_ball_hits_nothing_collect/549/env/camera/cam_0,A physics simulation of a ball moving with no collision (scene 549),,60
/scratch/vcj9002/MagicPhysics/test_ball_hits_nothing_collect/55/env/camera/cam_0,A physics simulation of a ball moving with no collision (scene 55),,60
/scratch/vcj9002/MagicPhysics/test_ball_hits_nothing_collect/550/env/camera/cam_0,A physics simulation of a ball moving with no collision (scene 550),,60
/scratch/vcj9002/MagicPhysics/test_ball_hits_nothing_collect/551/env/camera/cam_0,A physics simulation of a ball moving with no collision (scene 551),,60
/scratch/vcj9002/MagicPhysics/test_ball_hits_nothing_collect/552/env/camera/cam_0,A physics simulation of a ball moving with no collision (scene 552),,60
/scratch/vcj9002/MagicPhysics/test_ball_hits_nothing_collect/553/env/camera/cam_0,A physics simulation of a ball moving with no collision (scene 553),,60
/scratch/vcj9002/MagicPhysics/test_ball_hits_nothing_collect/554/env/camera/cam_0,A physics simulation of a ball moving with no collision (scene 554),,60
/scratch/vcj9002/MagicPhysics/test_ball_hits_nothing_collect/555/env/camera/cam_0,A physics simulation of a ball moving with no collision (scene 555),,60
/scratch/vcj9002/MagicPhysics/test_ball_hits_nothing_collect/556/env/camera/cam_0,A physics simulation of a ball moving with no collision (scene 556),,60
/scratch/vcj9002/MagicPhysics/test_ball_hits_nothing_collect/557/env/camera/cam_0,A physics simulation of a ball moving with no collision (scene 557),,60
/scratch/vcj9002/MagicPhysics/test_ball_hits_nothing_collect/558/env/camera/cam_0,A physics simulation of a ball moving with no collision (scene 558),,60
/scratch/vcj9002/MagicPhysics/test_ball_hits_nothing_collect/559/env/camera/cam_0,A physics simulation of a ball moving with no collision (scene 559),,60
/scratch/vcj9002/MagicPhysics/test_ball_hits_nothing_collect/56/env/camera/cam_0,A physics simulation of a ball moving with no collision (scene 56),,60
/scratch/vcj9002/MagicPhysics/test_ball_hits_nothing_collect/560/env/camera/cam_0,A physics simulation of a ball moving with no collision (scene 560),,60
/scratch/vcj9002/MagicPhysics/test_ball_hits_nothing_collect/561/env/camera/cam_0,A physics simulation of a ball moving with no collision (scene 561),,60
/scratch/vcj9002/MagicPhysics/test_ball_hits_nothing_collect/562/env/camera/cam_0,A physics simulation of a ball moving with no collision (scene 562),,60
/scratch/vcj9002/MagicPhysics/test_ball_hits_nothing_collect/563/env/camera/cam_0,A physics simulation of a ball moving with no collision (scene 563),,60
/scratch/vcj9002/MagicPhysics/test_ball_hits_nothing_collect/564/env/camera/cam_0,A physics simulation of a ball moving with no collision (scene 564),,60
/scratch/vcj9002/MagicPhysics/test_ball_hits_nothing_collect/565/env/camera/cam_0,A physics simulation of a ball moving with no collision (scene 565),,60
/scratch/vcj9002/MagicPhysics/test_ball_hits_nothing_collect/566/env/camera/cam_0,A physics simulation of a ball moving with no collision (scene 566),,60
/scratch/vcj9002/MagicPhysics/test_ball_hits_nothing_collect/567/env/camera/cam_0,A physics simulation of a ball moving with no collision (scene 567),,60
/scratch/vcj9002/MagicPhysics/test_ball_hits_nothing_collect/568/env/camera/cam_0,A physics simulation of a ball moving with no collision (scene 568),,60
/scratch/vcj9002/MagicPhysics/test_ball_hits_nothing_collect/569/env/camera/cam_0,A physics simulation of a ball moving with no collision (scene 569),,60
/scratch/vcj9002/MagicPhysics/test_ball_hits_nothing_collect/57/env/camera/cam_0,A physics simulation of a ball moving with no collision (scene 57),,60
/scratch/vcj9002/MagicPhysics/test_ball_hits_nothing_collect/570/env/camera/cam_0,A physics simulation of a ball moving with no collision (scene 570),,60
/scratch/vcj9002/MagicPhysics/test_ball_hits_nothing_collect/571/env/camera/cam_0,A physics simulation of a ball moving with no collision (scene 571),,60
/scratch/vcj9002/MagicPhysics/test_ball_hits_nothing_collect/572/env/camera/cam_0,A physics simulation of a ball moving with no collision (scene 572),,60
/scratch/vcj9002/MagicPhysics/test_ball_hits_nothing_collect/573/env/camera/cam_0,A physics simulation of a ball moving with no collision (scene 573),,60
/scratch/vcj9002/MagicPhysics/test_ball_hits_nothing_collect/574/env/camera/cam_0,A physics simulation of a ball moving with no collision (scene 574),,60
/scratch/vcj9002/MagicPhysics/test_ball_hits_nothing_collect/575/env/camera/cam_0,A physics simulation of a ball moving with no collision (scene 575),,60
/scratch/vcj9002/MagicPhysics/test_ball_hits_nothing_collect/576/env/camera/cam_0,A physics simulation of a ball moving with no collision (scene 576),,60
/scratch/vcj9002/MagicPhysics/test_ball_hits_nothing_collect/577/env/camera/cam_0,A physics simulation of a ball moving with no collision (scene 577),,60
/scratch/vcj9002/MagicPhysics/test_ball_hits_nothing_collect/578/env/camera/cam_0,A physics simulation of a ball moving with no collision (scene 578),,60
/scratch/vcj9002/MagicPhysics/test_ball_hits_nothing_collect/579/env/camera/cam_0,A physics simulation of a ball moving with no collision (scene 579),,60
/scratch/vcj9002/MagicPhysics/test_ball_hits_nothing_collect/58/env/camera/cam_0,A physics simulation of a ball moving with no collision (scene 58),,60
/scratch/vcj9002/MagicPhysics/test_ball_hits_nothing_collect/580/env/camera/cam_0,A physics simulation of a ball moving with no collision (scene 580),,60
/scratch/vcj9002/MagicPhysics/test_ball_hits_nothing_collect/581/env/camera/cam_0,A physics simulation of a ball moving with no collision (scene 581),,60
/scratch/vcj9002/MagicPhysics/test_ball_hits_nothing_collect/582/env/camera/cam_0,A physics simulation of a ball moving with no collision (scene 582),,60
/scratch/vcj9002/MagicPhysics/test_ball_hits_nothing_collect/583/env/camera/cam_0,A physics simulation of a ball moving with no collision (scene 583),,60
/scratch/vcj9002/MagicPhysics/test_ball_hits_nothing_collect/584/env/camera/cam_0,A physics simulation of a ball moving with no collision (scene 584),,60
/scratch/vcj9002/MagicPhysics/test_ball_hits_nothing_collect/585/env/camera/cam_0,A physics simulation of a ball moving with no collision (scene 585),,60
/scratch/vcj9002/MagicPhysics/test_ball_hits_nothing_collect/586/env/camera/cam_0,A physics simulation of a ball moving with no collision (scene 586),,60
/scratch/vcj9002/MagicPhysics/test_ball_hits_nothing_collect/587/env/camera/cam_0,A physics simulation of a ball moving with no collision (scene 587),,60
/scratch/vcj9002/MagicPhysics/test_ball_hits_nothing_collect/588/env/camera/cam_0,A physics simulation of a ball moving with no collision (scene 588),,60
/scratch/vcj9002/MagicPhysics/test_ball_hits_nothing_collect/589/env/camera/cam_0,A physics simulation of a ball moving with no collision (scene 589),,60
/scratch/vcj9002/MagicPhysics/test_ball_hits_nothing_collect/59/env/camera/cam_0,A physics simulation of a ball moving with no collision (scene 59),,60
/scratch/vcj9002/MagicPhysics/test_ball_hits_nothing_collect/590/env/camera/cam_0,A physics simulation of a ball moving with no collision (scene 590),,60
/scratch/vcj9002/MagicPhysics/test_ball_hits_nothing_collect/591/env/camera/cam_0,A physics simulation of a ball moving with no collision (scene 591),,60
/scratch/vcj9002/MagicPhysics/test_ball_hits_nothing_collect/592/env/camera/cam_0,A physics simulation of a ball moving with no collision (scene 592),,60
/scratch/vcj9002/MagicPhysics/test_ball_hits_nothing_collect/593/env/camera/cam_0,A physics simulation of a ball moving with no collision (scene 593),,60
/scratch/vcj9002/MagicPhysics/test_ball_hits_nothing_collect/594/env/camera/cam_0,A physics simulation of a ball moving with no collision (scene 594),,60
/scratch/vcj9002/MagicPhysics/test_ball_hits_nothing_collect/595/env/camera/cam_0,A physics simulation of a ball moving with no collision (scene 595),,60
/scratch/vcj9002/MagicPhysics/test_ball_hits_nothing_collect/596/env/camera/cam_0,A physics simulation of a ball moving with no collision (scene 596),,60
/scratch/vcj9002/MagicPhysics/test_ball_hits_nothing_collect/597/env/camera/cam_0,A physics simulation of a ball moving with no collision (scene 597),,60
/scratch/vcj9002/MagicPhysics/test_ball_hits_nothing_collect/598/env/camera/cam_0,A physics simulation of a ball moving with no collision (scene 598),,60
/scratch/vcj9002/MagicPhysics/test_ball_hits_nothing_collect/599/env/camera/cam_0,A physics simulation of a ball moving with no collision (scene 599),,60
/scratch/vcj9002/MagicPhysics/test_ball_hits_nothing_collect/6/env/camera/cam_0,A physics simulation of a ball moving with no collision (scene 6),,59
/scratch/vcj9002/MagicPhysics/test_ball_hits_nothing_collect/60/env/camera/cam_0,A physics simulation of a ball moving with no collision (scene 60),,60
/scratch/vcj9002/MagicPhysics/test_ball_hits_nothing_collect/600/env/camera/cam_0,A physics simulation of a ball moving with no collision (scene 600),,60
/scratch/vcj9002/MagicPhysics/test_ball_hits_nothing_collect/601/env/camera/cam_0,A physics simulation of a ball moving with no collision (scene 601),,60
/scratch/vcj9002/MagicPhysics/test_ball_hits_nothing_collect/602/env/camera/cam_0,A physics simulation of a ball moving with no collision (scene 602),,60
/scratch/vcj9002/MagicPhysics/test_ball_hits_nothing_collect/603/env/camera/cam_0,A physics simulation of a ball moving with no collision (scene 603),,60
/scratch/vcj9002/MagicPhysics/test_ball_hits_nothing_collect/604/env/camera/cam_0,A physics simulation of a ball moving with no collision (scene 604),,60
/scratch/vcj9002/MagicPhysics/test_ball_hits_nothing_collect/605/env/camera/cam_0,A physics simulation of a ball moving with no collision (scene 605),,60
/scratch/vcj9002/MagicPhysics/test_ball_hits_nothing_collect/606/env/camera/cam_0,A physics simulation of a ball moving with no collision (scene 606),,60
/scratch/vcj9002/MagicPhysics/test_ball_hits_nothing_collect/607/env/camera/cam_0,A physics simulation of a ball moving with no collision (scene 607),,60
/scratch/vcj9002/MagicPhysics/test_ball_hits_nothing_collect/608/env/camera/cam_0,A physics simulation of a ball moving with no collision (scene 608),,60
/scratch/vcj9002/MagicPhysics/test_ball_hits_nothing_collect/609/env/camera/cam_0,A physics simulation of a ball moving with no collision (scene 609),,60
/scratch/vcj9002/MagicPhysics/test_ball_hits_nothing_collect/61/env/camera/cam_0,A physics simulation of a ball moving with no collision (scene 61),,60
/scratch/vcj9002/MagicPhysics/test_ball_hits_nothing_collect/610/env/camera/cam_0,A physics simulation of a ball moving with no collision (scene 610),,60
/scratch/vcj9002/MagicPhysics/test_ball_hits_nothing_collect/611/env/camera/cam_0,A physics simulation of a ball moving with no collision (scene 611),,60
/scratch/vcj9002/MagicPhysics/test_ball_hits_nothing_collect/612/env/camera/cam_0,A physics simulation of a ball moving with no collision (scene 612),,60
/scratch/vcj9002/MagicPhysics/test_ball_hits_nothing_collect/613/env/camera/cam_0,A physics simulation of a ball moving with no collision (scene 613),,60
/scratch/vcj9002/MagicPhysics/test_ball_hits_nothing_collect/614/env/camera/cam_0,A physics simulation of a ball moving with no collision (scene 614),,60
/scratch/vcj9002/MagicPhysics/test_ball_hits_nothing_collect/615/env/camera/cam_0,A physics simulation of a ball moving with no collision (scene 615),,60
/scratch/vcj9002/MagicPhysics/test_ball_hits_nothing_collect/616/env/camera/cam_0,A physics simulation of a ball moving with no collision (scene 616),,60
/scratch/vcj9002/MagicPhysics/test_ball_hits_nothing_collect/617/env/camera/cam_0,A physics simulation of a ball moving with no collision (scene 617),,60
/scratch/vcj9002/MagicPhysics/test_ball_hits_nothing_collect/618/env/camera/cam_0,A physics simulation of a ball moving with no collision (scene 618),,60
/scratch/vcj9002/MagicPhysics/test_ball_hits_nothing_collect/619/env/camera/cam_0,A physics simulation of a ball moving with no collision (scene 619),,60
/scratch/vcj9002/MagicPhysics/test_ball_hits_nothing_collect/62/env/camera/cam_0,A physics simulation of a ball moving with no collision (scene 62),,60
/scratch/vcj9002/MagicPhysics/test_ball_hits_nothing_collect/620/env/camera/cam_0,A physics simulation of a ball moving with no collision (scene 620),,60
/scratch/vcj9002/MagicPhysics/test_ball_hits_nothing_collect/621/env/camera/cam_0,A physics simulation of a ball moving with no collision (scene 621),,60
/scratch/vcj9002/MagicPhysics/test_ball_hits_nothing_collect/622/env/camera/cam_0,A physics simulation of a ball moving with no collision (scene 622),,60
/scratch/vcj9002/MagicPhysics/test_ball_hits_nothing_collect/623/env/camera/cam_0,A physics simulation of a ball moving with no collision (scene 623),,60
/scratch/vcj9002/MagicPhysics/test_ball_hits_nothing_collect/624/env/camera/cam_0,A physics simulation of a ball moving with no collision (scene 624),,60
/scratch/vcj9002/MagicPhysics/test_ball_hits_nothing_collect/625/env/camera/cam_0,A physics simulation of a ball moving with no collision (scene 625),,60
/scratch/vcj9002/MagicPhysics/test_ball_hits_nothing_collect/626/env/camera/cam_0,A physics simulation of a ball moving with no collision (scene 626),,60
/scratch/vcj9002/MagicPhysics/test_ball_hits_nothing_collect/627/env/camera/cam_0,A physics simulation of a ball moving with no collision (scene 627),,60
/scratch/vcj9002/MagicPhysics/test_ball_hits_nothing_collect/628/env/camera/cam_0,A physics simulation of a ball moving with no collision (scene 628),,60
/scratch/vcj9002/MagicPhysics/test_ball_hits_nothing_collect/629/env/camera/cam_0,A physics simulation of a ball moving with no collision (scene 629),,60
/scratch/vcj9002/MagicPhysics/test_ball_hits_nothing_collect/63/env/camera/cam_0,A physics simulation of a ball moving with no collision (scene 63),,60
/scratch/vcj9002/MagicPhysics/test_ball_hits_nothing_collect/630/env/camera/cam_0,A physics simulation of a ball moving with no collision (scene 630),,60
/scratch/vcj9002/MagicPhysics/test_ball_hits_nothing_collect/631/env/camera/cam_0,A physics simulation of a ball moving with no collision (scene 631),,60
/scratch/vcj9002/MagicPhysics/test_ball_hits_nothing_collect/632/env/camera/cam_0,A physics simulation of a ball moving with no collision (scene 632),,60
/scratch/vcj9002/MagicPhysics/test_ball_hits_nothing_collect/633/env/camera/cam_0,A physics simulation of a ball moving with no collision (scene 633),,60
/scratch/vcj9002/MagicPhysics/test_ball_hits_nothing_collect/634/env/camera/cam_0,A physics simulation of a ball moving with no collision (scene 634),,60
/scratch/vcj9002/MagicPhysics/test_ball_hits_nothing_collect/635/env/camera/cam_0,A physics simulation of a ball moving with no collision (scene 635),,60
/scratch/vcj9002/MagicPhysics/test_ball_hits_nothing_collect/636/env/camera/cam_0,A physics simulation of a ball moving with no collision (scene 636),,60
/scratch/vcj9002/MagicPhysics/test_ball_hits_nothing_collect/637/env/camera/cam_0,A physics simulation of a ball moving with no collision (scene 637),,60
/scratch/vcj9002/MagicPhysics/test_ball_hits_nothing_collect/638/env/camera/cam_0,A physics simulation of a ball moving with no collision (scene 638),,60
/scratch/vcj9002/MagicPhysics/test_ball_hits_nothing_collect/639/env/camera/cam_0,A physics simulation of a ball moving with no collision (scene 639),,60
/scratch/vcj9002/MagicPhysics/test_ball_hits_nothing_collect/64/env/camera/cam_0,A physics simulation of a ball moving with no collision (scene 64),,60
/scratch/vcj9002/MagicPhysics/test_ball_hits_nothing_collect/640/env/camera/cam_0,A physics simulation of a ball moving with no collision (scene 640),,60
/scratch/vcj9002/MagicPhysics/test_ball_hits_nothing_collect/641/env/camera/cam_0,A physics simulation of a ball moving with no collision (scene 641),,60
/scratch/vcj9002/MagicPhysics/test_ball_hits_nothing_collect/642/env/camera/cam_0,A physics simulation of a ball moving with no collision (scene 642),,60
/scratch/vcj9002/MagicPhysics/test_ball_hits_nothing_collect/643/env/camera/cam_0,A physics simulation of a ball moving with no collision (scene 643),,60
/scratch/vcj9002/MagicPhysics/test_ball_hits_nothing_collect/644/env/camera/cam_0,A physics simulation of a ball moving with no collision (scene 644),,60
/scratch/vcj9002/MagicPhysics/test_ball_hits_nothing_collect/645/env/camera/cam_0,A physics simulation of a ball moving with no collision (scene 645),,60
/scratch/vcj9002/MagicPhysics/test_ball_hits_nothing_collect/646/env/camera/cam_0,A physics simulation of a ball moving with no collision (scene 646),,60
/scratch/vcj9002/MagicPhysics/test_ball_hits_nothing_collect/647/env/camera/cam_0,A physics simulation of a ball moving with no collision (scene 647),,60
/scratch/vcj9002/MagicPhysics/test_ball_hits_nothing_collect/648/env/camera/cam_0,A physics simulation of a ball moving with no collision (scene 648),,60
/scratch/vcj9002/MagicPhysics/test_ball_hits_nothing_collect/649/env/camera/cam_0,A physics simulation of a ball moving with no collision (scene 649),,60
/scratch/vcj9002/MagicPhysics/test_ball_hits_nothing_collect/65/env/camera/cam_0,A physics simulation of a ball moving with no collision (scene 65),,60
/scratch/vcj9002/MagicPhysics/test_ball_hits_nothing_collect/650/env/camera/cam_0,A physics simulation of a ball moving with no collision (scene 650),,60
/scratch/vcj9002/MagicPhysics/test_ball_hits_nothing_collect/651/env/camera/cam_0,A physics simulation of a ball moving with no collision (scene 651),,60
/scratch/vcj9002/MagicPhysics/test_ball_hits_nothing_collect/652/env/camera/cam_0,A physics simulation of a ball moving with no collision (scene 652),,60
/scratch/vcj9002/MagicPhysics/test_ball_hits_nothing_collect/653/env/camera/cam_0,A physics simulation of a ball moving with no collision (scene 653),,60
/scratch/vcj9002/MagicPhysics/test_ball_hits_nothing_collect/654/env/camera/cam_0,A physics simulation of a ball moving with no collision (scene 654),,60
/scratch/vcj9002/MagicPhysics/test_ball_hits_nothing_collect/655/env/camera/cam_0,A physics simulation of a ball moving with no collision (scene 655),,60
/scratch/vcj9002/MagicPhysics/test_ball_hits_nothing_collect/656/env/camera/cam_0,A physics simulation of a ball moving with no collision (scene 656),,60
/scratch/vcj9002/MagicPhysics/test_ball_hits_nothing_collect/657/env/camera/cam_0,A physics simulation of a ball moving with no collision (scene 657),,60
/scratch/vcj9002/MagicPhysics/test_ball_hits_nothing_collect/658/env/camera/cam_0,A physics simulation of a ball moving with no collision (scene 658),,60
/scratch/vcj9002/MagicPhysics/test_ball_hits_nothing_collect/659/env/camera/cam_0,A physics simulation of a ball moving with no collision (scene 659),,60
/scratch/vcj9002/MagicPhysics/test_ball_hits_nothing_collect/66/env/camera/cam_0,A physics simulation of a ball moving with no collision (scene 66),,60
/scratch/vcj9002/MagicPhysics/test_ball_hits_nothing_collect/660/env/camera/cam_0,A physics simulation of a ball moving with no collision (scene 660),,60
/scratch/vcj9002/MagicPhysics/test_ball_hits_nothing_collect/661/env/camera/cam_0,A physics simulation of a ball moving with no collision (scene 661),,60
/scratch/vcj9002/MagicPhysics/test_ball_hits_nothing_collect/662/env/camera/cam_0,A physics simulation of a ball moving with no collision (scene 662),,60
/scratch/vcj9002/MagicPhysics/test_ball_hits_nothing_collect/663/env/camera/cam_0,A physics simulation of a ball moving with no collision (scene 663),,60
/scratch/vcj9002/MagicPhysics/test_ball_hits_nothing_collect/664/env/camera/cam_0,A physics simulation of a ball moving with no collision (scene 664),,60
/scratch/vcj9002/MagicPhysics/test_ball_hits_nothing_collect/665/env/camera/cam_0,A physics simulation of a ball moving with no collision (scene 665),,60
/scratch/vcj9002/MagicPhysics/test_ball_hits_nothing_collect/666/env/camera/cam_0,A physics simulation of a ball moving with no collision (scene 666),,60
/scratch/vcj9002/MagicPhysics/test_ball_hits_nothing_collect/667/env/camera/cam_0,A physics simulation of a ball moving with no collision (scene 667),,60
/scratch/vcj9002/MagicPhysics/test_ball_hits_nothing_collect/668/env/camera/cam_0,A physics simulation of a ball moving with no collision (scene 668),,60
/scratch/vcj9002/MagicPhysics/test_ball_hits_nothing_collect/669/env/camera/cam_0,A physics simulation of a ball moving with no collision (scene 669),,60
/scratch/vcj9002/MagicPhysics/test_ball_hits_nothing_collect/67/env/camera/cam_0,A physics simulation of a ball moving with no collision (scene 67),,60
/scratch/vcj9002/MagicPhysics/test_ball_hits_nothing_collect/670/env/camera/cam_0,A physics simulation of a ball moving with no collision (scene 670),,60
/scratch/vcj9002/MagicPhysics/test_ball_hits_nothing_collect/671/env/camera/cam_0,A physics simulation of a ball moving with no collision (scene 671),,60
/scratch/vcj9002/MagicPhysics/test_ball_hits_nothing_collect/672/env/camera/cam_0,A physics simulation of a ball moving with no collision (scene 672),,60
/scratch/vcj9002/MagicPhysics/test_ball_hits_nothing_collect/673/env/camera/cam_0,A physics simulation of a ball moving with no collision (scene 673),,60
/scratch/vcj9002/MagicPhysics/test_ball_hits_nothing_collect/674/env/camera/cam_0,A physics simulation of a ball moving with no collision (scene 674),,60
/scratch/vcj9002/MagicPhysics/test_ball_hits_nothing_collect/675/env/camera/cam_0,A physics simulation of a ball moving with no collision (scene 675),,60
/scratch/vcj9002/MagicPhysics/test_ball_hits_nothing_collect/676/env/camera/cam_0,A physics simulation of a ball moving with no collision (scene 676),,60
/scratch/vcj9002/MagicPhysics/test_ball_hits_nothing_collect/677/env/camera/cam_0,A physics simulation of a ball moving with no collision (scene 677),,60
/scratch/vcj9002/MagicPhysics/test_ball_hits_nothing_collect/678/env/camera/cam_0,A physics simulation of a ball moving with no collision (scene 678),,60
/scratch/vcj9002/MagicPhysics/test_ball_hits_nothing_collect/679/env/camera/cam_0,A physics simulation of a ball moving with no collision (scene 679),,60
/scratch/vcj9002/MagicPhysics/test_ball_hits_nothing_collect/68/env/camera/cam_0,A physics simulation of a ball moving with no collision (scene 68),,60
/scratch/vcj9002/MagicPhysics/test_ball_hits_nothing_collect/680/env/camera/cam_0,A physics simulation of a ball moving with no collision (scene 680),,60
/scratch/vcj9002/MagicPhysics/test_ball_hits_nothing_collect/681/env/camera/cam_0,A physics simulation of a ball moving with no collision (scene 681),,60
/scratch/vcj9002/MagicPhysics/test_ball_hits_nothing_collect/682/env/camera/cam_0,A physics simulation of a ball moving with no collision (scene 682),,60
/scratch/vcj9002/MagicPhysics/test_ball_hits_nothing_collect/683/env/camera/cam_0,A physics simulation of a ball moving with no collision (scene 683),,60
/scratch/vcj9002/MagicPhysics/test_ball_hits_nothing_collect/684/env/camera/cam_0,A physics simulation of a ball moving with no collision (scene 684),,60
/scratch/vcj9002/MagicPhysics/test_ball_hits_nothing_collect/685/env/camera/cam_0,A physics simulation of a ball moving with no collision (scene 685),,60
/scratch/vcj9002/MagicPhysics/test_ball_hits_nothing_collect/686/env/camera/cam_0,A physics simulation of a ball moving with no collision (scene 686),,60
/scratch/vcj9002/MagicPhysics/test_ball_hits_nothing_collect/687/env/camera/cam_0,A physics simulation of a ball moving with no collision (scene 687),,60
/scratch/vcj9002/MagicPhysics/test_ball_hits_nothing_collect/688/env/camera/cam_0,A physics simulation of a ball moving with no collision (scene 688),,60
/scratch/vcj9002/MagicPhysics/test_ball_hits_nothing_collect/689/env/camera/cam_0,A physics simulation of a ball moving with no collision (scene 689),,60
/scratch/vcj9002/MagicPhysics/test_ball_hits_nothing_collect/69/env/camera/cam_0,A physics simulation of a ball moving with no collision (scene 69),,60
/scratch/vcj9002/MagicPhysics/test_ball_hits_nothing_collect/690/env/camera/cam_0,A physics simulation of a ball moving with no collision (scene 690),,60
/scratch/vcj9002/MagicPhysics/test_ball_hits_nothing_collect/691/env/camera/cam_0,A physics simulation of a ball moving with no collision (scene 691),,60
/scratch/vcj9002/MagicPhysics/test_ball_hits_nothing_collect/692/env/camera/cam_0,A physics simulation of a ball moving with no collision (scene 692),,60
/scratch/vcj9002/MagicPhysics/test_ball_hits_nothing_collect/693/env/camera/cam_0,A physics simulation of a ball moving with no collision (scene 693),,60
/scratch/vcj9002/MagicPhysics/test_ball_hits_nothing_collect/694/env/camera/cam_0,A physics simulation of a ball moving with no collision (scene 694),,60
/scratch/vcj9002/MagicPhysics/test_ball_hits_nothing_collect/695/env/camera/cam_0,A physics simulation of a ball moving with no collision (scene 695),,60
/scratch/vcj9002/MagicPhysics/test_ball_hits_nothing_collect/696/env/camera/cam_0,A physics simulation of a ball moving with no collision (scene 696),,60
/scratch/vcj9002/MagicPhysics/test_ball_hits_nothing_collect/697/env/camera/cam_0,A physics simulation of a ball moving with no collision (scene 697),,60
/scratch/vcj9002/MagicPhysics/test_ball_hits_nothing_collect/698/env/camera/cam_0,A physics simulation of a ball moving with no collision (scene 698),,60
/scratch/vcj9002/MagicPhysics/test_ball_hits_nothing_collect/699/env/camera/cam_0,A physics simulation of a ball moving with no collision (scene 699),,60
/scratch/vcj9002/MagicPhysics/test_ball_hits_nothing_collect/7/env/camera/cam_0,A physics simulation of a ball moving with no collision (scene 7),,59
/scratch/vcj9002/MagicPhysics/test_ball_hits_nothing_collect/70/env/camera/cam_0,A physics simulation of a ball moving with no collision (scene 70),,60
/scratch/vcj9002/MagicPhysics/test_ball_hits_nothing_collect/700/env/camera/cam_0,A physics simulation of a ball moving with no collision (scene 700),,60
/scratch/vcj9002/MagicPhysics/test_ball_hits_nothing_collect/701/env/camera/cam_0,A physics simulation of a ball moving with no collision (scene 701),,60
/scratch/vcj9002/MagicPhysics/test_ball_hits_nothing_collect/702/env/camera/cam_0,A physics simulation of a ball moving with no collision (scene 702),,60
/scratch/vcj9002/MagicPhysics/test_ball_hits_nothing_collect/703/env/camera/cam_0,A physics simulation of a ball moving with no collision (scene 703),,60
/scratch/vcj9002/MagicPhysics/test_ball_hits_nothing_collect/704/env/camera/cam_0,A physics simulation of a ball moving with no collision (scene 704),,60
/scratch/vcj9002/MagicPhysics/test_ball_hits_nothing_collect/705/env/camera/cam_0,A physics simulation of a ball moving with no collision (scene 705),,60
/scratch/vcj9002/MagicPhysics/test_ball_hits_nothing_collect/706/env/camera/cam_0,A physics simulation of a ball moving with no collision (scene 706),,60
/scratch/vcj9002/MagicPhysics/test_ball_hits_nothing_collect/707/env/camera/cam_0,A physics simulation of a ball moving with no collision (scene 707),,60
/scratch/vcj9002/MagicPhysics/test_ball_hits_nothing_collect/708/env/camera/cam_0,A physics simulation of a ball moving with no collision (scene 708),,60
/scratch/vcj9002/MagicPhysics/test_ball_hits_nothing_collect/709/env/camera/cam_0,A physics simulation of a ball moving with no collision (scene 709),,60
/scratch/vcj9002/MagicPhysics/test_ball_hits_nothing_collect/71/env/camera/cam_0,A physics simulation of a ball moving with no collision (scene 71),,60
/scratch/vcj9002/MagicPhysics/test_ball_hits_nothing_collect/710/env/camera/cam_0,A physics simulation of a ball moving with no collision (scene 710),,60
/scratch/vcj9002/MagicPhysics/test_ball_hits_nothing_collect/711/env/camera/cam_0,A physics simulation of a ball moving with no collision (scene 711),,60
/scratch/vcj9002/MagicPhysics/test_ball_hits_nothing_collect/712/env/camera/cam_0,A physics simulation of a ball moving with no collision (scene 712),,60
/scratch/vcj9002/MagicPhysics/test_ball_hits_nothing_collect/713/env/camera/cam_0,A physics simulation of a ball moving with no collision (scene 713),,60
/scratch/vcj9002/MagicPhysics/test_ball_hits_nothing_collect/714/env/camera/cam_0,A physics simulation of a ball moving with no collision (scene 714),,60
/scratch/vcj9002/MagicPhysics/test_ball_hits_nothing_collect/715/env/camera/cam_0,A physics simulation of a ball moving with no collision (scene 715),,60
/scratch/vcj9002/MagicPhysics/test_ball_hits_nothing_collect/716/env/camera/cam_0,A physics simulation of a ball moving with no collision (scene 716),,60
/scratch/vcj9002/MagicPhysics/test_ball_hits_nothing_collect/717/env/camera/cam_0,A physics simulation of a ball moving with no collision (scene 717),,60
/scratch/vcj9002/MagicPhysics/test_ball_hits_nothing_collect/718/env/camera/cam_0,A physics simulation of a ball moving with no collision (scene 718),,60
/scratch/vcj9002/MagicPhysics/test_ball_hits_nothing_collect/719/env/camera/cam_0,A physics simulation of a ball moving with no collision (scene 719),,60
/scratch/vcj9002/MagicPhysics/test_ball_hits_nothing_collect/72/env/camera/cam_0,A physics simulation of a ball moving with no collision (scene 72),,60
/scratch/vcj9002/MagicPhysics/test_ball_hits_nothing_collect/720/env/camera/cam_0,A physics simulation of a ball moving with no collision (scene 720),,60
/scratch/vcj9002/MagicPhysics/test_ball_hits_nothing_collect/721/env/camera/cam_0,A physics simulation of a ball moving with no collision (scene 721),,60
/scratch/vcj9002/MagicPhysics/test_ball_hits_nothing_collect/722/env/camera/cam_0,A physics simulation of a ball moving with no collision (scene 722),,60
/scratch/vcj9002/MagicPhysics/test_ball_hits_nothing_collect/723/env/camera/cam_0,A physics simulation of a ball moving with no collision (scene 723),,60
/scratch/vcj9002/MagicPhysics/test_ball_hits_nothing_collect/724/env/camera/cam_0,A physics simulation of a ball moving with no collision (scene 724),,60
/scratch/vcj9002/MagicPhysics/test_ball_hits_nothing_collect/725/env/camera/cam_0,A physics simulation of a ball moving with no collision (scene 725),,60
/scratch/vcj9002/MagicPhysics/test_ball_hits_nothing_collect/726/env/camera/cam_0,A physics simulation of a ball moving with no collision (scene 726),,60
/scratch/vcj9002/MagicPhysics/test_ball_hits_nothing_collect/727/env/camera/cam_0,A physics simulation of a ball moving with no collision (scene 727),,60
/scratch/vcj9002/MagicPhysics/test_ball_hits_nothing_collect/728/env/camera/cam_0,A physics simulation of a ball moving with no collision (scene 728),,60
/scratch/vcj9002/MagicPhysics/test_ball_hits_nothing_collect/729/env/camera/cam_0,A physics simulation of a ball moving with no collision (scene 729),,60
/scratch/vcj9002/MagicPhysics/test_ball_hits_nothing_collect/73/env/camera/cam_0,A physics simulation of a ball moving with no collision (scene 73),,60
/scratch/vcj9002/MagicPhysics/test_ball_hits_nothing_collect/730/env/camera/cam_0,A physics simulation of a ball moving with no collision (scene 730),,60
/scratch/vcj9002/MagicPhysics/test_ball_hits_nothing_collect/731/env/camera/cam_0,A physics simulation of a ball moving with no collision (scene 731),,60
/scratch/vcj9002/MagicPhysics/test_ball_hits_nothing_collect/732/env/camera/cam_0,A physics simulation of a ball moving with no collision (scene 732),,60
/scratch/vcj9002/MagicPhysics/test_ball_hits_nothing_collect/733/env/camera/cam_0,A physics simulation of a ball moving with no collision (scene 733),,60
/scratch/vcj9002/MagicPhysics/test_ball_hits_nothing_collect/734/env/camera/cam_0,A physics simulation of a ball moving with no collision (scene 734),,60
/scratch/vcj9002/MagicPhysics/test_ball_hits_nothing_collect/735/env/camera/cam_0,A physics simulation of a ball moving with no collision (scene 735),,60
/scratch/vcj9002/MagicPhysics/test_ball_hits_nothing_collect/736/env/camera/cam_0,A physics simulation of a ball moving with no collision (scene 736),,60
/scratch/vcj9002/MagicPhysics/test_ball_hits_nothing_collect/737/env/camera/cam_0,A physics simulation of a ball moving with no collision (scene 737),,60
/scratch/vcj9002/MagicPhysics/test_ball_hits_nothing_collect/738/env/camera/cam_0,A physics simulation of a ball moving with no collision (scene 738),,60
/scratch/vcj9002/MagicPhysics/test_ball_hits_nothing_collect/739/env/camera/cam_0,A physics simulation of a ball moving with no collision (scene 739),,60
/scratch/vcj9002/MagicPhysics/test_ball_hits_nothing_collect/74/env/camera/cam_0,A physics simulation of a ball moving with no collision (scene 74),,60
/scratch/vcj9002/MagicPhysics/test_ball_hits_nothing_collect/740/env/camera/cam_0,A physics simulation of a ball moving with no collision (scene 740),,60
/scratch/vcj9002/MagicPhysics/test_ball_hits_nothing_collect/741/env/camera/cam_0,A physics simulation of a ball moving with no collision (scene 741),,60
/scratch/vcj9002/MagicPhysics/test_ball_hits_nothing_collect/742/env/camera/cam_0,A physics simulation of a ball moving with no collision (scene 742),,60
/scratch/vcj9002/MagicPhysics/test_ball_hits_nothing_collect/743/env/camera/cam_0,A physics simulation of a ball moving with no collision (scene 743),,60
/scratch/vcj9002/MagicPhysics/test_ball_hits_nothing_collect/744/env/camera/cam_0,A physics simulation of a ball moving with no collision (scene 744),,60
/scratch/vcj9002/MagicPhysics/test_ball_hits_nothing_collect/745/env/camera/cam_0,A physics simulation of a ball moving with no collision (scene 745),,60
/scratch/vcj9002/MagicPhysics/test_ball_hits_nothing_collect/746/env/camera/cam_0,A physics simulation of a ball moving with no collision (scene 746),,60
/scratch/vcj9002/MagicPhysics/test_ball_hits_nothing_collect/747/env/camera/cam_0,A physics simulation of a ball moving with no collision (scene 747),,60
/scratch/vcj9002/MagicPhysics/test_ball_hits_nothing_collect/748/env/camera/cam_0,A physics simulation of a ball moving with no collision (scene 748),,60
/scratch/vcj9002/MagicPhysics/test_ball_hits_nothing_collect/749/env/camera/cam_0,A physics simulation of a ball moving with no collision (scene 749),,60
/scratch/vcj9002/MagicPhysics/test_ball_hits_nothing_collect/75/env/camera/cam_0,A physics simulation of a ball moving with no collision (scene 75),,60
/scratch/vcj9002/MagicPhysics/test_ball_hits_nothing_collect/750/env/camera/cam_0,A physics simulation of a ball moving with no collision (scene 750),,60
/scratch/vcj9002/MagicPhysics/test_ball_hits_nothing_collect/751/env/camera/cam_0,A physics simulation of a ball moving with no collision (scene 751),,60
/scratch/vcj9002/MagicPhysics/test_ball_hits_nothing_collect/752/env/camera/cam_0,A physics simulation of a ball moving with no collision (scene 752),,60
/scratch/vcj9002/MagicPhysics/test_ball_hits_nothing_collect/753/env/camera/cam_0,A physics simulation of a ball moving with no collision (scene 753),,60
/scratch/vcj9002/MagicPhysics/test_ball_hits_nothing_collect/754/env/camera/cam_0,A physics simulation of a ball moving with no collision (scene 754),,60
/scratch/vcj9002/MagicPhysics/test_ball_hits_nothing_collect/755/env/camera/cam_0,A physics simulation of a ball moving with no collision (scene 755),,60
/scratch/vcj9002/MagicPhysics/test_ball_hits_nothing_collect/756/env/camera/cam_0,A physics simulation of a ball moving with no collision (scene 756),,60
/scratch/vcj9002/MagicPhysics/test_ball_hits_nothing_collect/757/env/camera/cam_0,A physics simulation of a ball moving with no collision (scene 757),,60
/scratch/vcj9002/MagicPhysics/test_ball_hits_nothing_collect/758/env/camera/cam_0,A physics simulation of a ball moving with no collision (scene 758),,60
/scratch/vcj9002/MagicPhysics/test_ball_hits_nothing_collect/759/env/camera/cam_0,A physics simulation of a ball moving with no collision (scene 759),,60
/scratch/vcj9002/MagicPhysics/test_ball_hits_nothing_collect/76/env/camera/cam_0,A physics simulation of a ball moving with no collision (scene 76),,60
/scratch/vcj9002/MagicPhysics/test_ball_hits_nothing_collect/760/env/camera/cam_0,A physics simulation of a ball moving with no collision (scene 760),,60
/scratch/vcj9002/MagicPhysics/test_ball_hits_nothing_collect/761/env/camera/cam_0,A physics simulation of a ball moving with no collision (scene 761),,60
/scratch/vcj9002/MagicPhysics/test_ball_hits_nothing_collect/762/env/camera/cam_0,A physics simulation of a ball moving with no collision (scene 762),,60
/scratch/vcj9002/MagicPhysics/test_ball_hits_nothing_collect/763/env/camera/cam_0,A physics simulation of a ball moving with no collision (scene 763),,60
/scratch/vcj9002/MagicPhysics/test_ball_hits_nothing_collect/764/env/camera/cam_0,A physics simulation of a ball moving with no collision (scene 764),,60
/scratch/vcj9002/MagicPhysics/test_ball_hits_nothing_collect/765/env/camera/cam_0,A physics simulation of a ball moving with no collision (scene 765),,60
/scratch/vcj9002/MagicPhysics/test_ball_hits_nothing_collect/766/env/camera/cam_0,A physics simulation of a ball moving with no collision (scene 766),,60
/scratch/vcj9002/MagicPhysics/test_ball_hits_nothing_collect/767/env/camera/cam_0,A physics simulation of a ball moving with no collision (scene 767),,60
/scratch/vcj9002/MagicPhysics/test_ball_hits_nothing_collect/768/env/camera/cam_0,A physics simulation of a ball moving with no collision (scene 768),,60
/scratch/vcj9002/MagicPhysics/test_ball_hits_nothing_collect/769/env/camera/cam_0,A physics simulation of a ball moving with no collision (scene 769),,60
/scratch/vcj9002/MagicPhysics/test_ball_hits_nothing_collect/77/env/camera/cam_0,A physics simulation of a ball moving with no collision (scene 77),,60
/scratch/vcj9002/MagicPhysics/test_ball_hits_nothing_collect/770/env/camera/cam_0,A physics simulation of a ball moving with no collision (scene 770),,60
/scratch/vcj9002/MagicPhysics/test_ball_hits_nothing_collect/771/env/camera/cam_0,A physics simulation of a ball moving with no collision (scene 771),,60
/scratch/vcj9002/MagicPhysics/test_ball_hits_nothing_collect/772/env/camera/cam_0,A physics simulation of a ball moving with no collision (scene 772),,60
/scratch/vcj9002/MagicPhysics/test_ball_hits_nothing_collect/773/env/camera/cam_0,A physics simulation of a ball moving with no collision (scene 773),,60
/scratch/vcj9002/MagicPhysics/test_ball_hits_nothing_collect/774/env/camera/cam_0,A physics simulation of a ball moving with no collision (scene 774),,60
/scratch/vcj9002/MagicPhysics/test_ball_hits_nothing_collect/775/env/camera/cam_0,A physics simulation of a ball moving with no collision (scene 775),,60
/scratch/vcj9002/MagicPhysics/test_ball_hits_nothing_collect/776/env/camera/cam_0,A physics simulation of a ball moving with no collision (scene 776),,60
/scratch/vcj9002/MagicPhysics/test_ball_hits_nothing_collect/777/env/camera/cam_0,A physics simulation of a ball moving with no collision (scene 777),,60
/scratch/vcj9002/MagicPhysics/test_ball_hits_nothing_collect/778/env/camera/cam_0,A physics simulation of a ball moving with no collision (scene 778),,60
/scratch/vcj9002/MagicPhysics/test_ball_hits_nothing_collect/779/env/camera/cam_0,A physics simulation of a ball moving with no collision (scene 779),,60
/scratch/vcj9002/MagicPhysics/test_ball_hits_nothing_collect/78/env/camera/cam_0,A physics simulation of a ball moving with no collision (scene 78),,60
/scratch/vcj9002/MagicPhysics/test_ball_hits_nothing_collect/780/env/camera/cam_0,A physics simulation of a ball moving with no collision (scene 780),,60
/scratch/vcj9002/MagicPhysics/test_ball_hits_nothing_collect/781/env/camera/cam_0,A physics simulation of a ball moving with no collision (scene 781),,60
/scratch/vcj9002/MagicPhysics/test_ball_hits_nothing_collect/782/env/camera/cam_0,A physics simulation of a ball moving with no collision (scene 782),,60
/scratch/vcj9002/MagicPhysics/test_ball_hits_nothing_collect/783/env/camera/cam_0,A physics simulation of a ball moving with no collision (scene 783),,60
/scratch/vcj9002/MagicPhysics/test_ball_hits_nothing_collect/784/env/camera/cam_0,A physics simulation of a ball moving with no collision (scene 784),,60
/scratch/vcj9002/MagicPhysics/test_ball_hits_nothing_collect/785/env/camera/cam_0,A physics simulation of a ball moving with no collision (scene 785),,60
/scratch/vcj9002/MagicPhysics/test_ball_hits_nothing_collect/786/env/camera/cam_0,A physics simulation of a ball moving with no collision (scene 786),,60
/scratch/vcj9002/MagicPhysics/test_ball_hits_nothing_collect/787/env/camera/cam_0,A physics simulation of a ball moving with no collision (scene 787),,60
/scratch/vcj9002/MagicPhysics/test_ball_hits_nothing_collect/788/env/camera/cam_0,A physics simulation of a ball moving with no collision (scene 788),,60
/scratch/vcj9002/MagicPhysics/test_ball_hits_nothing_collect/789/env/camera/cam_0,A physics simulation of a ball moving with no collision (scene 789),,60
/scratch/vcj9002/MagicPhysics/test_ball_hits_nothing_collect/79/env/camera/cam_0,A physics simulation of a ball moving with no collision (scene 79),,60
/scratch/vcj9002/MagicPhysics/test_ball_hits_nothing_collect/790/env/camera/cam_0,A physics simulation of a ball moving with no collision (scene 790),,60
/scratch/vcj9002/MagicPhysics/test_ball_hits_nothing_collect/791/env/camera/cam_0,A physics simulation of a ball moving with no collision (scene 791),,60
/scratch/vcj9002/MagicPhysics/test_ball_hits_nothing_collect/792/env/camera/cam_0,A physics simulation of a ball moving with no collision (scene 792),,60
/scratch/vcj9002/MagicPhysics/test_ball_hits_nothing_collect/793/env/camera/cam_0,A physics simulation of a ball moving with no collision (scene 793),,60
/scratch/vcj9002/MagicPhysics/test_ball_hits_nothing_collect/794/env/camera/cam_0,A physics simulation of a ball moving with no collision (scene 794),,60
/scratch/vcj9002/MagicPhysics/test_ball_hits_nothing_collect/795/env/camera/cam_0,A physics simulation of a ball moving with no collision (scene 795),,60
/scratch/vcj9002/MagicPhysics/test_ball_hits_nothing_collect/796/env/camera/cam_0,A physics simulation of a ball moving with no collision (scene 796),,60
/scratch/vcj9002/MagicPhysics/test_ball_hits_nothing_collect/797/env/camera/cam_0,A physics simulation of a ball moving with no collision (scene 797),,60
/scratch/vcj9002/MagicPhysics/test_ball_hits_nothing_collect/798/env/camera/cam_0,A physics simulation of a ball moving with no collision (scene 798),,60
/scratch/vcj9002/MagicPhysics/test_ball_hits_nothing_collect/799/env/camera/cam_0,A physics simulation of a ball moving with no collision (scene 799),,60
/scratch/vcj9002/MagicPhysics/test_ball_hits_nothing_collect/8/env/camera/cam_0,A physics simulation of a ball moving with no collision (scene 8),,59
/scratch/vcj9002/MagicPhysics/test_ball_hits_nothing_collect/80/env/camera/cam_0,A physics simulation of a ball moving with no collision (scene 80),,60
/scratch/vcj9002/MagicPhysics/test_ball_hits_nothing_collect/800/env/camera/cam_0,A physics simulation of a ball moving with no collision (scene 800),,60
/scratch/vcj9002/MagicPhysics/test_ball_hits_nothing_collect/801/env/camera/cam_0,A physics simulation of a ball moving with no collision (scene 801),,60
/scratch/vcj9002/MagicPhysics/test_ball_hits_nothing_collect/802/env/camera/cam_0,A physics simulation of a ball moving with no collision (scene 802),,60
/scratch/vcj9002/MagicPhysics/test_ball_hits_nothing_collect/803/env/camera/cam_0,A physics simulation of a ball moving with no collision (scene 803),,60
/scratch/vcj9002/MagicPhysics/test_ball_hits_nothing_collect/804/env/camera/cam_0,A physics simulation of a ball moving with no collision (scene 804),,60
/scratch/vcj9002/MagicPhysics/test_ball_hits_nothing_collect/805/env/camera/cam_0,A physics simulation of a ball moving with no collision (scene 805),,60
/scratch/vcj9002/MagicPhysics/test_ball_hits_nothing_collect/806/env/camera/cam_0,A physics simulation of a ball moving with no collision (scene 806),,60
/scratch/vcj9002/MagicPhysics/test_ball_hits_nothing_collect/807/env/camera/cam_0,A physics simulation of a ball moving with no collision (scene 807),,60
/scratch/vcj9002/MagicPhysics/test_ball_hits_nothing_collect/808/env/camera/cam_0,A physics simulation of a ball moving with no collision (scene 808),,60
/scratch/vcj9002/MagicPhysics/test_ball_hits_nothing_collect/809/env/camera/cam_0,A physics simulation of a ball moving with no collision (scene 809),,60
/scratch/vcj9002/MagicPhysics/test_ball_hits_nothing_collect/81/env/camera/cam_0,A physics simulation of a ball moving with no collision (scene 81),,60
/scratch/vcj9002/MagicPhysics/test_ball_hits_nothing_collect/810/env/camera/cam_0,A physics simulation of a ball moving with no collision (scene 810),,60
/scratch/vcj9002/MagicPhysics/test_ball_hits_nothing_collect/811/env/camera/cam_0,A physics simulation of a ball moving with no collision (scene 811),,60
/scratch/vcj9002/MagicPhysics/test_ball_hits_nothing_collect/812/env/camera/cam_0,A physics simulation of a ball moving with no collision (scene 812),,60
/scratch/vcj9002/MagicPhysics/test_ball_hits_nothing_collect/813/env/camera/cam_0,A physics simulation of a ball moving with no collision (scene 813),,60
/scratch/vcj9002/MagicPhysics/test_ball_hits_nothing_collect/814/env/camera/cam_0,A physics simulation of a ball moving with no collision (scene 814),,60
/scratch/vcj9002/MagicPhysics/test_ball_hits_nothing_collect/815/env/camera/cam_0,A physics simulation of a ball moving with no collision (scene 815),,60
/scratch/vcj9002/MagicPhysics/test_ball_hits_nothing_collect/816/env/camera/cam_0,A physics simulation of a ball moving with no collision (scene 816),,60
/scratch/vcj9002/MagicPhysics/test_ball_hits_nothing_collect/817/env/camera/cam_0,A physics simulation of a ball moving with no collision (scene 817),,60
/scratch/vcj9002/MagicPhysics/test_ball_hits_nothing_collect/818/env/camera/cam_0,A physics simulation of a ball moving with no collision (scene 818),,60
/scratch/vcj9002/MagicPhysics/test_ball_hits_nothing_collect/819/env/camera/cam_0,A physics simulation of a ball moving with no collision (scene 819),,60
/scratch/vcj9002/MagicPhysics/test_ball_hits_nothing_collect/82/env/camera/cam_0,A physics simulation of a ball moving with no collision (scene 82),,60
/scratch/vcj9002/MagicPhysics/test_ball_hits_nothing_collect/820/env/camera/cam_0,A physics simulation of a ball moving with no collision (scene 820),,60
/scratch/vcj9002/MagicPhysics/test_ball_hits_nothing_collect/821/env/camera/cam_0,A physics simulation of a ball moving with no collision (scene 821),,60
/scratch/vcj9002/MagicPhysics/test_ball_hits_nothing_collect/822/env/camera/cam_0,A physics simulation of a ball moving with no collision (scene 822),,60
/scratch/vcj9002/MagicPhysics/test_ball_hits_nothing_collect/823/env/camera/cam_0,A physics simulation of a ball moving with no collision (scene 823),,60
/scratch/vcj9002/MagicPhysics/test_ball_hits_nothing_collect/824/env/camera/cam_0,A physics simulation of a ball moving with no collision (scene 824),,60
/scratch/vcj9002/MagicPhysics/test_ball_hits_nothing_collect/825/env/camera/cam_0,A physics simulation of a ball moving with no collision (scene 825),,60
/scratch/vcj9002/MagicPhysics/test_ball_hits_nothing_collect/826/env/camera/cam_0,A physics simulation of a ball moving with no collision (scene 826),,60
/scratch/vcj9002/MagicPhysics/test_ball_hits_nothing_collect/827/env/camera/cam_0,A physics simulation of a ball moving with no collision (scene 827),,60
/scratch/vcj9002/MagicPhysics/test_ball_hits_nothing_collect/828/env/camera/cam_0,A physics simulation of a ball moving with no collision (scene 828),,60
/scratch/vcj9002/MagicPhysics/test_ball_hits_nothing_collect/829/env/camera/cam_0,A physics simulation of a ball moving with no collision (scene 829),,60
/scratch/vcj9002/MagicPhysics/test_ball_hits_nothing_collect/83/env/camera/cam_0,A physics simulation of a ball moving with no collision (scene 83),,60
/scratch/vcj9002/MagicPhysics/test_ball_hits_nothing_collect/830/env/camera/cam_0,A physics simulation of a ball moving with no collision (scene 830),,60
/scratch/vcj9002/MagicPhysics/test_ball_hits_nothing_collect/831/env/camera/cam_0,A physics simulation of a ball moving with no collision (scene 831),,60
/scratch/vcj9002/MagicPhysics/test_ball_hits_nothing_collect/832/env/camera/cam_0,A physics simulation of a ball moving with no collision (scene 832),,60
/scratch/vcj9002/MagicPhysics/test_ball_hits_nothing_collect/833/env/camera/cam_0,A physics simulation of a ball moving with no collision (scene 833),,60
/scratch/vcj9002/MagicPhysics/test_ball_hits_nothing_collect/834/env/camera/cam_0,A physics simulation of a ball moving with no collision (scene 834),,60
/scratch/vcj9002/MagicPhysics/test_ball_hits_nothing_collect/835/env/camera/cam_0,A physics simulation of a ball moving with no collision (scene 835),,60
/scratch/vcj9002/MagicPhysics/test_ball_hits_nothing_collect/836/env/camera/cam_0,A physics simulation of a ball moving with no collision (scene 836),,60
/scratch/vcj9002/MagicPhysics/test_ball_hits_nothing_collect/837/env/camera/cam_0,A physics simulation of a ball moving with no collision (scene 837),,60
/scratch/vcj9002/MagicPhysics/test_ball_hits_nothing_collect/838/env/camera/cam_0,A physics simulation of a ball moving with no collision (scene 838),,60
/scratch/vcj9002/MagicPhysics/test_ball_hits_nothing_collect/839/env/camera/cam_0,A physics simulation of a ball moving with no collision (scene 839),,60
/scratch/vcj9002/MagicPhysics/test_ball_hits_nothing_collect/84/env/camera/cam_0,A physics simulation of a ball moving with no collision (scene 84),,60
/scratch/vcj9002/MagicPhysics/test_ball_hits_nothing_collect/840/env/camera/cam_0,A physics simulation of a ball moving with no collision (scene 840),,60
/scratch/vcj9002/MagicPhysics/test_ball_hits_nothing_collect/841/env/camera/cam_0,A physics simulation of a ball moving with no collision (scene 841),,60
/scratch/vcj9002/MagicPhysics/test_ball_hits_nothing_collect/842/env/camera/cam_0,A physics simulation of a ball moving with no collision (scene 842),,60
/scratch/vcj9002/MagicPhysics/test_ball_hits_nothing_collect/843/env/camera/cam_0,A physics simulation of a ball moving with no collision (scene 843),,60
/scratch/vcj9002/MagicPhysics/test_ball_hits_nothing_collect/844/env/camera/cam_0,A physics simulation of a ball moving with no collision (scene 844),,60
/scratch/vcj9002/MagicPhysics/test_ball_hits_nothing_collect/845/env/camera/cam_0,A physics simulation of a ball moving with no collision (scene 845),,60
/scratch/vcj9002/MagicPhysics/test_ball_hits_nothing_collect/846/env/camera/cam_0,A physics simulation of a ball moving with no collision (scene 846),,60
/scratch/vcj9002/MagicPhysics/test_ball_hits_nothing_collect/847/env/camera/cam_0,A physics simulation of a ball moving with no collision (scene 847),,60
/scratch/vcj9002/MagicPhysics/test_ball_hits_nothing_collect/848/env/camera/cam_0,A physics simulation of a ball moving with no collision (scene 848),,60
/scratch/vcj9002/MagicPhysics/test_ball_hits_nothing_collect/849/env/camera/cam_0,A physics simulation of a ball moving with no collision (scene 849),,60
/scratch/vcj9002/MagicPhysics/test_ball_hits_nothing_collect/85/env/camera/cam_0,A physics simulation of a ball moving with no collision (scene 85),,60
/scratch/vcj9002/MagicPhysics/test_ball_hits_nothing_collect/850/env/camera/cam_0,A physics simulation of a ball moving with no collision (scene 850),,60
/scratch/vcj9002/MagicPhysics/test_ball_hits_nothing_collect/851/env/camera/cam_0,A physics simulation of a ball moving with no collision (scene 851),,60
/scratch/vcj9002/MagicPhysics/test_ball_hits_nothing_collect/852/env/camera/cam_0,A physics simulation of a ball moving with no collision (scene 852),,60
/scratch/vcj9002/MagicPhysics/test_ball_hits_nothing_collect/853/env/camera/cam_0,A physics simulation of a ball moving with no collision (scene 853),,60
/scratch/vcj9002/MagicPhysics/test_ball_hits_nothing_collect/854/env/camera/cam_0,A physics simulation of a ball moving with no collision (scene 854),,60
/scratch/vcj9002/MagicPhysics/test_ball_hits_nothing_collect/855/env/camera/cam_0,A physics simulation of a ball moving with no collision (scene 855),,60
/scratch/vcj9002/MagicPhysics/test_ball_hits_nothing_collect/856/env/camera/cam_0,A physics simulation of a ball moving with no collision (scene 856),,60
/scratch/vcj9002/MagicPhysics/test_ball_hits_nothing_collect/857/env/camera/cam_0,A physics simulation of a ball moving with no collision (scene 857),,60
/scratch/vcj9002/MagicPhysics/test_ball_hits_nothing_collect/858/env/camera/cam_0,A physics simulation of a ball moving with no collision (scene 858),,60
/scratch/vcj9002/MagicPhysics/test_ball_hits_nothing_collect/859/env/camera/cam_0,A physics simulation of a ball moving with no collision (scene 859),,60
/scratch/vcj9002/MagicPhysics/test_ball_hits_nothing_collect/86/env/camera/cam_0,A physics simulation of a ball moving with no collision (scene 86),,60
/scratch/vcj9002/MagicPhysics/test_ball_hits_nothing_collect/860/env/camera/cam_0,A physics simulation of a ball moving with no collision (scene 860),,60
/scratch/vcj9002/MagicPhysics/test_ball_hits_nothing_collect/861/env/camera/cam_0,A physics simulation of a ball moving with no collision (scene 861),,60
/scratch/vcj9002/MagicPhysics/test_ball_hits_nothing_collect/863/env/camera/cam_0,A physics simulation of a ball moving with no collision (scene 863),,60
/scratch/vcj9002/MagicPhysics/test_ball_hits_nothing_collect/864/env/camera/cam_0,A physics simulation of a ball moving with no collision (scene 864),,60
/scratch/vcj9002/MagicPhysics/test_ball_hits_nothing_collect/865/env/camera/cam_0,A physics simulation of a ball moving with no collision (scene 865),,60
/scratch/vcj9002/MagicPhysics/test_ball_hits_nothing_collect/866/env/camera/cam_0,A physics simulation of a ball moving with no collision (scene 866),,60
/scratch/vcj9002/MagicPhysics/test_ball_hits_nothing_collect/867/env/camera/cam_0,A physics simulation of a ball moving with no collision (scene 867),,60
/scratch/vcj9002/MagicPhysics/test_ball_hits_nothing_collect/868/env/camera/cam_0,A physics simulation of a ball moving with no collision (scene 868),,60
/scratch/vcj9002/MagicPhysics/test_ball_hits_nothing_collect/869/env/camera/cam_0,A physics simulation of a ball moving with no collision (scene 869),,60
/scratch/vcj9002/MagicPhysics/test_ball_hits_nothing_collect/87/env/camera/cam_0,A physics simulation of a ball moving with no collision (scene 87),,60
/scratch/vcj9002/MagicPhysics/test_ball_hits_nothing_collect/870/env/camera/cam_0,A physics simulation of a ball moving with no collision (scene 870),,60
/scratch/vcj9002/MagicPhysics/test_ball_hits_nothing_collect/871/env/camera/cam_0,A physics simulation of a ball moving with no collision (scene 871),,60
/scratch/vcj9002/MagicPhysics/test_ball_hits_nothing_collect/872/env/camera/cam_0,A physics simulation of a ball moving with no collision (scene 872),,60
/scratch/vcj9002/MagicPhysics/test_ball_hits_nothing_collect/873/env/camera/cam_0,A physics simulation of a ball moving with no collision (scene 873),,60
/scratch/vcj9002/MagicPhysics/test_ball_hits_nothing_collect/874/env/camera/cam_0,A physics simulation of a ball moving with no collision (scene 874),,60
/scratch/vcj9002/MagicPhysics/test_ball_hits_nothing_collect/875/env/camera/cam_0,A physics simulation of a ball moving with no collision (scene 875),,60
/scratch/vcj9002/MagicPhysics/test_ball_hits_nothing_collect/876/env/camera/cam_0,A physics simulation of a ball moving with no collision (scene 876),,60
/scratch/vcj9002/MagicPhysics/test_ball_hits_nothing_collect/877/env/camera/cam_0,A physics simulation of a ball moving with no collision (scene 877),,60
/scratch/vcj9002/MagicPhysics/test_ball_hits_nothing_collect/878/env/camera/cam_0,A physics simulation of a ball moving with no collision (scene 878),,60
/scratch/vcj9002/MagicPhysics/test_ball_hits_nothing_collect/879/env/camera/cam_0,A physics simulation of a ball moving with no collision (scene 879),,60
/scratch/vcj9002/MagicPhysics/test_ball_hits_nothing_collect/88/env/camera/cam_0,A physics simulation of a ball moving with no collision (scene 88),,60
/scratch/vcj9002/MagicPhysics/test_ball_hits_nothing_collect/880/env/camera/cam_0,A physics simulation of a ball moving with no collision (scene 880),,60
/scratch/vcj9002/MagicPhysics/test_ball_hits_nothing_collect/881/env/camera/cam_0,A physics simulation of a ball moving with no collision (scene 881),,60
/scratch/vcj9002/MagicPhysics/test_ball_hits_nothing_collect/882/env/camera/cam_0,A physics simulation of a ball moving with no collision (scene 882),,60
/scratch/vcj9002/MagicPhysics/test_ball_hits_nothing_collect/883/env/camera/cam_0,A physics simulation of a ball moving with no collision (scene 883),,60
/scratch/vcj9002/MagicPhysics/test_ball_hits_nothing_collect/884/env/camera/cam_0,A physics simulation of a ball moving with no collision (scene 884),,60
/scratch/vcj9002/MagicPhysics/test_ball_hits_nothing_collect/885/env/camera/cam_0,A physics simulation of a ball moving with no collision (scene 885),,60
/scratch/vcj9002/MagicPhysics/test_ball_hits_nothing_collect/886/env/camera/cam_0,A physics simulation of a ball moving with no collision (scene 886),,60
/scratch/vcj9002/MagicPhysics/test_ball_hits_nothing_collect/887/env/camera/cam_0,A physics simulation of a ball moving with no collision (scene 887),,60
/scratch/vcj9002/MagicPhysics/test_ball_hits_nothing_collect/888/env/camera/cam_0,A physics simulation of a ball moving with no collision (scene 888),,60
/scratch/vcj9002/MagicPhysics/test_ball_hits_nothing_collect/889/env/camera/cam_0,A physics simulation of a ball moving with no collision (scene 889),,60
/scratch/vcj9002/MagicPhysics/test_ball_hits_nothing_collect/89/env/camera/cam_0,A physics simulation of a ball moving with no collision (scene 89),,60
/scratch/vcj9002/MagicPhysics/test_ball_hits_nothing_collect/890/env/camera/cam_0,A physics simulation of a ball moving with no collision (scene 890),,60
/scratch/vcj9002/MagicPhysics/test_ball_hits_nothing_collect/891/env/camera/cam_0,A physics simulation of a ball moving with no collision (scene 891),,60
/scratch/vcj9002/MagicPhysics/test_ball_hits_nothing_collect/892/env/camera/cam_0,A physics simulation of a ball moving with no collision (scene 892),,60
/scratch/vcj9002/MagicPhysics/test_ball_hits_nothing_collect/893/env/camera/cam_0,A physics simulation of a ball moving with no collision (scene 893),,60
/scratch/vcj9002/MagicPhysics/test_ball_hits_nothing_collect/894/env/camera/cam_0,A physics simulation of a ball moving with no collision (scene 894),,60
/scratch/vcj9002/MagicPhysics/test_ball_hits_nothing_collect/895/env/camera/cam_0,A physics simulation of a ball moving with no collision (scene 895),,60
/scratch/vcj9002/MagicPhysics/test_ball_hits_nothing_collect/896/env/camera/cam_0,A physics simulation of a ball moving with no collision (scene 896),,60
/scratch/vcj9002/MagicPhysics/test_ball_hits_nothing_collect/897/env/camera/cam_0,A physics simulation of a ball moving with no collision (scene 897),,60
/scratch/vcj9002/MagicPhysics/test_ball_hits_nothing_collect/898/env/camera/cam_0,A physics simulation of a ball moving with no collision (scene 898),,60
/scratch/vcj9002/MagicPhysics/test_ball_hits_nothing_collect/899/env/camera/cam_0,A physics simulation of a ball moving with no collision (scene 899),,60
/scratch/vcj9002/MagicPhysics/test_ball_hits_nothing_collect/9/env/camera/cam_0,A physics simulation of a ball moving with no collision (scene 9),,59
/scratch/vcj9002/MagicPhysics/test_ball_hits_nothing_collect/90/env/camera/cam_0,A physics simulation of a ball moving with no collision (scene 90),,60
/scratch/vcj9002/MagicPhysics/test_ball_hits_nothing_collect/900/env/camera/cam_0,A physics simulation of a ball moving with no collision (scene 900),,60
/scratch/vcj9002/MagicPhysics/test_ball_hits_nothing_collect/901/env/camera/cam_0,A physics simulation of a ball moving with no collision (scene 901),,60
/scratch/vcj9002/MagicPhysics/test_ball_hits_nothing_collect/902/env/camera/cam_0,A physics simulation of a ball moving with no collision (scene 902),,60
/scratch/vcj9002/MagicPhysics/test_ball_hits_nothing_collect/903/env/camera/cam_0,A physics simulation of a ball moving with no collision (scene 903),,60
/scratch/vcj9002/MagicPhysics/test_ball_hits_nothing_collect/904/env/camera/cam_0,A physics simulation of a ball moving with no collision (scene 904),,60
/scratch/vcj9002/MagicPhysics/test_ball_hits_nothing_collect/905/env/camera/cam_0,A physics simulation of a ball moving with no collision (scene 905),,60
/scratch/vcj9002/MagicPhysics/test_ball_hits_nothing_collect/906/env/camera/cam_0,A physics simulation of a ball moving with no collision (scene 906),,60
/scratch/vcj9002/MagicPhysics/test_ball_hits_nothing_collect/907/env/camera/cam_0,A physics simulation of a ball moving with no collision (scene 907),,60
/scratch/vcj9002/MagicPhysics/test_ball_hits_nothing_collect/908/env/camera/cam_0,A physics simulation of a ball moving with no collision (scene 908),,60
/scratch/vcj9002/MagicPhysics/test_ball_hits_nothing_collect/909/env/camera/cam_0,A physics simulation of a ball moving with no collision (scene 909),,60
/scratch/vcj9002/MagicPhysics/test_ball_hits_nothing_collect/91/env/camera/cam_0,A physics simulation of a ball moving with no collision (scene 91),,60
/scratch/vcj9002/MagicPhysics/test_ball_hits_nothing_collect/910/env/camera/cam_0,A physics simulation of a ball moving with no collision (scene 910),,60
/scratch/vcj9002/MagicPhysics/test_ball_hits_nothing_collect/911/env/camera/cam_0,A physics simulation of a ball moving with no collision (scene 911),,60
/scratch/vcj9002/MagicPhysics/test_ball_hits_nothing_collect/912/env/camera/cam_0,A physics simulation of a ball moving with no collision (scene 912),,60
/scratch/vcj9002/MagicPhysics/test_ball_hits_nothing_collect/913/env/camera/cam_0,A physics simulation of a ball moving with no collision (scene 913),,60
/scratch/vcj9002/MagicPhysics/test_ball_hits_nothing_collect/914/env/camera/cam_0,A physics simulation of a ball moving with no collision (scene 914),,60
/scratch/vcj9002/MagicPhysics/test_ball_hits_nothing_collect/915/env/camera/cam_0,A physics simulation of a ball moving with no collision (scene 915),,60
/scratch/vcj9002/MagicPhysics/test_ball_hits_nothing_collect/916/env/camera/cam_0,A physics simulation of a ball moving with no collision (scene 916),,60
/scratch/vcj9002/MagicPhysics/test_ball_hits_nothing_collect/917/env/camera/cam_0,A physics simulation of a ball moving with no collision (scene 917),,60
/scratch/vcj9002/MagicPhysics/test_ball_hits_nothing_collect/918/env/camera/cam_0,A physics simulation of a ball moving with no collision (scene 918),,60
/scratch/vcj9002/MagicPhysics/test_ball_hits_nothing_collect/919/env/camera/cam_0,A physics simulation of a ball moving with no collision (scene 919),,60
/scratch/vcj9002/MagicPhysics/test_ball_hits_nothing_collect/92/env/camera/cam_0,A physics simulation of a ball moving with no collision (scene 92),,60
/scratch/vcj9002/MagicPhysics/test_ball_hits_nothing_collect/920/env/camera/cam_0,A physics simulation of a ball moving with no collision (scene 920),,60
/scratch/vcj9002/MagicPhysics/test_ball_hits_nothing_collect/921/env/camera/cam_0,A physics simulation of a ball moving with no collision (scene 921),,60
/scratch/vcj9002/MagicPhysics/test_ball_hits_nothing_collect/922/env/camera/cam_0,A physics simulation of a ball moving with no collision (scene 922),,60
/scratch/vcj9002/MagicPhysics/test_ball_hits_nothing_collect/923/env/camera/cam_0,A physics simulation of a ball moving with no collision (scene 923),,60
/scratch/vcj9002/MagicPhysics/test_ball_hits_nothing_collect/924/env/camera/cam_0,A physics simulation of a ball moving with no collision (scene 924),,60
/scratch/vcj9002/MagicPhysics/test_ball_hits_nothing_collect/925/env/camera/cam_0,A physics simulation of a ball moving with no collision (scene 925),,60
/scratch/vcj9002/MagicPhysics/test_ball_hits_nothing_collect/926/env/camera/cam_0,A physics simulation of a ball moving with no collision (scene 926),,60
/scratch/vcj9002/MagicPhysics/test_ball_hits_nothing_collect/927/env/camera/cam_0,A physics simulation of a ball moving with no collision (scene 927),,60
/scratch/vcj9002/MagicPhysics/test_ball_hits_nothing_collect/928/env/camera/cam_0,A physics simulation of a ball moving with no collision (scene 928),,60
/scratch/vcj9002/MagicPhysics/test_ball_hits_nothing_collect/929/env/camera/cam_0,A physics simulation of a ball moving with no collision (scene 929),,60
/scratch/vcj9002/MagicPhysics/test_ball_hits_nothing_collect/93/env/camera/cam_0,A physics simulation of a ball moving with no collision (scene 93),,60
/scratch/vcj9002/MagicPhysics/test_ball_hits_nothing_collect/930/env/camera/cam_0,A physics simulation of a ball moving with no collision (scene 930),,60
/scratch/vcj9002/MagicPhysics/test_ball_hits_nothing_collect/931/env/camera/cam_0,A physics simulation of a ball moving with no collision (scene 931),,60
/scratch/vcj9002/MagicPhysics/test_ball_hits_nothing_collect/932/env/camera/cam_0,A physics simulation of a ball moving with no collision (scene 932),,60
/scratch/vcj9002/MagicPhysics/test_ball_hits_nothing_collect/933/env/camera/cam_0,A physics simulation of a ball moving with no collision (scene 933),,60
/scratch/vcj9002/MagicPhysics/test_ball_hits_nothing_collect/934/env/camera/cam_0,A physics simulation of a ball moving with no collision (scene 934),,60
/scratch/vcj9002/MagicPhysics/test_ball_hits_nothing_collect/935/env/camera/cam_0,A physics simulation of a ball moving with no collision (scene 935),,60
/scratch/vcj9002/MagicPhysics/test_ball_hits_nothing_collect/936/env/camera/cam_0,A physics simulation of a ball moving with no collision (scene 936),,60
/scratch/vcj9002/MagicPhysics/test_ball_hits_nothing_collect/937/env/camera/cam_0,A physics simulation of a ball moving with no collision (scene 937),,60
/scratch/vcj9002/MagicPhysics/test_ball_hits_nothing_collect/938/env/camera/cam_0,A physics simulation of a ball moving with no collision (scene 938),,60
/scratch/vcj9002/MagicPhysics/test_ball_hits_nothing_collect/939/env/camera/cam_0,A physics simulation of a ball moving with no collision (scene 939),,60
/scratch/vcj9002/MagicPhysics/test_ball_hits_nothing_collect/94/env/camera/cam_0,A physics simulation of a ball moving with no collision (scene 94),,60
/scratch/vcj9002/MagicPhysics/test_ball_hits_nothing_collect/940/env/camera/cam_0,A physics simulation of a ball moving with no collision (scene 940),,60
/scratch/vcj9002/MagicPhysics/test_ball_hits_nothing_collect/941/env/camera/cam_0,A physics simulation of a ball moving with no collision (scene 941),,60
/scratch/vcj9002/MagicPhysics/test_ball_hits_nothing_collect/942/env/camera/cam_0,A physics simulation of a ball moving with no collision (scene 942),,60
/scratch/vcj9002/MagicPhysics/test_ball_hits_nothing_collect/943/env/camera/cam_0,A physics simulation of a ball moving with no collision (scene 943),,60
/scratch/vcj9002/MagicPhysics/test_ball_hits_nothing_collect/944/env/camera/cam_0,A physics simulation of a ball moving with no collision (scene 944),,60
/scratch/vcj9002/MagicPhysics/test_ball_hits_nothing_collect/945/env/camera/cam_0,A physics simulation of a ball moving with no collision (scene 945),,60
/scratch/vcj9002/MagicPhysics/test_ball_hits_nothing_collect/946/env/camera/cam_0,A physics simulation of a ball moving with no collision (scene 946),,60
/scratch/vcj9002/MagicPhysics/test_ball_hits_nothing_collect/947/env/camera/cam_0,A physics simulation of a ball moving with no collision (scene 947),,60
/scratch/vcj9002/MagicPhysics/test_ball_hits_nothing_collect/948/env/camera/cam_0,A physics simulation of a ball moving with no collision (scene 948),,60
/scratch/vcj9002/MagicPhysics/test_ball_hits_nothing_collect/949/env/camera/cam_0,A physics simulation of a ball moving with no collision (scene 949),,60
/scratch/vcj9002/MagicPhysics/test_ball_hits_nothing_collect/95/env/camera/cam_0,A physics simulation of a ball moving with no collision (scene 95),,60
/scratch/vcj9002/MagicPhysics/test_ball_hits_nothing_collect/950/env/camera/cam_0,A physics simulation of a ball moving with no collision (scene 950),,60
/scratch/vcj9002/MagicPhysics/test_ball_hits_nothing_collect/951/env/camera/cam_0,A physics simulation of a ball moving with no collision (scene 951),,60
/scratch/vcj9002/MagicPhysics/test_ball_hits_nothing_collect/952/env/camera/cam_0,A physics simulation of a ball moving with no collision (scene 952),,60
/scratch/vcj9002/MagicPhysics/test_ball_hits_nothing_collect/953/env/camera/cam_0,A physics simulation of a ball moving with no collision (scene 953),,60
/scratch/vcj9002/MagicPhysics/test_ball_hits_nothing_collect/954/env/camera/cam_0,A physics simulation of a ball moving with no collision (scene 954),,60
/scratch/vcj9002/MagicPhysics/test_ball_hits_nothing_collect/955/env/camera/cam_0,A physics simulation of a ball moving with no collision (scene 955),,60
/scratch/vcj9002/MagicPhysics/test_ball_hits_nothing_collect/956/env/camera/cam_0,A physics simulation of a ball moving with no collision (scene 956),,60
/scratch/vcj9002/MagicPhysics/test_ball_hits_nothing_collect/957/env/camera/cam_0,A physics simulation of a ball moving with no collision (scene 957),,60
/scratch/vcj9002/MagicPhysics/test_ball_hits_nothing_collect/958/env/camera/cam_0,A physics simulation of a ball moving with no collision (scene 958),,60
/scratch/vcj9002/MagicPhysics/test_ball_hits_nothing_collect/959/env/camera/cam_0,A physics simulation of a ball moving with no collision (scene 959),,60
/scratch/vcj9002/MagicPhysics/test_ball_hits_nothing_collect/96/env/camera/cam_0,A physics simulation of a ball moving with no collision (scene 96),,60
/scratch/vcj9002/MagicPhysics/test_ball_hits_nothing_collect/960/env/camera/cam_0,A physics simulation of a ball moving with no collision (scene 960),,60
/scratch/vcj9002/MagicPhysics/test_ball_hits_nothing_collect/961/env/camera/cam_0,A physics simulation of a ball moving with no collision (scene 961),,60
/scratch/vcj9002/MagicPhysics/test_ball_hits_nothing_collect/962/env/camera/cam_0,A physics simulation of a ball moving with no collision (scene 962),,60
/scratch/vcj9002/MagicPhysics/test_ball_hits_nothing_collect/963/env/camera/cam_0,A physics simulation of a ball moving with no collision (scene 963),,60
/scratch/vcj9002/MagicPhysics/test_ball_hits_nothing_collect/964/env/camera/cam_0,A physics simulation of a ball moving with no collision (scene 964),,60
/scratch/vcj9002/MagicPhysics/test_ball_hits_nothing_collect/965/env/camera/cam_0,A physics simulation of a ball moving with no collision (scene 965),,60
/scratch/vcj9002/MagicPhysics/test_ball_hits_nothing_collect/966/env/camera/cam_0,A physics simulation of a ball moving with no collision (scene 966),,60
/scratch/vcj9002/MagicPhysics/test_ball_hits_nothing_collect/967/env/camera/cam_0,A physics simulation of a ball moving with no collision (scene 967),,60
/scratch/vcj9002/MagicPhysics/test_ball_hits_nothing_collect/968/env/camera/cam_0,A physics simulation of a ball moving with no collision (scene 968),,60
/scratch/vcj9002/MagicPhysics/test_ball_hits_nothing_collect/969/env/camera/cam_0,A physics simulation of a ball moving with no collision (scene 969),,60
/scratch/vcj9002/MagicPhysics/test_ball_hits_nothing_collect/97/env/camera/cam_0,A physics simulation of a ball moving with no collision (scene 97),,60
/scratch/vcj9002/MagicPhysics/test_ball_hits_nothing_collect/970/env/camera/cam_0,A physics simulation of a ball moving with no collision (scene 970),,60
/scratch/vcj9002/MagicPhysics/test_ball_hits_nothing_collect/971/env/camera/cam_0,A physics simulation of a ball moving with no collision (scene 971),,60
/scratch/vcj9002/MagicPhysics/test_ball_hits_nothing_collect/972/env/camera/cam_0,A physics simulation of a ball moving with no collision (scene 972),,60
/scratch/vcj9002/MagicPhysics/test_ball_hits_nothing_collect/973/env/camera/cam_0,A physics simulation of a ball moving with no collision (scene 973),,60
/scratch/vcj9002/MagicPhysics/test_ball_hits_nothing_collect/974/env/camera/cam_0,A physics simulation of a ball moving with no collision (scene 974),,60
/scratch/vcj9002/MagicPhysics/test_ball_hits_nothing_collect/975/env/camera/cam_0,A physics simulation of a ball moving with no collision (scene 975),,60
/scratch/vcj9002/MagicPhysics/test_ball_hits_nothing_collect/976/env/camera/cam_0,A physics simulation of a ball moving with no collision (scene 976),,60
/scratch/vcj9002/MagicPhysics/test_ball_hits_nothing_collect/977/env/camera/cam_0,A physics simulation of a ball moving with no collision (scene 977),,60
/scratch/vcj9002/MagicPhysics/test_ball_hits_nothing_collect/978/env/camera/cam_0,A physics simulation of a ball moving with no collision (scene 978),,60
/scratch/vcj9002/MagicPhysics/test_ball_hits_nothing_collect/979/env/camera/cam_0,A physics simulation of a ball moving with no collision (scene 979),,60
/scratch/vcj9002/MagicPhysics/test_ball_hits_nothing_collect/98/env/camera/cam_0,A physics simulation of a ball moving with no collision (scene 98),,60
/scratch/vcj9002/MagicPhysics/test_ball_hits_nothing_collect/980/env/camera/cam_0,A physics simulation of a ball moving with no collision (scene 980),,60
/scratch/vcj9002/MagicPhysics/test_ball_hits_nothing_collect/981/env/camera/cam_0,A physics simulation of a ball moving with no collision (scene 981),,60
/scratch/vcj9002/MagicPhysics/test_ball_hits_nothing_collect/982/env/camera/cam_0,A physics simulation of a ball moving with no collision (scene 982),,60
/scratch/vcj9002/MagicPhysics/test_ball_hits_nothing_collect/983/env/camera/cam_0,A physics simulation of a ball moving with no collision (scene 983),,60
/scratch/vcj9002/MagicPhysics/test_ball_hits_nothing_collect/984/env/camera/cam_0,A physics simulation of a ball moving with no collision (scene 984),,60
/scratch/vcj9002/MagicPhysics/test_ball_hits_nothing_collect/985/env/camera/cam_0,A physics simulation of a ball moving with no collision (scene 985),,60
/scratch/vcj9002/MagicPhysics/test_ball_hits_nothing_collect/986/env/camera/cam_0,A physics simulation of a ball moving with no collision (scene 986),,60
/scratch/vcj9002/MagicPhysics/test_ball_hits_nothing_collect/987/env/camera/cam_0,A physics simulation of a ball moving with no collision (scene 987),,60
/scratch/vcj9002/MagicPhysics/test_ball_hits_nothing_collect/988/env/camera/cam_0,A physics simulation of a ball moving with no collision (scene 988),,60
/scratch/vcj9002/MagicPhysics/test_ball_hits_nothing_collect/989/env/camera/cam_0,A physics simulation of a ball moving with no collision (scene 989),,60
/scratch/vcj9002/MagicPhysics/test_ball_hits_nothing_collect/99/env/camera/cam_0,A physics simulation of a ball moving with no collision (scene 99),,60
/scratch/vcj9002/MagicPhysics/test_ball_hits_nothing_collect/990/env/camera/cam_0,A physics simulation of a ball moving with no collision (scene 990),,60
/scratch/vcj9002/MagicPhysics/test_ball_hits_nothing_collect/991/env/camera/cam_0,A physics simulation of a ball moving with no collision (scene 991),,60
/scratch/vcj9002/MagicPhysics/test_ball_hits_nothing_collect/992/env/camera/cam_0,A physics simulation of a ball moving with no collision (scene 992),,60
/scratch/vcj9002/MagicPhysics/test_ball_hits_nothing_collect/993/env/camera/cam_0,A physics simulation of a ball moving with no collision (scene 993),,60
/scratch/vcj9002/MagicPhysics/test_ball_hits_nothing_collect/994/env/camera/cam_0,A physics simulation of a ball moving with no collision (scene 994),,60
/scratch/vcj9002/MagicPhysics/test_ball_hits_nothing_collect/995/env/camera/cam_0,A physics simulation of a ball moving with no collision (scene 995),,60
/scratch/vcj9002/MagicPhysics/test_ball_hits_nothing_collect/996/env/camera/cam_0,A physics simulation of a ball moving with no collision (scene 996),,60
/scratch/vcj9002/MagicPhysics/test_ball_hits_nothing_collect/997/env/camera/cam_0,A physics simulation of a ball moving with no collision (scene 997),,60
/scratch/vcj9002/MagicPhysics/test_ball_hits_nothing_collect/998/env/camera/cam_0,A physics simulation of a ball moving with no collision (scene 998),,60
/scratch/vcj9002/MagicPhysics/test_ball_hits_nothing_collect/999/env/camera/cam_0,A physics simulation of a ball moving with no collision (scene 999),,60
/scratch/vcj9002/MagicPhysics/test_ball_in_basket_collect/0/env/camera/cam_0,A physics simulation of a ball going into a basket (scene 0),,26
/scratch/vcj9002/MagicPhysics/test_ball_in_basket_collect/1/env/camera/cam_0,A physics simulation of a ball going into a basket (scene 1),,26
/scratch/vcj9002/MagicPhysics/test_ball_in_basket_collect/10/env/camera/cam_0,A physics simulation of a ball going into a basket (scene 10),,45
/scratch/vcj9002/MagicPhysics/test_ball_in_basket_collect/100/env/camera/cam_0,A physics simulation of a ball going into a basket (scene 100),,55
/scratch/vcj9002/MagicPhysics/test_ball_in_basket_collect/101/env/camera/cam_0,A physics simulation of a ball going into a basket (scene 101),,44
/scratch/vcj9002/MagicPhysics/test_ball_in_basket_collect/102/env/camera/cam_0,A physics simulation of a ball going into a basket (scene 102),,44
/scratch/vcj9002/MagicPhysics/test_ball_in_basket_collect/103/env/camera/cam_0,A physics simulation of a ball going into a basket (scene 103),,51
/scratch/vcj9002/MagicPhysics/test_ball_in_basket_collect/104/env/camera/cam_0,A physics simulation of a ball going into a basket (scene 104),,53
/scratch/vcj9002/MagicPhysics/test_ball_in_basket_collect/105/env/camera/cam_0,A physics simulation of a ball going into a basket (scene 105),,56
/scratch/vcj9002/MagicPhysics/test_ball_in_basket_collect/106/env/camera/cam_0,A physics simulation of a ball going into a basket (scene 106),,56
/scratch/vcj9002/MagicPhysics/test_ball_in_basket_collect/107/env/camera/cam_0,A physics simulation of a ball going into a basket (scene 107),,84
/scratch/vcj9002/MagicPhysics/test_ball_in_basket_collect/108/env/camera/cam_0,A physics simulation of a ball going into a basket (scene 108),,55
/scratch/vcj9002/MagicPhysics/test_ball_in_basket_collect/109/env/camera/cam_0,A physics simulation of a ball going into a basket (scene 109),,44
/scratch/vcj9002/MagicPhysics/test_ball_in_basket_collect/11/env/camera/cam_0,A physics simulation of a ball going into a basket (scene 11),,45
/scratch/vcj9002/MagicPhysics/test_ball_in_basket_collect/110/env/camera/cam_0,A physics simulation of a ball going into a basket (scene 110),,54
/scratch/vcj9002/MagicPhysics/test_ball_in_basket_collect/111/env/camera/cam_0,A physics simulation of a ball going into a basket (scene 111),,51
/scratch/vcj9002/MagicPhysics/test_ball_in_basket_collect/112/env/camera/cam_0,A physics simulation of a ball going into a basket (scene 112),,41
/scratch/vcj9002/MagicPhysics/test_ball_in_basket_collect/113/env/camera/cam_0,A physics simulation of a ball going into a basket (scene 113),,47
/scratch/vcj9002/MagicPhysics/test_ball_in_basket_collect/114/env/camera/cam_0,A physics simulation of a ball going into a basket (scene 114),,44
/scratch/vcj9002/MagicPhysics/test_ball_in_basket_collect/115/env/camera/cam_0,A physics simulation of a ball going into a basket (scene 115),,47
/scratch/vcj9002/MagicPhysics/test_ball_in_basket_collect/116/env/camera/cam_0,A physics simulation of a ball going into a basket (scene 116),,62
/scratch/vcj9002/MagicPhysics/test_ball_in_basket_collect/117/env/camera/cam_0,A physics simulation of a ball going into a basket (scene 117),,62
/scratch/vcj9002/MagicPhysics/test_ball_in_basket_collect/118/env/camera/cam_0,A physics simulation of a ball going into a basket (scene 118),,44
/scratch/vcj9002/MagicPhysics/test_ball_in_basket_collect/119/env/camera/cam_0,A physics simulation of a ball going into a basket (scene 119),,50
/scratch/vcj9002/MagicPhysics/test_ball_in_basket_collect/12/env/camera/cam_0,A physics simulation of a ball going into a basket (scene 12),,48
/scratch/vcj9002/MagicPhysics/test_ball_in_basket_collect/120/env/camera/cam_0,A physics simulation of a ball going into a basket (scene 120),,54
/scratch/vcj9002/MagicPhysics/test_ball_in_basket_collect/121/env/camera/cam_0,A physics simulation of a ball going into a basket (scene 121),,51
/scratch/vcj9002/MagicPhysics/test_ball_in_basket_collect/122/env/camera/cam_0,A physics simulation of a ball going into a basket (scene 122),,53
/scratch/vcj9002/MagicPhysics/test_ball_in_basket_collect/123/env/camera/cam_0,A physics simulation of a ball going into a basket (scene 123),,55
/scratch/vcj9002/MagicPhysics/test_ball_in_basket_collect/124/env/camera/cam_0,A physics simulation of a ball going into a basket (scene 124),,44
/scratch/vcj9002/MagicPhysics/test_ball_in_basket_collect/125/env/camera/cam_0,A physics simulation of a ball going into a basket (scene 125),,44
/scratch/vcj9002/MagicPhysics/test_ball_in_basket_collect/126/env/camera/cam_0,A physics simulation of a ball going into a basket (scene 126),,31
/scratch/vcj9002/MagicPhysics/test_ball_in_basket_collect/127/env/camera/cam_0,A physics simulation of a ball going into a basket (scene 127),,44
/scratch/vcj9002/MagicPhysics/test_ball_in_basket_collect/128/env/camera/cam_0,A physics simulation of a ball going into a basket (scene 128),,41
/scratch/vcj9002/MagicPhysics/test_ball_in_basket_collect/129/env/camera/cam_0,A physics simulation of a ball going into a basket (scene 129),,44
/scratch/vcj9002/MagicPhysics/test_ball_in_basket_collect/13/env/camera/cam_0,A physics simulation of a ball going into a basket (scene 13),,54
/scratch/vcj9002/MagicPhysics/test_ball_in_basket_collect/130/env/camera/cam_0,A physics simulation of a ball going into a basket (scene 130),,52
/scratch/vcj9002/MagicPhysics/test_ball_in_basket_collect/131/env/camera/cam_0,A physics simulation of a ball going into a basket (scene 131),,31
/scratch/vcj9002/MagicPhysics/test_ball_in_basket_collect/132/env/camera/cam_0,A physics simulation of a ball going into a basket (scene 132),,44
/scratch/vcj9002/MagicPhysics/test_ball_in_basket_collect/133/env/camera/cam_0,A physics simulation of a ball going into a basket (scene 133),,44
/scratch/vcj9002/MagicPhysics/test_ball_in_basket_collect/134/env/camera/cam_0,A physics simulation of a ball going into a basket (scene 134),,44
/scratch/vcj9002/MagicPhysics/test_ball_in_basket_collect/135/env/camera/cam_0,A physics simulation of a ball going into a basket (scene 135),,44
/scratch/vcj9002/MagicPhysics/test_ball_in_basket_collect/136/env/camera/cam_0,A physics simulation of a ball going into a basket (scene 136),,49
/scratch/vcj9002/MagicPhysics/test_ball_in_basket_collect/137/env/camera/cam_0,A physics simulation of a ball going into a basket (scene 137),,44
/scratch/vcj9002/MagicPhysics/test_ball_in_basket_collect/138/env/camera/cam_0,A physics simulation of a ball going into a basket (scene 138),,54
/scratch/vcj9002/MagicPhysics/test_ball_in_basket_collect/139/env/camera/cam_0,A physics simulation of a ball going into a basket (scene 139),,57
/scratch/vcj9002/MagicPhysics/test_ball_in_basket_collect/14/env/camera/cam_0,A physics simulation of a ball going into a basket (scene 14),,54
/scratch/vcj9002/MagicPhysics/test_ball_in_basket_collect/140/env/camera/cam_0,A physics simulation of a ball going into a basket (scene 140),,34
/scratch/vcj9002/MagicPhysics/test_ball_in_basket_collect/141/env/camera/cam_0,A physics simulation of a ball going into a basket (scene 141),,44
/scratch/vcj9002/MagicPhysics/test_ball_in_basket_collect/142/env/camera/cam_0,A physics simulation of a ball going into a basket (scene 142),,44
/scratch/vcj9002/MagicPhysics/test_ball_in_basket_collect/143/env/camera/cam_0,A physics simulation of a ball going into a basket (scene 143),,41
/scratch/vcj9002/MagicPhysics/test_ball_in_basket_collect/144/env/camera/cam_0,A physics simulation of a ball going into a basket (scene 144),,53
/scratch/vcj9002/MagicPhysics/test_ball_in_basket_collect/145/env/camera/cam_0,A physics simulation of a ball going into a basket (scene 145),,54
/scratch/vcj9002/MagicPhysics/test_ball_in_basket_collect/146/env/camera/cam_0,A physics simulation of a ball going into a basket (scene 146),,59
/scratch/vcj9002/MagicPhysics/test_ball_in_basket_collect/147/env/camera/cam_0,A physics simulation of a ball going into a basket (scene 147),,54
/scratch/vcj9002/MagicPhysics/test_ball_in_basket_collect/148/env/camera/cam_0,A physics simulation of a ball going into a basket (scene 148),,54
/scratch/vcj9002/MagicPhysics/test_ball_in_basket_collect/149/env/camera/cam_0,A physics simulation of a ball going into a basket (scene 149),,44
/scratch/vcj9002/MagicPhysics/test_ball_in_basket_collect/15/env/camera/cam_0,A physics simulation of a ball going into a basket (scene 15),,55
/scratch/vcj9002/MagicPhysics/test_ball_in_basket_collect/150/env/camera/cam_0,A physics simulation of a ball going into a basket (scene 150),,48
/scratch/vcj9002/MagicPhysics/test_ball_in_basket_collect/151/env/camera/cam_0,A physics simulation of a ball going into a basket (scene 151),,51
/scratch/vcj9002/MagicPhysics/test_ball_in_basket_collect/152/env/camera/cam_0,A physics simulation of a ball going into a basket (scene 152),,55
/scratch/vcj9002/MagicPhysics/test_ball_in_basket_collect/153/env/camera/cam_0,A physics simulation of a ball going into a basket (scene 153),,44
/scratch/vcj9002/MagicPhysics/test_ball_in_basket_collect/154/env/camera/cam_0,A physics simulation of a ball going into a basket (scene 154),,53
/scratch/vcj9002/MagicPhysics/test_ball_in_basket_collect/155/env/camera/cam_0,A physics simulation of a ball going into a basket (scene 155),,44
/scratch/vcj9002/MagicPhysics/test_ball_in_basket_collect/156/env/camera/cam_0,A physics simulation of a ball going into a basket (scene 156),,41
/scratch/vcj9002/MagicPhysics/test_ball_in_basket_collect/157/env/camera/cam_0,A physics simulation of a ball going into a basket (scene 157),,50
/scratch/vcj9002/MagicPhysics/test_ball_in_basket_collect/158/env/camera/cam_0,A physics simulation of a ball going into a basket (scene 158),,44
/scratch/vcj9002/MagicPhysics/test_ball_in_basket_collect/159/env/camera/cam_0,A physics simulation of a ball going into a basket (scene 159),,41
/scratch/vcj9002/MagicPhysics/test_ball_in_basket_collect/16/env/camera/cam_0,A physics simulation of a ball going into a basket (scene 16),,60
/scratch/vcj9002/MagicPhysics/test_ball_in_basket_collect/160/env/camera/cam_0,A physics simulation of a ball going into a basket (scene 160),,54
/scratch/vcj9002/MagicPhysics/test_ball_in_basket_collect/161/env/camera/cam_0,A physics simulation of a ball going into a basket (scene 161),,56
/scratch/vcj9002/MagicPhysics/test_ball_in_basket_collect/162/env/camera/cam_0,A physics simulation of a ball going into a basket (scene 162),,41
/scratch/vcj9002/MagicPhysics/test_ball_in_basket_collect/163/env/camera/cam_0,A physics simulation of a ball going into a basket (scene 163),,47
/scratch/vcj9002/MagicPhysics/test_ball_in_basket_collect/164/env/camera/cam_0,A physics simulation of a ball going into a basket (scene 164),,47
/scratch/vcj9002/MagicPhysics/test_ball_in_basket_collect/165/env/camera/cam_0,A physics simulation of a ball going into a basket (scene 165),,53
/scratch/vcj9002/MagicPhysics/test_ball_in_basket_collect/166/env/camera/cam_0,A physics simulation of a ball going into a basket (scene 166),,59
/scratch/vcj9002/MagicPhysics/test_ball_in_basket_collect/167/env/camera/cam_0,A physics simulation of a ball going into a basket (scene 167),,44
/scratch/vcj9002/MagicPhysics/test_ball_in_basket_collect/168/env/camera/cam_0,A physics simulation of a ball going into a basket (scene 168),,44
/scratch/vcj9002/MagicPhysics/test_ball_in_basket_collect/169/env/camera/cam_0,A physics simulation of a ball going into a basket (scene 169),,47
/scratch/vcj9002/MagicPhysics/test_ball_in_basket_collect/17/env/camera/cam_0,A physics simulation of a ball going into a basket (scene 17),,48
/scratch/vcj9002/MagicPhysics/test_ball_in_basket_collect/170/env/camera/cam_0,A physics simulation of a ball going into a basket (scene 170),,50
/scratch/vcj9002/MagicPhysics/test_ball_in_basket_collect/171/env/camera/cam_0,A physics simulation of a ball going into a basket (scene 171),,44
/scratch/vcj9002/MagicPhysics/test_ball_in_basket_collect/172/env/camera/cam_0,A physics simulation of a ball going into a basket (scene 172),,55
/scratch/vcj9002/MagicPhysics/test_ball_in_basket_collect/173/env/camera/cam_0,A physics simulation of a ball going into a basket (scene 173),,44
/scratch/vcj9002/MagicPhysics/test_ball_in_basket_collect/174/env/camera/cam_0,A physics simulation of a ball going into a basket (scene 174),,51
/scratch/vcj9002/MagicPhysics/test_ball_in_basket_collect/175/env/camera/cam_0,A physics simulation of a ball going into a basket (scene 175),,47
/scratch/vcj9002/MagicPhysics/test_ball_in_basket_collect/176/env/camera/cam_0,A physics simulation of a ball going into a basket (scene 176),,50
/scratch/vcj9002/MagicPhysics/test_ball_in_basket_collect/177/env/camera/cam_0,A physics simulation of a ball going into a basket (scene 177),,44
/scratch/vcj9002/MagicPhysics/test_ball_in_basket_collect/178/env/camera/cam_0,A physics simulation of a ball going into a basket (scene 178),,44
/scratch/vcj9002/MagicPhysics/test_ball_in_basket_collect/179/env/camera/cam_0,A physics simulation of a ball going into a basket (scene 179),,44
/scratch/vcj9002/MagicPhysics/test_ball_in_basket_collect/18/env/camera/cam_0,A physics simulation of a ball going into a basket (scene 18),,67
/scratch/vcj9002/MagicPhysics/test_ball_in_basket_collect/180/env/camera/cam_0,A physics simulation of a ball going into a basket (scene 180),,54
/scratch/vcj9002/MagicPhysics/test_ball_in_basket_collect/181/env/camera/cam_0,A physics simulation of a ball going into a basket (scene 181),,53
/scratch/vcj9002/MagicPhysics/test_ball_in_basket_collect/182/env/camera/cam_0,A physics simulation of a ball going into a basket (scene 182),,51
/scratch/vcj9002/MagicPhysics/test_ball_in_basket_collect/183/env/camera/cam_0,A physics simulation of a ball going into a basket (scene 183),,44
/scratch/vcj9002/MagicPhysics/test_ball_in_basket_collect/184/env/camera/cam_0,A physics simulation of a ball going into a basket (scene 184),,44
/scratch/vcj9002/MagicPhysics/test_ball_in_basket_collect/185/env/camera/cam_0,A physics simulation of a ball going into a basket (scene 185),,44
/scratch/vcj9002/MagicPhysics/test_ball_in_basket_collect/186/env/camera/cam_0,A physics simulation of a ball going into a basket (scene 186),,45
/scratch/vcj9002/MagicPhysics/test_ball_in_basket_collect/187/env/camera/cam_0,A physics simulation of a ball going into a basket (scene 187),,50
/scratch/vcj9002/MagicPhysics/test_ball_in_basket_collect/188/env/camera/cam_0,A physics simulation of a ball going into a basket (scene 188),,41
/scratch/vcj9002/MagicPhysics/test_ball_in_basket_collect/189/env/camera/cam_0,A physics simulation of a ball going into a basket (scene 189),,44
/scratch/vcj9002/MagicPhysics/test_ball_in_basket_collect/19/env/camera/cam_0,A physics simulation of a ball going into a basket (scene 19),,47
/scratch/vcj9002/MagicPhysics/test_ball_in_basket_collect/190/env/camera/cam_0,A physics simulation of a ball going into a basket (scene 190),,54
/scratch/vcj9002/MagicPhysics/test_ball_in_basket_collect/191/env/camera/cam_0,A physics simulation of a ball going into a basket (scene 191),,51
/scratch/vcj9002/MagicPhysics/test_ball_in_basket_collect/192/env/camera/cam_0,A physics simulation of a ball going into a basket (scene 192),,47
/scratch/vcj9002/MagicPhysics/test_ball_in_basket_collect/193/env/camera/cam_0,A physics simulation of a ball going into a basket (scene 193),,54
/scratch/vcj9002/MagicPhysics/test_ball_in_basket_collect/194/env/camera/cam_0,A physics simulation of a ball going into a basket (scene 194),,54
/scratch/vcj9002/MagicPhysics/test_ball_in_basket_collect/195/env/camera/cam_0,A physics simulation of a ball going into a basket (scene 195),,52
/scratch/vcj9002/MagicPhysics/test_ball_in_basket_collect/196/env/camera/cam_0,A physics simulation of a ball going into a basket (scene 196),,54
/scratch/vcj9002/MagicPhysics/test_ball_in_basket_collect/197/env/camera/cam_0,A physics simulation of a ball going into a basket (scene 197),,57
/scratch/vcj9002/MagicPhysics/test_ball_in_basket_collect/198/env/camera/cam_0,A physics simulation of a ball going into a basket (scene 198),,48
/scratch/vcj9002/MagicPhysics/test_ball_in_basket_collect/199/env/camera/cam_0,A physics simulation of a ball going into a basket (scene 199),,44
/scratch/vcj9002/MagicPhysics/test_ball_in_basket_collect/2/env/camera/cam_0,A physics simulation of a ball going into a basket (scene 2),,26
/scratch/vcj9002/MagicPhysics/test_ball_in_basket_collect/20/env/camera/cam_0,A physics simulation of a ball going into a basket (scene 20),,31
/scratch/vcj9002/MagicPhysics/test_ball_in_basket_collect/200/env/camera/cam_0,A physics simulation of a ball going into a basket (scene 200),,44
/scratch/vcj9002/MagicPhysics/test_ball_in_basket_collect/201/env/camera/cam_0,A physics simulation of a ball going into a basket (scene 201),,51
/scratch/vcj9002/MagicPhysics/test_ball_in_basket_collect/202/env/camera/cam_0,A physics simulation of a ball going into a basket (scene 202),,54
/scratch/vcj9002/MagicPhysics/test_ball_in_basket_collect/203/env/camera/cam_0,A physics simulation of a ball going into a basket (scene 203),,47
/scratch/vcj9002/MagicPhysics/test_ball_in_basket_collect/204/env/camera/cam_0,A physics simulation of a ball going into a basket (scene 204),,41
/scratch/vcj9002/MagicPhysics/test_ball_in_basket_collect/205/env/camera/cam_0,A physics simulation of a ball going into a basket (scene 205),,44
/scratch/vcj9002/MagicPhysics/test_ball_in_basket_collect/206/env/camera/cam_0,A physics simulation of a ball going into a basket (scene 206),,44
/scratch/vcj9002/MagicPhysics/test_ball_in_basket_collect/207/env/camera/cam_0,A physics simulation of a ball going into a basket (scene 207),,44
/scratch/vcj9002/MagicPhysics/test_ball_in_basket_collect/208/env/camera/cam_0,A physics simulation of a ball going into a basket (scene 208),,44
/scratch/vcj9002/MagicPhysics/test_ball_in_basket_collect/209/env/camera/cam_0,A physics simulation of a ball going into a basket (scene 209),,41
/scratch/vcj9002/MagicPhysics/test_ball_in_basket_collect/21/env/camera/cam_0,A physics simulation of a ball going into a basket (scene 21),,28
/scratch/vcj9002/MagicPhysics/test_ball_in_basket_collect/210/env/camera/cam_0,A physics simulation of a ball going into a basket (scene 210),,47
/scratch/vcj9002/MagicPhysics/test_ball_in_basket_collect/211/env/camera/cam_0,A physics simulation of a ball going into a basket (scene 211),,54
/scratch/vcj9002/MagicPhysics/test_ball_in_basket_collect/212/env/camera/cam_0,A physics simulation of a ball going into a basket (scene 212),,38
/scratch/vcj9002/MagicPhysics/test_ball_in_basket_collect/213/env/camera/cam_0,A physics simulation of a ball going into a basket (scene 213),,50
/scratch/vcj9002/MagicPhysics/test_ball_in_basket_collect/214/env/camera/cam_0,A physics simulation of a ball going into a basket (scene 214),,44
/scratch/vcj9002/MagicPhysics/test_ball_in_basket_collect/215/env/camera/cam_0,A physics simulation of a ball going into a basket (scene 215),,47
/scratch/vcj9002/MagicPhysics/test_ball_in_basket_collect/216/env/camera/cam_0,A physics simulation of a ball going into a basket (scene 216),,44
/scratch/vcj9002/MagicPhysics/test_ball_in_basket_collect/217/env/camera/cam_0,A physics simulation of a ball going into a basket (scene 217),,38
/scratch/vcj9002/MagicPhysics/test_ball_in_basket_collect/218/env/camera/cam_0,A physics simulation of a ball going into a basket (scene 218),,47
/scratch/vcj9002/MagicPhysics/test_ball_in_basket_collect/219/env/camera/cam_0,A physics simulation of a ball going into a basket (scene 219),,47
/scratch/vcj9002/MagicPhysics/test_ball_in_basket_collect/22/env/camera/cam_0,A physics simulation of a ball going into a basket (scene 22),,51
/scratch/vcj9002/MagicPhysics/test_ball_in_basket_collect/220/env/camera/cam_0,A physics simulation of a ball going into a basket (scene 220),,41
/scratch/vcj9002/MagicPhysics/test_ball_in_basket_collect/221/env/camera/cam_0,A physics simulation of a ball going into a basket (scene 221),,34
/scratch/vcj9002/MagicPhysics/test_ball_in_basket_collect/222/env/camera/cam_0,A physics simulation of a ball going into a basket (scene 222),,44
/scratch/vcj9002/MagicPhysics/test_ball_in_basket_collect/223/env/camera/cam_0,A physics simulation of a ball going into a basket (scene 223),,44
/scratch/vcj9002/MagicPhysics/test_ball_in_basket_collect/224/env/camera/cam_0,A physics simulation of a ball going into a basket (scene 224),,44
/scratch/vcj9002/MagicPhysics/test_ball_in_basket_collect/225/env/camera/cam_0,A physics simulation of a ball going into a basket (scene 225),,55
/scratch/vcj9002/MagicPhysics/test_ball_in_basket_collect/226/env/camera/cam_0,A physics simulation of a ball going into a basket (scene 226),,53
/scratch/vcj9002/MagicPhysics/test_ball_in_basket_collect/227/env/camera/cam_0,A physics simulation of a ball going into a basket (scene 227),,56
/scratch/vcj9002/MagicPhysics/test_ball_in_basket_collect/228/env/camera/cam_0,A physics simulation of a ball going into a basket (scene 228),,54
/scratch/vcj9002/MagicPhysics/test_ball_in_basket_collect/229/env/camera/cam_0,A physics simulation of a ball going into a basket (scene 229),,54
/scratch/vcj9002/MagicPhysics/test_ball_in_basket_collect/23/env/camera/cam_0,A physics simulation of a ball going into a basket (scene 23),,54
/scratch/vcj9002/MagicPhysics/test_ball_in_basket_collect/230/env/camera/cam_0,A physics simulation of a ball going into a basket (scene 230),,53
/scratch/vcj9002/MagicPhysics/test_ball_in_basket_collect/231/env/camera/cam_0,A physics simulation of a ball going into a basket (scene 231),,44
/scratch/vcj9002/MagicPhysics/test_ball_in_basket_collect/232/env/camera/cam_0,A physics simulation of a ball going into a basket (scene 232),,50
/scratch/vcj9002/MagicPhysics/test_ball_in_basket_collect/233/env/camera/cam_0,A physics simulation of a ball going into a basket (scene 233),,54
/scratch/vcj9002/MagicPhysics/test_ball_in_basket_collect/234/env/camera/cam_0,A physics simulation of a ball going into a basket (scene 234),,41
/scratch/vcj9002/MagicPhysics/test_ball_in_basket_collect/235/env/camera/cam_0,A physics simulation of a ball going into a basket (scene 235),,44
/scratch/vcj9002/MagicPhysics/test_ball_in_basket_collect/236/env/camera/cam_0,A physics simulation of a ball going into a basket (scene 236),,31
/scratch/vcj9002/MagicPhysics/test_ball_in_basket_collect/237/env/camera/cam_0,A physics simulation of a ball going into a basket (scene 237),,44
/scratch/vcj9002/MagicPhysics/test_ball_in_basket_collect/238/env/camera/cam_0,A physics simulation of a ball going into a basket (scene 238),,44
/scratch/vcj9002/MagicPhysics/test_ball_in_basket_collect/239/env/camera/cam_0,A physics simulation of a ball going into a basket (scene 239),,54
/scratch/vcj9002/MagicPhysics/test_ball_in_basket_collect/24/env/camera/cam_0,A physics simulation of a ball going into a basket (scene 24),,44
/scratch/vcj9002/MagicPhysics/test_ball_in_basket_collect/240/env/camera/cam_0,A physics simulation of a ball going into a basket (scene 240),,54
/scratch/vcj9002/MagicPhysics/test_ball_in_basket_collect/241/env/camera/cam_0,A physics simulation of a ball going into a basket (scene 241),,51
/scratch/vcj9002/MagicPhysics/test_ball_in_basket_collect/242/env/camera/cam_0,A physics simulation of a ball going into a basket (scene 242),,44
/scratch/vcj9002/MagicPhysics/test_ball_in_basket_collect/243/env/camera/cam_0,A physics simulation of a ball going into a basket (scene 243),,55
/scratch/vcj9002/MagicPhysics/test_ball_in_basket_collect/244/env/camera/cam_0,A physics simulation of a ball going into a basket (scene 244),,47
/scratch/vcj9002/MagicPhysics/test_ball_in_basket_collect/245/env/camera/cam_0,A physics simulation of a ball going into a basket (scene 245),,34
/scratch/vcj9002/MagicPhysics/test_ball_in_basket_collect/246/env/camera/cam_0,A physics simulation of a ball going into a basket (scene 246),,44
/scratch/vcj9002/MagicPhysics/test_ball_in_basket_collect/247/env/camera/cam_0,A physics simulation of a ball going into a basket (scene 247),,44
/scratch/vcj9002/MagicPhysics/test_ball_in_basket_collect/248/env/camera/cam_0,A physics simulation of a ball going into a basket (scene 248),,45
/scratch/vcj9002/MagicPhysics/test_ball_in_basket_collect/249/env/camera/cam_0,A physics simulation of a ball going into a basket (scene 249),,63
/scratch/vcj9002/MagicPhysics/test_ball_in_basket_collect/25/env/camera/cam_0,A physics simulation of a ball going into a basket (scene 25),,53
/scratch/vcj9002/MagicPhysics/test_ball_in_basket_collect/250/env/camera/cam_0,A physics simulation of a ball going into a basket (scene 250),,53
/scratch/vcj9002/MagicPhysics/test_ball_in_basket_collect/251/env/camera/cam_0,A physics simulation of a ball going into a basket (scene 251),,55
/scratch/vcj9002/MagicPhysics/test_ball_in_basket_collect/252/env/camera/cam_0,A physics simulation of a ball going into a basket (scene 252),,50
/scratch/vcj9002/MagicPhysics/test_ball_in_basket_collect/253/env/camera/cam_0,A physics simulation of a ball going into a basket (scene 253),,47
/scratch/vcj9002/MagicPhysics/test_ball_in_basket_collect/254/env/camera/cam_0,A physics simulation of a ball going into a basket (scene 254),,63
/scratch/vcj9002/MagicPhysics/test_ball_in_basket_collect/255/env/camera/cam_0,A physics simulation of a ball going into a basket (scene 255),,45
/scratch/vcj9002/MagicPhysics/test_ball_in_basket_collect/256/env/camera/cam_0,A physics simulation of a ball going into a basket (scene 256),,57
/scratch/vcj9002/MagicPhysics/test_ball_in_basket_collect/257/env/camera/cam_0,A physics simulation of a ball going into a basket (scene 257),,44
/scratch/vcj9002/MagicPhysics/test_ball_in_basket_collect/258/env/camera/cam_0,A physics simulation of a ball going into a basket (scene 258),,53
/scratch/vcj9002/MagicPhysics/test_ball_in_basket_collect/259/env/camera/cam_0,A physics simulation of a ball going into a basket (scene 259),,50
/scratch/vcj9002/MagicPhysics/test_ball_in_basket_collect/26/env/camera/cam_0,A physics simulation of a ball going into a basket (scene 26),,54
/scratch/vcj9002/MagicPhysics/test_ball_in_basket_collect/260/env/camera/cam_0,A physics simulation of a ball going into a basket (scene 260),,50
/scratch/vcj9002/MagicPhysics/test_ball_in_basket_collect/261/env/camera/cam_0,A physics simulation of a ball going into a basket (scene 261),,44
/scratch/vcj9002/MagicPhysics/test_ball_in_basket_collect/262/env/camera/cam_0,A physics simulation of a ball going into a basket (scene 262),,51
/scratch/vcj9002/MagicPhysics/test_ball_in_basket_collect/263/env/camera/cam_0,A physics simulation of a ball going into a basket (scene 263),,51
/scratch/vcj9002/MagicPhysics/test_ball_in_basket_collect/264/env/camera/cam_0,A physics simulation of a ball going into a basket (scene 264),,44
/scratch/vcj9002/MagicPhysics/test_ball_in_basket_collect/265/env/camera/cam_0,A physics simulation of a ball going into a basket (scene 265),,60
/scratch/vcj9002/MagicPhysics/test_ball_in_basket_collect/266/env/camera/cam_0,A physics simulation of a ball going into a basket (scene 266),,31
/scratch/vcj9002/MagicPhysics/test_ball_in_basket_collect/267/env/camera/cam_0,A physics simulation of a ball going into a basket (scene 267),,34
/scratch/vcj9002/MagicPhysics/test_ball_in_basket_collect/268/env/camera/cam_0,A physics simulation of a ball going into a basket (scene 268),,54
/scratch/vcj9002/MagicPhysics/test_ball_in_basket_collect/269/env/camera/cam_0,A physics simulation of a ball going into a basket (scene 269),,59
/scratch/vcj9002/MagicPhysics/test_ball_in_basket_collect/27/env/camera/cam_0,A physics simulation of a ball going into a basket (scene 27),,55
/scratch/vcj9002/MagicPhysics/test_ball_in_basket_collect/270/env/camera/cam_0,A physics simulation of a ball going into a basket (scene 270),,55
/scratch/vcj9002/MagicPhysics/test_ball_in_basket_collect/271/env/camera/cam_0,A physics simulation of a ball going into a basket (scene 271),,44
/scratch/vcj9002/MagicPhysics/test_ball_in_basket_collect/272/env/camera/cam_0,A physics simulation of a ball going into a basket (scene 272),,44
/scratch/vcj9002/MagicPhysics/test_ball_in_basket_collect/273/env/camera/cam_0,A physics simulation of a ball going into a basket (scene 273),,51
/scratch/vcj9002/MagicPhysics/test_ball_in_basket_collect/274/env/camera/cam_0,A physics simulation of a ball going into a basket (scene 274),,44
/scratch/vcj9002/MagicPhysics/test_ball_in_basket_collect/275/env/camera/cam_0,A physics simulation of a ball going into a basket (scene 275),,47
/scratch/vcj9002/MagicPhysics/test_ball_in_basket_collect/276/env/camera/cam_0,A physics simulation of a ball going into a basket (scene 276),,41
/scratch/vcj9002/MagicPhysics/test_ball_in_basket_collect/277/env/camera/cam_0,A physics simulation of a ball going into a basket (scene 277),,57
/scratch/vcj9002/MagicPhysics/test_ball_in_basket_collect/278/env/camera/cam_0,A physics simulation of a ball going into a basket (scene 278),,49
/scratch/vcj9002/MagicPhysics/test_ball_in_basket_collect/279/env/camera/cam_0,A physics simulation of a ball going into a basket (scene 279),,52
/scratch/vcj9002/MagicPhysics/test_ball_in_basket_collect/28/env/camera/cam_0,A physics simulation of a ball going into a basket (scene 28),,47
/scratch/vcj9002/MagicPhysics/test_ball_in_basket_collect/280/env/camera/cam_0,A physics simulation of a ball going into a basket (scene 280),,41
/scratch/vcj9002/MagicPhysics/test_ball_in_basket_collect/281/env/camera/cam_0,A physics simulation of a ball going into a basket (scene 281),,34
/scratch/vcj9002/MagicPhysics/test_ball_in_basket_collect/282/env/camera/cam_0,A physics simulation of a ball going into a basket (scene 282),,53
/scratch/vcj9002/MagicPhysics/test_ball_in_basket_collect/283/env/camera/cam_0,A physics simulation of a ball going into a basket (scene 283),,31
/scratch/vcj9002/MagicPhysics/test_ball_in_basket_collect/284/env/camera/cam_0,A physics simulation of a ball going into a basket (scene 284),,44
/scratch/vcj9002/MagicPhysics/test_ball_in_basket_collect/285/env/camera/cam_0,A physics simulation of a ball going into a basket (scene 285),,41
/scratch/vcj9002/MagicPhysics/test_ball_in_basket_collect/286/env/camera/cam_0,A physics simulation of a ball going into a basket (scene 286),,50
/scratch/vcj9002/MagicPhysics/test_ball_in_basket_collect/287/env/camera/cam_0,A physics simulation of a ball going into a basket (scene 287),,50
/scratch/vcj9002/MagicPhysics/test_ball_in_basket_collect/288/env/camera/cam_0,A physics simulation of a ball going into a basket (scene 288),,44
/scratch/vcj9002/MagicPhysics/test_ball_in_basket_collect/289/env/camera/cam_0,A physics simulation of a ball going into a basket (scene 289),,51
/scratch/vcj9002/MagicPhysics/test_ball_in_basket_collect/29/env/camera/cam_0,A physics simulation of a ball going into a basket (scene 29),,53
/scratch/vcj9002/MagicPhysics/test_ball_in_basket_collect/290/env/camera/cam_0,A physics simulation of a ball going into a basket (scene 290),,60
/scratch/vcj9002/MagicPhysics/test_ball_in_basket_collect/291/env/camera/cam_0,A physics simulation of a ball going into a basket (scene 291),,55
/scratch/vcj9002/MagicPhysics/test_ball_in_basket_collect/292/env/camera/cam_0,A physics simulation of a ball going into a basket (scene 292),,56
/scratch/vcj9002/MagicPhysics/test_ball_in_basket_collect/293/env/camera/cam_0,A physics simulation of a ball going into a basket (scene 293),,44
/scratch/vcj9002/MagicPhysics/test_ball_in_basket_collect/294/env/camera/cam_0,A physics simulation of a ball going into a basket (scene 294),,44
/scratch/vcj9002/MagicPhysics/test_ball_in_basket_collect/295/env/camera/cam_0,A physics simulation of a ball going into a basket (scene 295),,47
/scratch/vcj9002/MagicPhysics/test_ball_in_basket_collect/296/env/camera/cam_0,A physics simulation of a ball going into a basket (scene 296),,47
/scratch/vcj9002/MagicPhysics/test_ball_in_basket_collect/297/env/camera/cam_0,A physics simulation of a ball going into a basket (scene 297),,56
/scratch/vcj9002/MagicPhysics/test_ball_in_basket_collect/298/env/camera/cam_0,A physics simulation of a ball going into a basket (scene 298),,54
/scratch/vcj9002/MagicPhysics/test_ball_in_basket_collect/299/env/camera/cam_0,A physics simulation of a ball going into a basket (scene 299),,44
/scratch/vcj9002/MagicPhysics/test_ball_in_basket_collect/3/env/camera/cam_0,A physics simulation of a ball going into a basket (scene 3),,26
/scratch/vcj9002/MagicPhysics/test_ball_in_basket_collect/30/env/camera/cam_0,A physics simulation of a ball going into a basket (scene 30),,56
/scratch/vcj9002/MagicPhysics/test_ball_in_basket_collect/300/env/camera/cam_0,A physics simulation of a ball going into a basket (scene 300),,44
/scratch/vcj9002/MagicPhysics/test_ball_in_basket_collect/301/env/camera/cam_0,A physics simulation of a ball going into a basket (scene 301),,44
/scratch/vcj9002/MagicPhysics/test_ball_in_basket_collect/302/env/camera/cam_0,A physics simulation of a ball going into a basket (scene 302),,44
/scratch/vcj9002/MagicPhysics/test_ball_in_basket_collect/303/env/camera/cam_0,A physics simulation of a ball going into a basket (scene 303),,44
/scratch/vcj9002/MagicPhysics/test_ball_in_basket_collect/304/env/camera/cam_0,A physics simulation of a ball going into a basket (scene 304),,58
/scratch/vcj9002/MagicPhysics/test_ball_in_basket_collect/305/env/camera/cam_0,A physics simulation of a ball going into a basket (scene 305),,51
/scratch/vcj9002/MagicPhysics/test_ball_in_basket_collect/306/env/camera/cam_0,A physics simulation of a ball going into a basket (scene 306),,52
/scratch/vcj9002/MagicPhysics/test_ball_in_basket_collect/307/env/camera/cam_0,A physics simulation of a ball going into a basket (scene 307),,41
/scratch/vcj9002/MagicPhysics/test_ball_in_basket_collect/308/env/camera/cam_0,A physics simulation of a ball going into a basket (scene 308),,51
/scratch/vcj9002/MagicPhysics/test_ball_in_basket_collect/309/env/camera/cam_0,A physics simulation of a ball going into a basket (scene 309),,44
/scratch/vcj9002/MagicPhysics/test_ball_in_basket_collect/31/env/camera/cam_0,A physics simulation of a ball going into a basket (scene 31),,51
/scratch/vcj9002/MagicPhysics/test_ball_in_basket_collect/310/env/camera/cam_0,A physics simulation of a ball going into a basket (scene 310),,58
/scratch/vcj9002/MagicPhysics/test_ball_in_basket_collect/311/env/camera/cam_0,A physics simulation of a ball going into a basket (scene 311),,44
/scratch/vcj9002/MagicPhysics/test_ball_in_basket_collect/312/env/camera/cam_0,A physics simulation of a ball going into a basket (scene 312),,58
/scratch/vcj9002/MagicPhysics/test_ball_in_basket_collect/313/env/camera/cam_0,A physics simulation of a ball going into a basket (scene 313),,44
/scratch/vcj9002/MagicPhysics/test_ball_in_basket_collect/314/env/camera/cam_0,A physics simulation of a ball going into a basket (scene 314),,60
/scratch/vcj9002/MagicPhysics/test_ball_in_basket_collect/315/env/camera/cam_0,A physics simulation of a ball going into a basket (scene 315),,59
/scratch/vcj9002/MagicPhysics/test_ball_in_basket_collect/316/env/camera/cam_0,A physics simulation of a ball going into a basket (scene 316),,44
/scratch/vcj9002/MagicPhysics/test_ball_in_basket_collect/317/env/camera/cam_0,A physics simulation of a ball going into a basket (scene 317),,44
/scratch/vcj9002/MagicPhysics/test_ball_in_basket_collect/318/env/camera/cam_0,A physics simulation of a ball going into a basket (scene 318),,44
/scratch/vcj9002/MagicPhysics/test_ball_in_basket_collect/319/env/camera/cam_0,A physics simulation of a ball going into a basket (scene 319),,50
/scratch/vcj9002/MagicPhysics/test_ball_in_basket_collect/32/env/camera/cam_0,A physics simulation of a ball going into a basket (scene 32),,53
/scratch/vcj9002/MagicPhysics/test_ball_in_basket_collect/320/env/camera/cam_0,A physics simulation of a ball going into a basket (scene 320),,47
/scratch/vcj9002/MagicPhysics/test_ball_in_basket_collect/321/env/camera/cam_0,A physics simulation of a ball going into a basket (scene 321),,47
/scratch/vcj9002/MagicPhysics/test_ball_in_basket_collect/322/env/camera/cam_0,A physics simulation of a ball going into a basket (scene 322),,41
/scratch/vcj9002/MagicPhysics/test_ball_in_basket_collect/323/env/camera/cam_0,A physics simulation of a ball going into a basket (scene 323),,56
/scratch/vcj9002/MagicPhysics/test_ball_in_basket_collect/324/env/camera/cam_0,A physics simulation of a ball going into a basket (scene 324),,54
/scratch/vcj9002/MagicPhysics/test_ball_in_basket_collect/325/env/camera/cam_0,A physics simulation of a ball going into a basket (scene 325),,48
/scratch/vcj9002/MagicPhysics/test_ball_in_basket_collect/326/env/camera/cam_0,A physics simulation of a ball going into a basket (scene 326),,54
/scratch/vcj9002/MagicPhysics/test_ball_in_basket_collect/327/env/camera/cam_0,A physics simulation of a ball going into a basket (scene 327),,54
/scratch/vcj9002/MagicPhysics/test_ball_in_basket_collect/328/env/camera/cam_0,A physics simulation of a ball going into a basket (scene 328),,67
/scratch/vcj9002/MagicPhysics/test_ball_in_basket_collect/329/env/camera/cam_0,A physics simulation of a ball going into a basket (scene 329),,47
/scratch/vcj9002/MagicPhysics/test_ball_in_basket_collect/33/env/camera/cam_0,A physics simulation of a ball going into a basket (scene 33),,47
/scratch/vcj9002/MagicPhysics/test_ball_in_basket_collect/330/env/camera/cam_0,A physics simulation of a ball going into a basket (scene 330),,44
/scratch/vcj9002/MagicPhysics/test_ball_in_basket_collect/331/env/camera/cam_0,A physics simulation of a ball going into a basket (scene 331),,44
/scratch/vcj9002/MagicPhysics/test_ball_in_basket_collect/332/env/camera/cam_0,A physics simulation of a ball going into a basket (scene 332),,47
/scratch/vcj9002/MagicPhysics/test_ball_in_basket_collect/333/env/camera/cam_0,A physics simulation of a ball going into a basket (scene 333),,44
/scratch/vcj9002/MagicPhysics/test_ball_in_basket_collect/334/env/camera/cam_0,A physics simulation of a ball going into a basket (scene 334),,54
/scratch/vcj9002/MagicPhysics/test_ball_in_basket_collect/335/env/camera/cam_0,A physics simulation of a ball going into a basket (scene 335),,44
/scratch/vcj9002/MagicPhysics/test_ball_in_basket_collect/336/env/camera/cam_0,A physics simulation of a ball going into a basket (scene 336),,51
/scratch/vcj9002/MagicPhysics/test_ball_in_basket_collect/337/env/camera/cam_0,A physics simulation of a ball going into a basket (scene 337),,51
/scratch/vcj9002/MagicPhysics/test_ball_in_basket_collect/338/env/camera/cam_0,A physics simulation of a ball going into a basket (scene 338),,50
/scratch/vcj9002/MagicPhysics/test_ball_in_basket_collect/339/env/camera/cam_0,A physics simulation of a ball going into a basket (scene 339),,54
/scratch/vcj9002/MagicPhysics/test_ball_in_basket_collect/34/env/camera/cam_0,A physics simulation of a ball going into a basket (scene 34),,46
/scratch/vcj9002/MagicPhysics/test_ball_in_basket_collect/340/env/camera/cam_0,A physics simulation of a ball going into a basket (scene 340),,50
/scratch/vcj9002/MagicPhysics/test_ball_in_basket_collect/341/env/camera/cam_0,A physics simulation of a ball going into a basket (scene 341),,48
/scratch/vcj9002/MagicPhysics/test_ball_in_basket_collect/342/env/camera/cam_0,A physics simulation of a ball going into a basket (scene 342),,54
/scratch/vcj9002/MagicPhysics/test_ball_in_basket_collect/343/env/camera/cam_0,A physics simulation of a ball going into a basket (scene 343),,53
/scratch/vcj9002/MagicPhysics/test_ball_in_basket_collect/344/env/camera/cam_0,A physics simulation of a ball going into a basket (scene 344),,47
/scratch/vcj9002/MagicPhysics/test_ball_in_basket_collect/345/env/camera/cam_0,A physics simulation of a ball going into a basket (scene 345),,54
/scratch/vcj9002/MagicPhysics/test_ball_in_basket_collect/346/env/camera/cam_0,A physics simulation of a ball going into a basket (scene 346),,55
/scratch/vcj9002/MagicPhysics/test_ball_in_basket_collect/347/env/camera/cam_0,A physics simulation of a ball going into a basket (scene 347),,52
/scratch/vcj9002/MagicPhysics/test_ball_in_basket_collect/348/env/camera/cam_0,A physics simulation of a ball going into a basket (scene 348),,54
/scratch/vcj9002/MagicPhysics/test_ball_in_basket_collect/349/env/camera/cam_0,A physics simulation of a ball going into a basket (scene 349),,49
/scratch/vcj9002/MagicPhysics/test_ball_in_basket_collect/35/env/camera/cam_0,A physics simulation of a ball going into a basket (scene 35),,44
/scratch/vcj9002/MagicPhysics/test_ball_in_basket_collect/350/env/camera/cam_0,A physics simulation of a ball going into a basket (scene 350),,44
/scratch/vcj9002/MagicPhysics/test_ball_in_basket_collect/351/env/camera/cam_0,A physics simulation of a ball going into a basket (scene 351),,53
/scratch/vcj9002/MagicPhysics/test_ball_in_basket_collect/352/env/camera/cam_0,A physics simulation of a ball going into a basket (scene 352),,31
/scratch/vcj9002/MagicPhysics/test_ball_in_basket_collect/353/env/camera/cam_0,A physics simulation of a ball going into a basket (scene 353),,53
/scratch/vcj9002/MagicPhysics/test_ball_in_basket_collect/354/env/camera/cam_0,A physics simulation of a ball going into a basket (scene 354),,47
/scratch/vcj9002/MagicPhysics/test_ball_in_basket_collect/355/env/camera/cam_0,A physics simulation of a ball going into a basket (scene 355),,47
/scratch/vcj9002/MagicPhysics/test_ball_in_basket_collect/356/env/camera/cam_0,A physics simulation of a ball going into a basket (scene 356),,44
/scratch/vcj9002/MagicPhysics/test_ball_in_basket_collect/357/env/camera/cam_0,A physics simulation of a ball going into a basket (scene 357),,44
/scratch/vcj9002/MagicPhysics/test_ball_in_basket_collect/358/env/camera/cam_0,A physics simulation of a ball going into a basket (scene 358),,59
/scratch/vcj9002/MagicPhysics/test_ball_in_basket_collect/359/env/camera/cam_0,A physics simulation of a ball going into a basket (scene 359),,44
/scratch/vcj9002/MagicPhysics/test_ball_in_basket_collect/36/env/camera/cam_0,A physics simulation of a ball going into a basket (scene 36),,47
/scratch/vcj9002/MagicPhysics/test_ball_in_basket_collect/360/env/camera/cam_0,A physics simulation of a ball going into a basket (scene 360),,53
/scratch/vcj9002/MagicPhysics/test_ball_in_basket_collect/361/env/camera/cam_0,A physics simulation of a ball going into a basket (scene 361),,51
/scratch/vcj9002/MagicPhysics/test_ball_in_basket_collect/362/env/camera/cam_0,A physics simulation of a ball going into a basket (scene 362),,49
/scratch/vcj9002/MagicPhysics/test_ball_in_basket_collect/363/env/camera/cam_0,A physics simulation of a ball going into a basket (scene 363),,44
/scratch/vcj9002/MagicPhysics/test_ball_in_basket_collect/364/env/camera/cam_0,A physics simulation of a ball going into a basket (scene 364),,53
/scratch/vcj9002/MagicPhysics/test_ball_in_basket_collect/365/env/camera/cam_0,A physics simulation of a ball going into a basket (scene 365),,41
/scratch/vcj9002/MagicPhysics/test_ball_in_basket_collect/366/env/camera/cam_0,A physics simulation of a ball going into a basket (scene 366),,50
/scratch/vcj9002/MagicPhysics/test_ball_in_basket_collect/367/env/camera/cam_0,A physics simulation of a ball going into a basket (scene 367),,31
/scratch/vcj9002/MagicPhysics/test_ball_in_basket_collect/368/env/camera/cam_0,A physics simulation of a ball going into a basket (scene 368),,48
/scratch/vcj9002/MagicPhysics/test_ball_in_basket_collect/369/env/camera/cam_0,A physics simulation of a ball going into a basket (scene 369),,55
/scratch/vcj9002/MagicPhysics/test_ball_in_basket_collect/37/env/camera/cam_0,A physics simulation of a ball going into a basket (scene 37),,54
/scratch/vcj9002/MagicPhysics/test_ball_in_basket_collect/370/env/camera/cam_0,A physics simulation of a ball going into a basket (scene 370),,48
/scratch/vcj9002/MagicPhysics/test_ball_in_basket_collect/371/env/camera/cam_0,A physics simulation of a ball going into a basket (scene 371),,52
/scratch/vcj9002/MagicPhysics/test_ball_in_basket_collect/372/env/camera/cam_0,A physics simulation of a ball going into a basket (scene 372),,51
/scratch/vcj9002/MagicPhysics/test_ball_in_basket_collect/373/env/camera/cam_0,A physics simulation of a ball going into a basket (scene 373),,31
/scratch/vcj9002/MagicPhysics/test_ball_in_basket_collect/374/env/camera/cam_0,A physics simulation of a ball going into a basket (scene 374),,56
/scratch/vcj9002/MagicPhysics/test_ball_in_basket_collect/375/env/camera/cam_0,A physics simulation of a ball going into a basket (scene 375),,44
/scratch/vcj9002/MagicPhysics/test_ball_in_basket_collect/376/env/camera/cam_0,A physics simulation of a ball going into a basket (scene 376),,54
/scratch/vcj9002/MagicPhysics/test_ball_in_basket_collect/377/env/camera/cam_0,A physics simulation of a ball going into a basket (scene 377),,48
/scratch/vcj9002/MagicPhysics/test_ball_in_basket_collect/378/env/camera/cam_0,A physics simulation of a ball going into a basket (scene 378),,44
/scratch/vcj9002/MagicPhysics/test_ball_in_basket_collect/379/env/camera/cam_0,A physics simulation of a ball going into a basket (scene 379),,51
/scratch/vcj9002/MagicPhysics/test_ball_in_basket_collect/38/env/camera/cam_0,A physics simulation of a ball going into a basket (scene 38),,31
/scratch/vcj9002/MagicPhysics/test_ball_in_basket_collect/380/env/camera/cam_0,A physics simulation of a ball going into a basket (scene 380),,44
/scratch/vcj9002/MagicPhysics/test_ball_in_basket_collect/381/env/camera/cam_0,A physics simulation of a ball going into a basket (scene 381),,54
/scratch/vcj9002/MagicPhysics/test_ball_in_basket_collect/382/env/camera/cam_0,A physics simulation of a ball going into a basket (scene 382),,34
/scratch/vcj9002/MagicPhysics/test_ball_in_basket_collect/383/env/camera/cam_0,A physics simulation of a ball going into a basket (scene 383),,44
/scratch/vcj9002/MagicPhysics/test_ball_in_basket_collect/384/env/camera/cam_0,A physics simulation of a ball going into a basket (scene 384),,44
/scratch/vcj9002/MagicPhysics/test_ball_in_basket_collect/385/env/camera/cam_0,A physics simulation of a ball going into a basket (scene 385),,44
/scratch/vcj9002/MagicPhysics/test_ball_in_basket_collect/386/env/camera/cam_0,A physics simulation of a ball going into a basket (scene 386),,44
/scratch/vcj9002/MagicPhysics/test_ball_in_basket_collect/387/env/camera/cam_0,A physics simulation of a ball going into a basket (scene 387),,56
/scratch/vcj9002/MagicPhysics/test_ball_in_basket_collect/388/env/camera/cam_0,A physics simulation of a ball going into a basket (scene 388),,47
/scratch/vcj9002/MagicPhysics/test_ball_in_basket_collect/389/env/camera/cam_0,A physics simulation of a ball going into a basket (scene 389),,51
/scratch/vcj9002/MagicPhysics/test_ball_in_basket_collect/39/env/camera/cam_0,A physics simulation of a ball going into a basket (scene 39),,44
/scratch/vcj9002/MagicPhysics/test_ball_in_basket_collect/390/env/camera/cam_0,A physics simulation of a ball going into a basket (scene 390),,41
/scratch/vcj9002/MagicPhysics/test_ball_in_basket_collect/391/env/camera/cam_0,A physics simulation of a ball going into a basket (scene 391),,34
/scratch/vcj9002/MagicPhysics/test_ball_in_basket_collect/392/env/camera/cam_0,A physics simulation of a ball going into a basket (scene 392),,51
/scratch/vcj9002/MagicPhysics/test_ball_in_basket_collect/393/env/camera/cam_0,A physics simulation of a ball going into a basket (scene 393),,34
/scratch/vcj9002/MagicPhysics/test_ball_in_basket_collect/394/env/camera/cam_0,A physics simulation of a ball going into a basket (scene 394),,56
/scratch/vcj9002/MagicPhysics/test_ball_in_basket_collect/395/env/camera/cam_0,A physics simulation of a ball going into a basket (scene 395),,44
/scratch/vcj9002/MagicPhysics/test_ball_in_basket_collect/396/env/camera/cam_0,A physics simulation of a ball going into a basket (scene 396),,44
/scratch/vcj9002/MagicPhysics/test_ball_in_basket_collect/397/env/camera/cam_0,A physics simulation of a ball going into a basket (scene 397),,55
/scratch/vcj9002/MagicPhysics/test_ball_in_basket_collect/398/env/camera/cam_0,A physics simulation of a ball going into a basket (scene 398),,54
/scratch/vcj9002/MagicPhysics/test_ball_in_basket_collect/399/env/camera/cam_0,A physics simulation of a ball going into a basket (scene 399),,53
/scratch/vcj9002/MagicPhysics/test_ball_in_basket_collect/4/env/camera/cam_0,A physics simulation of a ball going into a basket (scene 4),,26
/scratch/vcj9002/MagicPhysics/test_ball_in_basket_collect/40/env/camera/cam_0,A physics simulation of a ball going into a basket (scene 40),,56
/scratch/vcj9002/MagicPhysics/test_ball_in_basket_collect/400/env/camera/cam_0,A physics simulation of a ball going into a basket (scene 400),,58
/scratch/vcj9002/MagicPhysics/test_ball_in_basket_collect/401/env/camera/cam_0,A physics simulation of a ball going into a basket (scene 401),,51
/scratch/vcj9002/MagicPhysics/test_ball_in_basket_collect/402/env/camera/cam_0,A physics simulation of a ball going into a basket (scene 402),,31
/scratch/vcj9002/MagicPhysics/test_ball_in_basket_collect/403/env/camera/cam_0,A physics simulation of a ball going into a basket (scene 403),,55
/scratch/vcj9002/MagicPhysics/test_ball_in_basket_collect/404/env/camera/cam_0,A physics simulation of a ball going into a basket (scene 404),,56
/scratch/vcj9002/MagicPhysics/test_ball_in_basket_collect/405/env/camera/cam_0,A physics simulation of a ball going into a basket (scene 405),,48
/scratch/vcj9002/MagicPhysics/test_ball_in_basket_collect/406/env/camera/cam_0,A physics simulation of a ball going into a basket (scene 406),,44
/scratch/vcj9002/MagicPhysics/test_ball_in_basket_collect/407/env/camera/cam_0,A physics simulation of a ball going into a basket (scene 407),,44
/scratch/vcj9002/MagicPhysics/test_ball_in_basket_collect/408/env/camera/cam_0,A physics simulation of a ball going into a basket (scene 408),,57
/scratch/vcj9002/MagicPhysics/test_ball_in_basket_collect/409/env/camera/cam_0,A physics simulation of a ball going into a basket (scene 409),,44
/scratch/vcj9002/MagicPhysics/test_ball_in_basket_collect/41/env/camera/cam_0,A physics simulation of a ball going into a basket (scene 41),,34
/scratch/vcj9002/MagicPhysics/test_ball_in_basket_collect/410/env/camera/cam_0,A physics simulation of a ball going into a basket (scene 410),,54
/scratch/vcj9002/MagicPhysics/test_ball_in_basket_collect/411/env/camera/cam_0,A physics simulation of a ball going into a basket (scene 411),,47
/scratch/vcj9002/MagicPhysics/test_ball_in_basket_collect/412/env/camera/cam_0,A physics simulation of a ball going into a basket (scene 412),,47
/scratch/vcj9002/MagicPhysics/test_ball_in_basket_collect/413/env/camera/cam_0,A physics simulation of a ball going into a basket (scene 413),,41
/scratch/vcj9002/MagicPhysics/test_ball_in_basket_collect/414/env/camera/cam_0,A physics simulation of a ball going into a basket (scene 414),,53
/scratch/vcj9002/MagicPhysics/test_ball_in_basket_collect/415/env/camera/cam_0,A physics simulation of a ball going into a basket (scene 415),,41
/scratch/vcj9002/MagicPhysics/test_ball_in_basket_collect/416/env/camera/cam_0,A physics simulation of a ball going into a basket (scene 416),,44
/scratch/vcj9002/MagicPhysics/test_ball_in_basket_collect/417/env/camera/cam_0,A physics simulation of a ball going into a basket (scene 417),,41
/scratch/vcj9002/MagicPhysics/test_ball_in_basket_collect/418/env/camera/cam_0,A physics simulation of a ball going into a basket (scene 418),,50
/scratch/vcj9002/MagicPhysics/test_ball_in_basket_collect/419/env/camera/cam_0,A physics simulation of a ball going into a basket (scene 419),,58
/scratch/vcj9002/MagicPhysics/test_ball_in_basket_collect/42/env/camera/cam_0,A physics simulation of a ball going into a basket (scene 42),,41
/scratch/vcj9002/MagicPhysics/test_ball_in_basket_collect/420/env/camera/cam_0,A physics simulation of a ball going into a basket (scene 420),,44
/scratch/vcj9002/MagicPhysics/test_ball_in_basket_collect/421/env/camera/cam_0,A physics simulation of a ball going into a basket (scene 421),,41
/scratch/vcj9002/MagicPhysics/test_ball_in_basket_collect/422/env/camera/cam_0,A physics simulation of a ball going into a basket (scene 422),,44
/scratch/vcj9002/MagicPhysics/test_ball_in_basket_collect/423/env/camera/cam_0,A physics simulation of a ball going into a basket (scene 423),,47
/scratch/vcj9002/MagicPhysics/test_ball_in_basket_collect/424/env/camera/cam_0,A physics simulation of a ball going into a basket (scene 424),,44
/scratch/vcj9002/MagicPhysics/test_ball_in_basket_collect/425/env/camera/cam_0,A physics simulation of a ball going into a basket (scene 425),,44
/scratch/vcj9002/MagicPhysics/test_ball_in_basket_collect/426/env/camera/cam_0,A physics simulation of a ball going into a basket (scene 426),,41
/scratch/vcj9002/MagicPhysics/test_ball_in_basket_collect/427/env/camera/cam_0,A physics simulation of a ball going into a basket (scene 427),,50
/scratch/vcj9002/MagicPhysics/test_ball_in_basket_collect/428/env/camera/cam_0,A physics simulation of a ball going into a basket (scene 428),,52
/scratch/vcj9002/MagicPhysics/test_ball_in_basket_collect/429/env/camera/cam_0,A physics simulation of a ball going into a basket (scene 429),,55
/scratch/vcj9002/MagicPhysics/test_ball_in_basket_collect/43/env/camera/cam_0,A physics simulation of a ball going into a basket (scene 43),,44
/scratch/vcj9002/MagicPhysics/test_ball_in_basket_collect/430/env/camera/cam_0,A physics simulation of a ball going into a basket (scene 430),,57
/scratch/vcj9002/MagicPhysics/test_ball_in_basket_collect/431/env/camera/cam_0,A physics simulation of a ball going into a basket (scene 431),,44
/scratch/vcj9002/MagicPhysics/test_ball_in_basket_collect/432/env/camera/cam_0,A physics simulation of a ball going into a basket (scene 432),,60
/scratch/vcj9002/MagicPhysics/test_ball_in_basket_collect/433/env/camera/cam_0,A physics simulation of a ball going into a basket (scene 433),,55
/scratch/vcj9002/MagicPhysics/test_ball_in_basket_collect/434/env/camera/cam_0,A physics simulation of a ball going into a basket (scene 434),,54
/scratch/vcj9002/MagicPhysics/test_ball_in_basket_collect/435/env/camera/cam_0,A physics simulation of a ball going into a basket (scene 435),,41
/scratch/vcj9002/MagicPhysics/test_ball_in_basket_collect/436/env/camera/cam_0,A physics simulation of a ball going into a basket (scene 436),,50
/scratch/vcj9002/MagicPhysics/test_ball_in_basket_collect/437/env/camera/cam_0,A physics simulation of a ball going into a basket (scene 437),,31
/scratch/vcj9002/MagicPhysics/test_ball_in_basket_collect/438/env/camera/cam_0,A physics simulation of a ball going into a basket (scene 438),,44
/scratch/vcj9002/MagicPhysics/test_ball_in_basket_collect/439/env/camera/cam_0,A physics simulation of a ball going into a basket (scene 439),,54
/scratch/vcj9002/MagicPhysics/test_ball_in_basket_collect/44/env/camera/cam_0,A physics simulation of a ball going into a basket (scene 44),,34
/scratch/vcj9002/MagicPhysics/test_ball_in_basket_collect/440/env/camera/cam_0,A physics simulation of a ball going into a basket (scene 440),,73
/scratch/vcj9002/MagicPhysics/test_ball_in_basket_collect/441/env/camera/cam_0,A physics simulation of a ball going into a basket (scene 441),,58
/scratch/vcj9002/MagicPhysics/test_ball_in_basket_collect/442/env/camera/cam_0,A physics simulation of a ball going into a basket (scene 442),,54
/scratch/vcj9002/MagicPhysics/test_ball_in_basket_collect/443/env/camera/cam_0,A physics simulation of a ball going into a basket (scene 443),,47
/scratch/vcj9002/MagicPhysics/test_ball_in_basket_collect/444/env/camera/cam_0,A physics simulation of a ball going into a basket (scene 444),,54
/scratch/vcj9002/MagicPhysics/test_ball_in_basket_collect/445/env/camera/cam_0,A physics simulation of a ball going into a basket (scene 445),,54
/scratch/vcj9002/MagicPhysics/test_ball_in_basket_collect/446/env/camera/cam_0,A physics simulation of a ball going into a basket (scene 446),,47
/scratch/vcj9002/MagicPhysics/test_ball_in_basket_collect/447/env/camera/cam_0,A physics simulation of a ball going into a basket (scene 447),,41
/scratch/vcj9002/MagicPhysics/test_ball_in_basket_collect/448/env/camera/cam_0,A physics simulation of a ball going into a basket (scene 448),,57
/scratch/vcj9002/MagicPhysics/test_ball_in_basket_collect/449/env/camera/cam_0,A physics simulation of a ball going into a basket (scene 449),,41
/scratch/vcj9002/MagicPhysics/test_ball_in_basket_collect/45/env/camera/cam_0,A physics simulation of a ball going into a basket (scene 45),,38
/scratch/vcj9002/MagicPhysics/test_ball_in_basket_collect/450/env/camera/cam_0,A physics simulation of a ball going into a basket (scene 450),,38
/scratch/vcj9002/MagicPhysics/test_ball_in_basket_collect/451/env/camera/cam_0,A physics simulation of a ball going into a basket (scene 451),,41
/scratch/vcj9002/MagicPhysics/test_ball_in_basket_collect/452/env/camera/cam_0,A physics simulation of a ball going into a basket (scene 452),,41
/scratch/vcj9002/MagicPhysics/test_ball_in_basket_collect/453/env/camera/cam_0,A physics simulation of a ball going into a basket (scene 453),,54
/scratch/vcj9002/MagicPhysics/test_ball_in_basket_collect/454/env/camera/cam_0,A physics simulation of a ball going into a basket (scene 454),,47
/scratch/vcj9002/MagicPhysics/test_ball_in_basket_collect/455/env/camera/cam_0,A physics simulation of a ball going into a basket (scene 455),,44
/scratch/vcj9002/MagicPhysics/test_ball_in_basket_collect/456/env/camera/cam_0,A physics simulation of a ball going into a basket (scene 456),,44
/scratch/vcj9002/MagicPhysics/test_ball_in_basket_collect/457/env/camera/cam_0,A physics simulation of a ball going into a basket (scene 457),,56
/scratch/vcj9002/MagicPhysics/test_ball_in_basket_collect/458/env/camera/cam_0,A physics simulation of a ball going into a basket (scene 458),,41
/scratch/vcj9002/MagicPhysics/test_ball_in_basket_collect/459/env/camera/cam_0,A physics simulation of a ball going into a basket (scene 459),,44
/scratch/vcj9002/MagicPhysics/test_ball_in_basket_collect/46/env/camera/cam_0,A physics simulation of a ball going into a basket (scene 46),,54
/scratch/vcj9002/MagicPhysics/test_ball_in_basket_collect/460/env/camera/cam_0,A physics simulation of a ball going into a basket (scene 460),,41
/scratch/vcj9002/MagicPhysics/test_ball_in_basket_collect/461/env/camera/cam_0,A physics simulation of a ball going into a basket (scene 461),,44
/scratch/vcj9002/MagicPhysics/test_ball_in_basket_collect/462/env/camera/cam_0,A physics simulation of a ball going into a basket (scene 462),,48
/scratch/vcj9002/MagicPhysics/test_ball_in_basket_collect/463/env/camera/cam_0,A physics simulation of a ball going into a basket (scene 463),,44
/scratch/vcj9002/MagicPhysics/test_ball_in_basket_collect/464/env/camera/cam_0,A physics simulation of a ball going into a basket (scene 464),,48
/scratch/vcj9002/MagicPhysics/test_ball_in_basket_collect/465/env/camera/cam_0,A physics simulation of a ball going into a basket (scene 465),,54
/scratch/vcj9002/MagicPhysics/test_ball_in_basket_collect/466/env/camera/cam_0,A physics simulation of a ball going into a basket (scene 466),,52
/scratch/vcj9002/MagicPhysics/test_ball_in_basket_collect/467/env/camera/cam_0,A physics simulation of a ball going into a basket (scene 467),,56
/scratch/vcj9002/MagicPhysics/test_ball_in_basket_collect/468/env/camera/cam_0,A physics simulation of a ball going into a basket (scene 468),,44
/scratch/vcj9002/MagicPhysics/test_ball_in_basket_collect/469/env/camera/cam_0,A physics simulation of a ball going into a basket (scene 469),,44
/scratch/vcj9002/MagicPhysics/test_ball_in_basket_collect/47/env/camera/cam_0,A physics simulation of a ball going into a basket (scene 47),,54
/scratch/vcj9002/MagicPhysics/test_ball_in_basket_collect/470/env/camera/cam_0,A physics simulation of a ball going into a basket (scene 470),,54
/scratch/vcj9002/MagicPhysics/test_ball_in_basket_collect/471/env/camera/cam_0,A physics simulation of a ball going into a basket (scene 471),,31
/scratch/vcj9002/MagicPhysics/test_ball_in_basket_collect/472/env/camera/cam_0,A physics simulation of a ball going into a basket (scene 472),,47
/scratch/vcj9002/MagicPhysics/test_ball_in_basket_collect/473/env/camera/cam_0,A physics simulation of a ball going into a basket (scene 473),,51
/scratch/vcj9002/MagicPhysics/test_ball_in_basket_collect/474/env/camera/cam_0,A physics simulation of a ball going into a basket (scene 474),,54
/scratch/vcj9002/MagicPhysics/test_ball_in_basket_collect/475/env/camera/cam_0,A physics simulation of a ball going into a basket (scene 475),,41
/scratch/vcj9002/MagicPhysics/test_ball_in_basket_collect/476/env/camera/cam_0,A physics simulation of a ball going into a basket (scene 476),,44
/scratch/vcj9002/MagicPhysics/test_ball_in_basket_collect/477/env/camera/cam_0,A physics simulation of a ball going into a basket (scene 477),,44
/scratch/vcj9002/MagicPhysics/test_ball_in_basket_collect/478/env/camera/cam_0,A physics simulation of a ball going into a basket (scene 478),,47
/scratch/vcj9002/MagicPhysics/test_ball_in_basket_collect/479/env/camera/cam_0,A physics simulation of a ball going into a basket (scene 479),,51
/scratch/vcj9002/MagicPhysics/test_ball_in_basket_collect/48/env/camera/cam_0,A physics simulation of a ball going into a basket (scene 48),,44
/scratch/vcj9002/MagicPhysics/test_ball_in_basket_collect/480/env/camera/cam_0,A physics simulation of a ball going into a basket (scene 480),,51
/scratch/vcj9002/MagicPhysics/test_ball_in_basket_collect/481/env/camera/cam_0,A physics simulation of a ball going into a basket (scene 481),,34
/scratch/vcj9002/MagicPhysics/test_ball_in_basket_collect/482/env/camera/cam_0,A physics simulation of a ball going into a basket (scene 482),,47
/scratch/vcj9002/MagicPhysics/test_ball_in_basket_collect/483/env/camera/cam_0,A physics simulation of a ball going into a basket (scene 483),,54
/scratch/vcj9002/MagicPhysics/test_ball_in_basket_collect/484/env/camera/cam_0,A physics simulation of a ball going into a basket (scene 484),,44
/scratch/vcj9002/MagicPhysics/test_ball_in_basket_collect/485/env/camera/cam_0,A physics simulation of a ball going into a basket (scene 485),,44
/scratch/vcj9002/MagicPhysics/test_ball_in_basket_collect/486/env/camera/cam_0,A physics simulation of a ball going into a basket (scene 486),,50
/scratch/vcj9002/MagicPhysics/test_ball_in_basket_collect/487/env/camera/cam_0,A physics simulation of a ball going into a basket (scene 487),,60
/scratch/vcj9002/MagicPhysics/test_ball_in_basket_collect/488/env/camera/cam_0,A physics simulation of a ball going into a basket (scene 488),,47
/scratch/vcj9002/MagicPhysics/test_ball_in_basket_collect/489/env/camera/cam_0,A physics simulation of a ball going into a basket (scene 489),,47
/scratch/vcj9002/MagicPhysics/test_ball_in_basket_collect/49/env/camera/cam_0,A physics simulation of a ball going into a basket (scene 49),,44
/scratch/vcj9002/MagicPhysics/test_ball_in_basket_collect/490/env/camera/cam_0,A physics simulation of a ball going into a basket (scene 490),,44
/scratch/vcj9002/MagicPhysics/test_ball_in_basket_collect/491/env/camera/cam_0,A physics simulation of a ball going into a basket (scene 491),,44
/scratch/vcj9002/MagicPhysics/test_ball_in_basket_collect/492/env/camera/cam_0,A physics simulation of a ball going into a basket (scene 492),,47
/scratch/vcj9002/MagicPhysics/test_ball_in_basket_collect/493/env/camera/cam_0,A physics simulation of a ball going into a basket (scene 493),,55
/scratch/vcj9002/MagicPhysics/test_ball_in_basket_collect/494/env/camera/cam_0,A physics simulation of a ball going into a basket (scene 494),,54
/scratch/vcj9002/MagicPhysics/test_ball_in_basket_collect/495/env/camera/cam_0,A physics simulation of a ball going into a basket (scene 495),,49
/scratch/vcj9002/MagicPhysics/test_ball_in_basket_collect/496/env/camera/cam_0,A physics simulation of a ball going into a basket (scene 496),,57
/scratch/vcj9002/MagicPhysics/test_ball_in_basket_collect/497/env/camera/cam_0,A physics simulation of a ball going into a basket (scene 497),,47
/scratch/vcj9002/MagicPhysics/test_ball_in_basket_collect/498/env/camera/cam_0,A physics simulation of a ball going into a basket (scene 498),,54
/scratch/vcj9002/MagicPhysics/test_ball_in_basket_collect/499/env/camera/cam_0,A physics simulation of a ball going into a basket (scene 499),,51
/scratch/vcj9002/MagicPhysics/test_ball_in_basket_collect/5/env/camera/cam_0,A physics simulation of a ball going into a basket (scene 5),,26
/scratch/vcj9002/MagicPhysics/test_ball_in_basket_collect/50/env/camera/cam_0,A physics simulation of a ball going into a basket (scene 50),,52
/scratch/vcj9002/MagicPhysics/test_ball_in_basket_collect/500/env/camera/cam_0,A physics simulation of a ball going into a basket (scene 500),,50
/scratch/vcj9002/MagicPhysics/test_ball_in_basket_collect/501/env/camera/cam_0,A physics simulation of a ball going into a basket (scene 501),,47
/scratch/vcj9002/MagicPhysics/test_ball_in_basket_collect/502/env/camera/cam_0,A physics simulation of a ball going into a basket (scene 502),,51
/scratch/vcj9002/MagicPhysics/test_ball_in_basket_collect/503/env/camera/cam_0,A physics simulation of a ball going into a basket (scene 503),,44
/scratch/vcj9002/MagicPhysics/test_ball_in_basket_collect/504/env/camera/cam_0,A physics simulation of a ball going into a basket (scene 504),,45
/scratch/vcj9002/MagicPhysics/test_ball_in_basket_collect/505/env/camera/cam_0,A physics simulation of a ball going into a basket (scene 505),,47
/scratch/vcj9002/MagicPhysics/test_ball_in_basket_collect/506/env/camera/cam_0,A physics simulation of a ball going into a basket (scene 506),,31
/scratch/vcj9002/MagicPhysics/test_ball_in_basket_collect/507/env/camera/cam_0,A physics simulation of a ball going into a basket (scene 507),,47
/scratch/vcj9002/MagicPhysics/test_ball_in_basket_collect/508/env/camera/cam_0,A physics simulation of a ball going into a basket (scene 508),,53
/scratch/vcj9002/MagicPhysics/test_ball_in_basket_collect/509/env/camera/cam_0,A physics simulation of a ball going into a basket (scene 509),,34
/scratch/vcj9002/MagicPhysics/test_ball_in_basket_collect/51/env/camera/cam_0,A physics simulation of a ball going into a basket (scene 51),,41
/scratch/vcj9002/MagicPhysics/test_ball_in_basket_collect/510/env/camera/cam_0,A physics simulation of a ball going into a basket (scene 510),,44
/scratch/vcj9002/MagicPhysics/test_ball_in_basket_collect/511/env/camera/cam_0,A physics simulation of a ball going into a basket (scene 511),,49
/scratch/vcj9002/MagicPhysics/test_ball_in_basket_collect/512/env/camera/cam_0,A physics simulation of a ball going into a basket (scene 512),,47
/scratch/vcj9002/MagicPhysics/test_ball_in_basket_collect/513/env/camera/cam_0,A physics simulation of a ball going into a basket (scene 513),,54
/scratch/vcj9002/MagicPhysics/test_ball_in_basket_collect/514/env/camera/cam_0,A physics simulation of a ball going into a basket (scene 514),,59
/scratch/vcj9002/MagicPhysics/test_ball_in_basket_collect/515/env/camera/cam_0,A physics simulation of a ball going into a basket (scene 515),,66
/scratch/vcj9002/MagicPhysics/test_ball_in_basket_collect/516/env/camera/cam_0,A physics simulation of a ball going into a basket (scene 516),,44
/scratch/vcj9002/MagicPhysics/test_ball_in_basket_collect/517/env/camera/cam_0,A physics simulation of a ball going into a basket (scene 517),,52
/scratch/vcj9002/MagicPhysics/test_ball_in_basket_collect/518/env/camera/cam_0,A physics simulation of a ball going into a basket (scene 518),,44
/scratch/vcj9002/MagicPhysics/test_ball_in_basket_collect/519/env/camera/cam_0,A physics simulation of a ball going into a basket (scene 519),,51
/scratch/vcj9002/MagicPhysics/test_ball_in_basket_collect/52/env/camera/cam_0,A physics simulation of a ball going into a basket (scene 52),,35
/scratch/vcj9002/MagicPhysics/test_ball_in_basket_collect/520/env/camera/cam_0,A physics simulation of a ball going into a basket (scene 520),,57
/scratch/vcj9002/MagicPhysics/test_ball_in_basket_collect/521/env/camera/cam_0,A physics simulation of a ball going into a basket (scene 521),,47
/scratch/vcj9002/MagicPhysics/test_ball_in_basket_collect/522/env/camera/cam_0,A physics simulation of a ball going into a basket (scene 522),,54
/scratch/vcj9002/MagicPhysics/test_ball_in_basket_collect/523/env/camera/cam_0,A physics simulation of a ball going into a basket (scene 523),,57
/scratch/vcj9002/MagicPhysics/test_ball_in_basket_collect/524/env/camera/cam_0,A physics simulation of a ball going into a basket (scene 524),,44
/scratch/vcj9002/MagicPhysics/test_ball_in_basket_collect/525/env/camera/cam_0,A physics simulation of a ball going into a basket (scene 525),,51
/scratch/vcj9002/MagicPhysics/test_ball_in_basket_collect/526/env/camera/cam_0,A physics simulation of a ball going into a basket (scene 526),,53
/scratch/vcj9002/MagicPhysics/test_ball_in_basket_collect/527/env/camera/cam_0,A physics simulation of a ball going into a basket (scene 527),,50
/scratch/vcj9002/MagicPhysics/test_ball_in_basket_collect/528/env/camera/cam_0,A physics simulation of a ball going into a basket (scene 528),,49
/scratch/vcj9002/MagicPhysics/test_ball_in_basket_collect/529/env/camera/cam_0,A physics simulation of a ball going into a basket (scene 529),,52
/scratch/vcj9002/MagicPhysics/test_ball_in_basket_collect/53/env/camera/cam_0,A physics simulation of a ball going into a basket (scene 53),,34
/scratch/vcj9002/MagicPhysics/test_ball_in_basket_collect/530/env/camera/cam_0,A physics simulation of a ball going into a basket (scene 530),,48
/scratch/vcj9002/MagicPhysics/test_ball_in_basket_collect/531/env/camera/cam_0,A physics simulation of a ball going into a basket (scene 531),,53
/scratch/vcj9002/MagicPhysics/test_ball_in_basket_collect/532/env/camera/cam_0,A physics simulation of a ball going into a basket (scene 532),,47
/scratch/vcj9002/MagicPhysics/test_ball_in_basket_collect/533/env/camera/cam_0,A physics simulation of a ball going into a basket (scene 533),,47
/scratch/vcj9002/MagicPhysics/test_ball_in_basket_collect/534/env/camera/cam_0,A physics simulation of a ball going into a basket (scene 534),,54
/scratch/vcj9002/MagicPhysics/test_ball_in_basket_collect/535/env/camera/cam_0,A physics simulation of a ball going into a basket (scene 535),,51
/scratch/vcj9002/MagicPhysics/test_ball_in_basket_collect/536/env/camera/cam_0,A physics simulation of a ball going into a basket (scene 536),,44
/scratch/vcj9002/MagicPhysics/test_ball_in_basket_collect/537/env/camera/cam_0,A physics simulation of a ball going into a basket (scene 537),,55
/scratch/vcj9002/MagicPhysics/test_ball_in_basket_collect/538/env/camera/cam_0,A physics simulation of a ball going into a basket (scene 538),,47
/scratch/vcj9002/MagicPhysics/test_ball_in_basket_collect/539/env/camera/cam_0,A physics simulation of a ball going into a basket (scene 539),,53
/scratch/vcj9002/MagicPhysics/test_ball_in_basket_collect/54/env/camera/cam_0,A physics simulation of a ball going into a basket (scene 54),,52
/scratch/vcj9002/MagicPhysics/test_ball_in_basket_collect/540/env/camera/cam_0,A physics simulation of a ball going into a basket (scene 540),,54
/scratch/vcj9002/MagicPhysics/test_ball_in_basket_collect/541/env/camera/cam_0,A physics simulation of a ball going into a basket (scene 541),,47
/scratch/vcj9002/MagicPhysics/test_ball_in_basket_collect/542/env/camera/cam_0,A physics simulation of a ball going into a basket (scene 542),,44
/scratch/vcj9002/MagicPhysics/test_ball_in_basket_collect/543/env/camera/cam_0,A physics simulation of a ball going into a basket (scene 543),,52
/scratch/vcj9002/MagicPhysics/test_ball_in_basket_collect/544/env/camera/cam_0,A physics simulation of a ball going into a basket (scene 544),,44
/scratch/vcj9002/MagicPhysics/test_ball_in_basket_collect/545/env/camera/cam_0,A physics simulation of a ball going into a basket (scene 545),,54
/scratch/vcj9002/MagicPhysics/test_ball_in_basket_collect/546/env/camera/cam_0,A physics simulation of a ball going into a basket (scene 546),,44
/scratch/vcj9002/MagicPhysics/test_ball_in_basket_collect/547/env/camera/cam_0,A physics simulation of a ball going into a basket (scene 547),,47
/scratch/vcj9002/MagicPhysics/test_ball_in_basket_collect/548/env/camera/cam_0,A physics simulation of a ball going into a basket (scene 548),,54
/scratch/vcj9002/MagicPhysics/test_ball_in_basket_collect/549/env/camera/cam_0,A physics simulation of a ball going into a basket (scene 549),,44
/scratch/vcj9002/MagicPhysics/test_ball_in_basket_collect/55/env/camera/cam_0,A physics simulation of a ball going into a basket (scene 55),,44
/scratch/vcj9002/MagicPhysics/test_ball_in_basket_collect/550/env/camera/cam_0,A physics simulation of a ball going into a basket (scene 550),,51
/scratch/vcj9002/MagicPhysics/test_ball_in_basket_collect/551/env/camera/cam_0,A physics simulation of a ball going into a basket (scene 551),,41
/scratch/vcj9002/MagicPhysics/test_ball_in_basket_collect/552/env/camera/cam_0,A physics simulation of a ball going into a basket (scene 552),,41
/scratch/vcj9002/MagicPhysics/test_ball_in_basket_collect/553/env/camera/cam_0,A physics simulation of a ball going into a basket (scene 553),,54
/scratch/vcj9002/MagicPhysics/test_ball_in_basket_collect/554/env/camera/cam_0,A physics simulation of a ball going into a basket (scene 554),,51
/scratch/vcj9002/MagicPhysics/test_ball_in_basket_collect/555/env/camera/cam_0,A physics simulation of a ball going into a basket (scene 555),,44
/scratch/vcj9002/MagicPhysics/test_ball_in_basket_collect/556/env/camera/cam_0,A physics simulation of a ball going into a basket (scene 556),,41
/scratch/vcj9002/MagicPhysics/test_ball_in_basket_collect/557/env/camera/cam_0,A physics simulation of a ball going into a basket (scene 557),,49
/scratch/vcj9002/MagicPhysics/test_ball_in_basket_collect/558/env/camera/cam_0,A physics simulation of a ball going into a basket (scene 558),,47
/scratch/vcj9002/MagicPhysics/test_ball_in_basket_collect/559/env/camera/cam_0,A physics simulation of a ball going into a basket (scene 559),,47
/scratch/vcj9002/MagicPhysics/test_ball_in_basket_collect/56/env/camera/cam_0,A physics simulation of a ball going into a basket (scene 56),,44
/scratch/vcj9002/MagicPhysics/test_ball_in_basket_collect/560/env/camera/cam_0,A physics simulation of a ball going into a basket (scene 560),,50
/scratch/vcj9002/MagicPhysics/test_ball_in_basket_collect/561/env/camera/cam_0,A physics simulation of a ball going into a basket (scene 561),,44
/scratch/vcj9002/MagicPhysics/test_ball_in_basket_collect/562/env/camera/cam_0,A physics simulation of a ball going into a basket (scene 562),,53
/scratch/vcj9002/MagicPhysics/test_ball_in_basket_collect/563/env/camera/cam_0,A physics simulation of a ball going into a basket (scene 563),,44
/scratch/vcj9002/MagicPhysics/test_ball_in_basket_collect/564/env/camera/cam_0,A physics simulation of a ball going into a basket (scene 564),,44
/scratch/vcj9002/MagicPhysics/test_ball_in_basket_collect/565/env/camera/cam_0,A physics simulation of a ball going into a basket (scene 565),,51
/scratch/vcj9002/MagicPhysics/test_ball_in_basket_collect/566/env/camera/cam_0,A physics simulation of a ball going into a basket (scene 566),,54
/scratch/vcj9002/MagicPhysics/test_ball_in_basket_collect/567/env/camera/cam_0,A physics simulation of a ball going into a basket (scene 567),,52
/scratch/vcj9002/MagicPhysics/test_ball_in_basket_collect/568/env/camera/cam_0,A physics simulation of a ball going into a basket (scene 568),,53
/scratch/vcj9002/MagicPhysics/test_ball_in_basket_collect/569/env/camera/cam_0,A physics simulation of a ball going into a basket (scene 569),,44
/scratch/vcj9002/MagicPhysics/test_ball_in_basket_collect/57/env/camera/cam_0,A physics simulation of a ball going into a basket (scene 57),,57
/scratch/vcj9002/MagicPhysics/test_ball_in_basket_collect/570/env/camera/cam_0,A physics simulation of a ball going into a basket (scene 570),,51
/scratch/vcj9002/MagicPhysics/test_ball_in_basket_collect/571/env/camera/cam_0,A physics simulation of a ball going into a basket (scene 571),,44
/scratch/vcj9002/MagicPhysics/test_ball_in_basket_collect/572/env/camera/cam_0,A physics simulation of a ball going into a basket (scene 572),,48
/scratch/vcj9002/MagicPhysics/test_ball_in_basket_collect/573/env/camera/cam_0,A physics simulation of a ball going into a basket (scene 573),,44
/scratch/vcj9002/MagicPhysics/test_ball_in_basket_collect/574/env/camera/cam_0,A physics simulation of a ball going into a basket (scene 574),,64
/scratch/vcj9002/MagicPhysics/test_ball_in_basket_collect/575/env/camera/cam_0,A physics simulation of a ball going into a basket (scene 575),,51
/scratch/vcj9002/MagicPhysics/test_ball_in_basket_collect/576/env/camera/cam_0,A physics simulation of a ball going into a basket (scene 576),,56
/scratch/vcj9002/MagicPhysics/test_ball_in_basket_collect/577/env/camera/cam_0,A physics simulation of a ball going into a basket (scene 577),,55
/scratch/vcj9002/MagicPhysics/test_ball_in_basket_collect/578/env/camera/cam_0,A physics simulation of a ball going into a basket (scene 578),,44
/scratch/vcj9002/MagicPhysics/test_ball_in_basket_collect/579/env/camera/cam_0,A physics simulation of a ball going into a basket (scene 579),,51
/scratch/vcj9002/MagicPhysics/test_ball_in_basket_collect/58/env/camera/cam_0,A physics simulation of a ball going into a basket (scene 58),,44
/scratch/vcj9002/MagicPhysics/test_ball_in_basket_collect/580/env/camera/cam_0,A physics simulation of a ball going into a basket (scene 580),,44
/scratch/vcj9002/MagicPhysics/test_ball_in_basket_collect/581/env/camera/cam_0,A physics simulation of a ball going into a basket (scene 581),,54
/scratch/vcj9002/MagicPhysics/test_ball_in_basket_collect/582/env/camera/cam_0,A physics simulation of a ball going into a basket (scene 582),,44
/scratch/vcj9002/MagicPhysics/test_ball_in_basket_collect/583/env/camera/cam_0,A physics simulation of a ball going into a basket (scene 583),,47
/scratch/vcj9002/MagicPhysics/test_ball_in_basket_collect/584/env/camera/cam_0,A physics simulation of a ball going into a basket (scene 584),,34
/scratch/vcj9002/MagicPhysics/test_ball_in_basket_collect/585/env/camera/cam_0,A physics simulation of a ball going into a basket (scene 585),,47
/scratch/vcj9002/MagicPhysics/test_ball_in_basket_collect/586/env/camera/cam_0,A physics simulation of a ball going into a basket (scene 586),,52
/scratch/vcj9002/MagicPhysics/test_ball_in_basket_collect/587/env/camera/cam_0,A physics simulation of a ball going into a basket (scene 587),,55
/scratch/vcj9002/MagicPhysics/test_ball_in_basket_collect/588/env/camera/cam_0,A physics simulation of a ball going into a basket (scene 588),,57
/scratch/vcj9002/MagicPhysics/test_ball_in_basket_collect/589/env/camera/cam_0,A physics simulation of a ball going into a basket (scene 589),,51
/scratch/vcj9002/MagicPhysics/test_ball_in_basket_collect/59/env/camera/cam_0,A physics simulation of a ball going into a basket (scene 59),,51
/scratch/vcj9002/MagicPhysics/test_ball_in_basket_collect/590/env/camera/cam_0,A physics simulation of a ball going into a basket (scene 590),,59
/scratch/vcj9002/MagicPhysics/test_ball_in_basket_collect/591/env/camera/cam_0,A physics simulation of a ball going into a basket (scene 591),,44
/scratch/vcj9002/MagicPhysics/test_ball_in_basket_collect/592/env/camera/cam_0,A physics simulation of a ball going into a basket (scene 592),,47
/scratch/vcj9002/MagicPhysics/test_ball_in_basket_collect/593/env/camera/cam_0,A physics simulation of a ball going into a basket (scene 593),,52
/scratch/vcj9002/MagicPhysics/test_ball_in_basket_collect/594/env/camera/cam_0,A physics simulation of a ball going into a basket (scene 594),,44
/scratch/vcj9002/MagicPhysics/test_ball_in_basket_collect/595/env/camera/cam_0,A physics simulation of a ball going into a basket (scene 595),,44
/scratch/vcj9002/MagicPhysics/test_ball_in_basket_collect/596/env/camera/cam_0,A physics simulation of a ball going into a basket (scene 596),,56
/scratch/vcj9002/MagicPhysics/test_ball_in_basket_collect/597/env/camera/cam_0,A physics simulation of a ball going into a basket (scene 597),,54
/scratch/vcj9002/MagicPhysics/test_ball_in_basket_collect/598/env/camera/cam_0,A physics simulation of a ball going into a basket (scene 598),,51
/scratch/vcj9002/MagicPhysics/test_ball_in_basket_collect/599/env/camera/cam_0,A physics simulation of a ball going into a basket (scene 599),,52
/scratch/vcj9002/MagicPhysics/test_ball_in_basket_collect/6/env/camera/cam_0,A physics simulation of a ball going into a basket (scene 6),,26
/scratch/vcj9002/MagicPhysics/test_ball_in_basket_collect/60/env/camera/cam_0,A physics simulation of a ball going into a basket (scene 60),,53
/scratch/vcj9002/MagicPhysics/test_ball_in_basket_collect/600/env/camera/cam_0,A physics simulation of a ball going into a basket (scene 600),,47
/scratch/vcj9002/MagicPhysics/test_ball_in_basket_collect/601/env/camera/cam_0,A physics simulation of a ball going into a basket (scene 601),,44
/scratch/vcj9002/MagicPhysics/test_ball_in_basket_collect/602/env/camera/cam_0,A physics simulation of a ball going into a basket (scene 602),,57
/scratch/vcj9002/MagicPhysics/test_ball_in_basket_collect/603/env/camera/cam_0,A physics simulation of a ball going into a basket (scene 603),,55
/scratch/vcj9002/MagicPhysics/test_ball_in_basket_collect/604/env/camera/cam_0,A physics simulation of a ball going into a basket (scene 604),,46
/scratch/vcj9002/MagicPhysics/test_ball_in_basket_collect/605/env/camera/cam_0,A physics simulation of a ball going into a basket (scene 605),,49
/scratch/vcj9002/MagicPhysics/test_ball_in_basket_collect/606/env/camera/cam_0,A physics simulation of a ball going into a basket (scene 606),,44
/scratch/vcj9002/MagicPhysics/test_ball_in_basket_collect/607/env/camera/cam_0,A physics simulation of a ball going into a basket (scene 607),,54
/scratch/vcj9002/MagicPhysics/test_ball_in_basket_collect/608/env/camera/cam_0,A physics simulation of a ball going into a basket (scene 608),,54
/scratch/vcj9002/MagicPhysics/test_ball_in_basket_collect/609/env/camera/cam_0,A physics simulation of a ball going into a basket (scene 609),,47
/scratch/vcj9002/MagicPhysics/test_ball_in_basket_collect/61/env/camera/cam_0,A physics simulation of a ball going into a basket (scene 61),,47
/scratch/vcj9002/MagicPhysics/test_ball_in_basket_collect/610/env/camera/cam_0,A physics simulation of a ball going into a basket (scene 610),,52
/scratch/vcj9002/MagicPhysics/test_ball_in_basket_collect/611/env/camera/cam_0,A physics simulation of a ball going into a basket (scene 611),,31
/scratch/vcj9002/MagicPhysics/test_ball_in_basket_collect/612/env/camera/cam_0,A physics simulation of a ball going into a basket (scene 612),,47
/scratch/vcj9002/MagicPhysics/test_ball_in_basket_collect/613/env/camera/cam_0,A physics simulation of a ball going into a basket (scene 613),,48
/scratch/vcj9002/MagicPhysics/test_ball_in_basket_collect/614/env/camera/cam_0,A physics simulation of a ball going into a basket (scene 614),,54
/scratch/vcj9002/MagicPhysics/test_ball_in_basket_collect/615/env/camera/cam_0,A physics simulation of a ball going into a basket (scene 615),,51
/scratch/vcj9002/MagicPhysics/test_ball_in_basket_collect/616/env/camera/cam_0,A physics simulation of a ball going into a basket (scene 616),,47
/scratch/vcj9002/MagicPhysics/test_ball_in_basket_collect/617/env/camera/cam_0,A physics simulation of a ball going into a basket (scene 617),,55
/scratch/vcj9002/MagicPhysics/test_ball_in_basket_collect/618/env/camera/cam_0,A physics simulation of a ball going into a basket (scene 618),,41
/scratch/vcj9002/MagicPhysics/test_ball_in_basket_collect/619/env/camera/cam_0,A physics simulation of a ball going into a basket (scene 619),,31
/scratch/vcj9002/MagicPhysics/test_ball_in_basket_collect/62/env/camera/cam_0,A physics simulation of a ball going into a basket (scene 62),,48
/scratch/vcj9002/MagicPhysics/test_ball_in_basket_collect/620/env/camera/cam_0,A physics simulation of a ball going into a basket (scene 620),,44
/scratch/vcj9002/MagicPhysics/test_ball_in_basket_collect/621/env/camera/cam_0,A physics simulation of a ball going into a basket (scene 621),,44
/scratch/vcj9002/MagicPhysics/test_ball_in_basket_collect/622/env/camera/cam_0,A physics simulation of a ball going into a basket (scene 622),,53
/scratch/vcj9002/MagicPhysics/test_ball_in_basket_collect/623/env/camera/cam_0,A physics simulation of a ball going into a basket (scene 623),,47
/scratch/vcj9002/MagicPhysics/test_ball_in_basket_collect/624/env/camera/cam_0,A physics simulation of a ball going into a basket (scene 624),,51
/scratch/vcj9002/MagicPhysics/test_ball_in_basket_collect/625/env/camera/cam_0,A physics simulation of a ball going into a basket (scene 625),,44
/scratch/vcj9002/MagicPhysics/test_ball_in_basket_collect/626/env/camera/cam_0,A physics simulation of a ball going into a basket (scene 626),,51
/scratch/vcj9002/MagicPhysics/test_ball_in_basket_collect/627/env/camera/cam_0,A physics simulation of a ball going into a basket (scene 627),,47
/scratch/vcj9002/MagicPhysics/test_ball_in_basket_collect/628/env/camera/cam_0,A physics simulation of a ball going into a basket (scene 628),,55
/scratch/vcj9002/MagicPhysics/test_ball_in_basket_collect/629/env/camera/cam_0,A physics simulation of a ball going into a basket (scene 629),,41
/scratch/vcj9002/MagicPhysics/test_ball_in_basket_collect/63/env/camera/cam_0,A physics simulation of a ball going into a basket (scene 63),,50
/scratch/vcj9002/MagicPhysics/test_ball_in_basket_collect/630/env/camera/cam_0,A physics simulation of a ball going into a basket (scene 630),,48
/scratch/vcj9002/MagicPhysics/test_ball_in_basket_collect/631/env/camera/cam_0,A physics simulation of a ball going into a basket (scene 631),,56
/scratch/vcj9002/MagicPhysics/test_ball_in_basket_collect/632/env/camera/cam_0,A physics simulation of a ball going into a basket (scene 632),,44
/scratch/vcj9002/MagicPhysics/test_ball_in_basket_collect/633/env/camera/cam_0,A physics simulation of a ball going into a basket (scene 633),,44
/scratch/vcj9002/MagicPhysics/test_ball_in_basket_collect/634/env/camera/cam_0,A physics simulation of a ball going into a basket (scene 634),,44
/scratch/vcj9002/MagicPhysics/test_ball_in_basket_collect/635/env/camera/cam_0,A physics simulation of a ball going into a basket (scene 635),,41
/scratch/vcj9002/MagicPhysics/test_ball_in_basket_collect/636/env/camera/cam_0,A physics simulation of a ball going into a basket (scene 636),,54
/scratch/vcj9002/MagicPhysics/test_ball_in_basket_collect/637/env/camera/cam_0,A physics simulation of a ball going into a basket (scene 637),,52
/scratch/vcj9002/MagicPhysics/test_ball_in_basket_collect/638/env/camera/cam_0,A physics simulation of a ball going into a basket (scene 638),,53
/scratch/vcj9002/MagicPhysics/test_ball_in_basket_collect/639/env/camera/cam_0,A physics simulation of a ball going into a basket (scene 639),,47
/scratch/vcj9002/MagicPhysics/test_ball_in_basket_collect/64/env/camera/cam_0,A physics simulation of a ball going into a basket (scene 64),,44
/scratch/vcj9002/MagicPhysics/test_ball_in_basket_collect/640/env/camera/cam_0,A physics simulation of a ball going into a basket (scene 640),,50
/scratch/vcj9002/MagicPhysics/test_ball_in_basket_collect/641/env/camera/cam_0,A physics simulation of a ball going into a basket (scene 641),,55
/scratch/vcj9002/MagicPhysics/test_ball_in_basket_collect/642/env/camera/cam_0,A physics simulation of a ball going into a basket (scene 642),,41
/scratch/vcj9002/MagicPhysics/test_ball_in_basket_collect/643/env/camera/cam_0,A physics simulation of a ball going into a basket (scene 643),,51
/scratch/vcj9002/MagicPhysics/test_ball_in_basket_collect/644/env/camera/cam_0,A physics simulation of a ball going into a basket (scene 644),,54
/scratch/vcj9002/MagicPhysics/test_ball_in_basket_collect/645/env/camera/cam_0,A physics simulation of a ball going into a basket (scene 645),,44
/scratch/vcj9002/MagicPhysics/test_ball_in_basket_collect/646/env/camera/cam_0,A physics simulation of a ball going into a basket (scene 646),,47
/scratch/vcj9002/MagicPhysics/test_ball_in_basket_collect/647/env/camera/cam_0,A physics simulation of a ball going into a basket (scene 647),,50
/scratch/vcj9002/MagicPhysics/test_ball_in_basket_collect/648/env/camera/cam_0,A physics simulation of a ball going into a basket (scene 648),,54
/scratch/vcj9002/MagicPhysics/test_ball_in_basket_collect/649/env/camera/cam_0,A physics simulation of a ball going into a basket (scene 649),,41
/scratch/vcj9002/MagicPhysics/test_ball_in_basket_collect/65/env/camera/cam_0,A physics simulation of a ball going into a basket (scene 65),,59
/scratch/vcj9002/MagicPhysics/test_ball_in_basket_collect/650/env/camera/cam_0,A physics simulation of a ball going into a basket (scene 650),,47
/scratch/vcj9002/MagicPhysics/test_ball_in_basket_collect/651/env/camera/cam_0,A physics simulation of a ball going into a basket (scene 651),,54
/scratch/vcj9002/MagicPhysics/test_ball_in_basket_collect/652/env/camera/cam_0,A physics simulation of a ball going into a basket (scene 652),,54
/scratch/vcj9002/MagicPhysics/test_ball_in_basket_collect/653/env/camera/cam_0,A physics simulation of a ball going into a basket (scene 653),,47
/scratch/vcj9002/MagicPhysics/test_ball_in_basket_collect/654/env/camera/cam_0,A physics simulation of a ball going into a basket (scene 654),,49
/scratch/vcj9002/MagicPhysics/test_ball_in_basket_collect/655/env/camera/cam_0,A physics simulation of a ball going into a basket (scene 655),,47
/scratch/vcj9002/MagicPhysics/test_ball_in_basket_collect/656/env/camera/cam_0,A physics simulation of a ball going into a basket (scene 656),,44
/scratch/vcj9002/MagicPhysics/test_ball_in_basket_collect/657/env/camera/cam_0,A physics simulation of a ball going into a basket (scene 657),,44
/scratch/vcj9002/MagicPhysics/test_ball_in_basket_collect/658/env/camera/cam_0,A physics simulation of a ball going into a basket (scene 658),,47
/scratch/vcj9002/MagicPhysics/test_ball_in_basket_collect/659/env/camera/cam_0,A physics simulation of a ball going into a basket (scene 659),,60
/scratch/vcj9002/MagicPhysics/test_ball_in_basket_collect/66/env/camera/cam_0,A physics simulation of a ball going into a basket (scene 66),,44
/scratch/vcj9002/MagicPhysics/test_ball_in_basket_collect/660/env/camera/cam_0,A physics simulation of a ball going into a basket (scene 660),,50
/scratch/vcj9002/MagicPhysics/test_ball_in_basket_collect/661/env/camera/cam_0,A physics simulation of a ball going into a basket (scene 661),,55
/scratch/vcj9002/MagicPhysics/test_ball_in_basket_collect/662/env/camera/cam_0,A physics simulation of a ball going into a basket (scene 662),,51
/scratch/vcj9002/MagicPhysics/test_ball_in_basket_collect/663/env/camera/cam_0,A physics simulation of a ball going into a basket (scene 663),,47
/scratch/vcj9002/MagicPhysics/test_ball_in_basket_collect/664/env/camera/cam_0,A physics simulation of a ball going into a basket (scene 664),,44
/scratch/vcj9002/MagicPhysics/test_ball_in_basket_collect/665/env/camera/cam_0,A physics simulation of a ball going into a basket (scene 665),,53
/scratch/vcj9002/MagicPhysics/test_ball_in_basket_collect/666/env/camera/cam_0,A physics simulation of a ball going into a basket (scene 666),,57
/scratch/vcj9002/MagicPhysics/test_ball_in_basket_collect/667/env/camera/cam_0,A physics simulation of a ball going into a basket (scene 667),,47
/scratch/vcj9002/MagicPhysics/test_ball_in_basket_collect/668/env/camera/cam_0,A physics simulation of a ball going into a basket (scene 668),,57
/scratch/vcj9002/MagicPhysics/test_ball_in_basket_collect/669/env/camera/cam_0,A physics simulation of a ball going into a basket (scene 669),,55
/scratch/vcj9002/MagicPhysics/test_ball_in_basket_collect/67/env/camera/cam_0,A physics simulation of a ball going into a basket (scene 67),,54
/scratch/vcj9002/MagicPhysics/test_ball_in_basket_collect/670/env/camera/cam_0,A physics simulation of a ball going into a basket (scene 670),,44
/scratch/vcj9002/MagicPhysics/test_ball_in_basket_collect/671/env/camera/cam_0,A physics simulation of a ball going into a basket (scene 671),,53
/scratch/vcj9002/MagicPhysics/test_ball_in_basket_collect/672/env/camera/cam_0,A physics simulation of a ball going into a basket (scene 672),,51
/scratch/vcj9002/MagicPhysics/test_ball_in_basket_collect/673/env/camera/cam_0,A physics simulation of a ball going into a basket (scene 673),,44
/scratch/vcj9002/MagicPhysics/test_ball_in_basket_collect/674/env/camera/cam_0,A physics simulation of a ball going into a basket (scene 674),,47
/scratch/vcj9002/MagicPhysics/test_ball_in_basket_collect/675/env/camera/cam_0,A physics simulation of a ball going into a basket (scene 675),,31
/scratch/vcj9002/MagicPhysics/test_ball_in_basket_collect/676/env/camera/cam_0,A physics simulation of a ball going into a basket (scene 676),,44
/scratch/vcj9002/MagicPhysics/test_ball_in_basket_collect/677/env/camera/cam_0,A physics simulation of a ball going into a basket (scene 677),,51
/scratch/vcj9002/MagicPhysics/test_ball_in_basket_collect/678/env/camera/cam_0,A physics simulation of a ball going into a basket (scene 678),,41
/scratch/vcj9002/MagicPhysics/test_ball_in_basket_collect/679/env/camera/cam_0,A physics simulation of a ball going into a basket (scene 679),,44
/scratch/vcj9002/MagicPhysics/test_ball_in_basket_collect/68/env/camera/cam_0,A physics simulation of a ball going into a basket (scene 68),,44
/scratch/vcj9002/MagicPhysics/test_ball_in_basket_collect/680/env/camera/cam_0,A physics simulation of a ball going into a basket (scene 680),,54
/scratch/vcj9002/MagicPhysics/test_ball_in_basket_collect/681/env/camera/cam_0,A physics simulation of a ball going into a basket (scene 681),,34
/scratch/vcj9002/MagicPhysics/test_ball_in_basket_collect/682/env/camera/cam_0,A physics simulation of a ball going into a basket (scene 682),,47
/scratch/vcj9002/MagicPhysics/test_ball_in_basket_collect/683/env/camera/cam_0,A physics simulation of a ball going into a basket (scene 683),,34
/scratch/vcj9002/MagicPhysics/test_ball_in_basket_collect/684/env/camera/cam_0,A physics simulation of a ball going into a basket (scene 684),,50
/scratch/vcj9002/MagicPhysics/test_ball_in_basket_collect/685/env/camera/cam_0,A physics simulation of a ball going into a basket (scene 685),,52
/scratch/vcj9002/MagicPhysics/test_ball_in_basket_collect/686/env/camera/cam_0,A physics simulation of a ball going into a basket (scene 686),,44
/scratch/vcj9002/MagicPhysics/test_ball_in_basket_collect/687/env/camera/cam_0,A physics simulation of a ball going into a basket (scene 687),,44
/scratch/vcj9002/MagicPhysics/test_ball_in_basket_collect/688/env/camera/cam_0,A physics simulation of a ball going into a basket (scene 688),,41
/scratch/vcj9002/MagicPhysics/test_ball_in_basket_collect/689/env/camera/cam_0,A physics simulation of a ball going into a basket (scene 689),,53
/scratch/vcj9002/MagicPhysics/test_ball_in_basket_collect/69/env/camera/cam_0,A physics simulation of a ball going into a basket (scene 69),,60
/scratch/vcj9002/MagicPhysics/test_ball_in_basket_collect/690/env/camera/cam_0,A physics simulation of a ball going into a basket (scene 690),,59
/scratch/vcj9002/MagicPhysics/test_ball_in_basket_collect/691/env/camera/cam_0,A physics simulation of a ball going into a basket (scene 691),,55
/scratch/vcj9002/MagicPhysics/test_ball_in_basket_collect/692/env/camera/cam_0,A physics simulation of a ball going into a basket (scene 692),,56
/scratch/vcj9002/MagicPhysics/test_ball_in_basket_collect/693/env/camera/cam_0,A physics simulation of a ball going into a basket (scene 693),,55
/scratch/vcj9002/MagicPhysics/test_ball_in_basket_collect/694/env/camera/cam_0,A physics simulation of a ball going into a basket (scene 694),,50
/scratch/vcj9002/MagicPhysics/test_ball_in_basket_collect/695/env/camera/cam_0,A physics simulation of a ball going into a basket (scene 695),,44
/scratch/vcj9002/MagicPhysics/test_ball_in_basket_collect/696/env/camera/cam_0,A physics simulation of a ball going into a basket (scene 696),,47
/scratch/vcj9002/MagicPhysics/test_ball_in_basket_collect/697/env/camera/cam_0,A physics simulation of a ball going into a basket (scene 697),,41
/scratch/vcj9002/MagicPhysics/test_ball_in_basket_collect/698/env/camera/cam_0,A physics simulation of a ball going into a basket (scene 698),,47
/scratch/vcj9002/MagicPhysics/test_ball_in_basket_collect/699/env/camera/cam_0,A physics simulation of a ball going into a basket (scene 699),,56
/scratch/vcj9002/MagicPhysics/test_ball_in_basket_collect/7/env/camera/cam_0,A physics simulation of a ball going into a basket (scene 7),,26
/scratch/vcj9002/MagicPhysics/test_ball_in_basket_collect/70/env/camera/cam_0,A physics simulation of a ball going into a basket (scene 70),,47
/scratch/vcj9002/MagicPhysics/test_ball_in_basket_collect/700/env/camera/cam_0,A physics simulation of a ball going into a basket (scene 700),,47
/scratch/vcj9002/MagicPhysics/test_ball_in_basket_collect/701/env/camera/cam_0,A physics simulation of a ball going into a basket (scene 701),,47
/scratch/vcj9002/MagicPhysics/test_ball_in_basket_collect/702/env/camera/cam_0,A physics simulation of a ball going into a basket (scene 702),,51
/scratch/vcj9002/MagicPhysics/test_ball_in_basket_collect/703/env/camera/cam_0,A physics simulation of a ball going into a basket (scene 703),,44
/scratch/vcj9002/MagicPhysics/test_ball_in_basket_collect/704/env/camera/cam_0,A physics simulation of a ball going into a basket (scene 704),,51
/scratch/vcj9002/MagicPhysics/test_ball_in_basket_collect/705/env/camera/cam_0,A physics simulation of a ball going into a basket (scene 705),,52
/scratch/vcj9002/MagicPhysics/test_ball_in_basket_collect/706/env/camera/cam_0,A physics simulation of a ball going into a basket (scene 706),,47
/scratch/vcj9002/MagicPhysics/test_ball_in_basket_collect/707/env/camera/cam_0,A physics simulation of a ball going into a basket (scene 707),,53
/scratch/vcj9002/MagicPhysics/test_ball_in_basket_collect/708/env/camera/cam_0,A physics simulation of a ball going into a basket (scene 708),,44
/scratch/vcj9002/MagicPhysics/test_ball_in_basket_collect/709/env/camera/cam_0,A physics simulation of a ball going into a basket (scene 709),,50
/scratch/vcj9002/MagicPhysics/test_ball_in_basket_collect/71/env/camera/cam_0,A physics simulation of a ball going into a basket (scene 71),,44
/scratch/vcj9002/MagicPhysics/test_ball_in_basket_collect/710/env/camera/cam_0,A physics simulation of a ball going into a basket (scene 710),,44
/scratch/vcj9002/MagicPhysics/test_ball_in_basket_collect/711/env/camera/cam_0,A physics simulation of a ball going into a basket (scene 711),,44
/scratch/vcj9002/MagicPhysics/test_ball_in_basket_collect/712/env/camera/cam_0,A physics simulation of a ball going into a basket (scene 712),,44
/scratch/vcj9002/MagicPhysics/test_ball_in_basket_collect/713/env/camera/cam_0,A physics simulation of a ball going into a basket (scene 713),,53
/scratch/vcj9002/MagicPhysics/test_ball_in_basket_collect/714/env/camera/cam_0,A physics simulation of a ball going into a basket (scene 714),,47
/scratch/vcj9002/MagicPhysics/test_ball_in_basket_collect/715/env/camera/cam_0,A physics simulation of a ball going into a basket (scene 715),,47
/scratch/vcj9002/MagicPhysics/test_ball_in_basket_collect/716/env/camera/cam_0,A physics simulation of a ball going into a basket (scene 716),,59
/scratch/vcj9002/MagicPhysics/test_ball_in_basket_collect/717/env/camera/cam_0,A physics simulation of a ball going into a basket (scene 717),,44
/scratch/vcj9002/MagicPhysics/test_ball_in_basket_collect/718/env/camera/cam_0,A physics simulation of a ball going into a basket (scene 718),,56
/scratch/vcj9002/MagicPhysics/test_ball_in_basket_collect/719/env/camera/cam_0,A physics simulation of a ball going into a basket (scene 719),,54
/scratch/vcj9002/MagicPhysics/test_ball_in_basket_collect/72/env/camera/cam_0,A physics simulation of a ball going into a basket (scene 72),,54
/scratch/vcj9002/MagicPhysics/test_ball_in_basket_collect/720/env/camera/cam_0,A physics simulation of a ball going into a basket (scene 720),,51
/scratch/vcj9002/MagicPhysics/test_ball_in_basket_collect/721/env/camera/cam_0,A physics simulation of a ball going into a basket (scene 721),,50
/scratch/vcj9002/MagicPhysics/test_ball_in_basket_collect/722/env/camera/cam_0,A physics simulation of a ball going into a basket (scene 722),,51
/scratch/vcj9002/MagicPhysics/test_ball_in_basket_collect/723/env/camera/cam_0,A physics simulation of a ball going into a basket (scene 723),,47
/scratch/vcj9002/MagicPhysics/test_ball_in_basket_collect/724/env/camera/cam_0,A physics simulation of a ball going into a basket (scene 724),,53
/scratch/vcj9002/MagicPhysics/test_ball_in_basket_collect/725/env/camera/cam_0,A physics simulation of a ball going into a basket (scene 725),,31
/scratch/vcj9002/MagicPhysics/test_ball_in_basket_collect/726/env/camera/cam_0,A physics simulation of a ball going into a basket (scene 726),,54
/scratch/vcj9002/MagicPhysics/test_ball_in_basket_collect/727/env/camera/cam_0,A physics simulation of a ball going into a basket (scene 727),,51
/scratch/vcj9002/MagicPhysics/test_ball_in_basket_collect/728/env/camera/cam_0,A physics simulation of a ball going into a basket (scene 728),,55
/scratch/vcj9002/MagicPhysics/test_ball_in_basket_collect/729/env/camera/cam_0,A physics simulation of a ball going into a basket (scene 729),,47
/scratch/vcj9002/MagicPhysics/test_ball_in_basket_collect/73/env/camera/cam_0,A physics simulation of a ball going into a basket (scene 73),,54
/scratch/vcj9002/MagicPhysics/test_ball_in_basket_collect/730/env/camera/cam_0,A physics simulation of a ball going into a basket (scene 730),,57
/scratch/vcj9002/MagicPhysics/test_ball_in_basket_collect/731/env/camera/cam_0,A physics simulation of a ball going into a basket (scene 731),,44
/scratch/vcj9002/MagicPhysics/test_ball_in_basket_collect/732/env/camera/cam_0,A physics simulation of a ball going into a basket (scene 732),,53
/scratch/vcj9002/MagicPhysics/test_ball_in_basket_collect/733/env/camera/cam_0,A physics simulation of a ball going into a basket (scene 733),,44
/scratch/vcj9002/MagicPhysics/test_ball_in_basket_collect/734/env/camera/cam_0,A physics simulation of a ball going into a basket (scene 734),,53
/scratch/vcj9002/MagicPhysics/test_ball_in_basket_collect/735/env/camera/cam_0,A physics simulation of a ball going into a basket (scene 735),,44
/scratch/vcj9002/MagicPhysics/test_ball_in_basket_collect/736/env/camera/cam_0,A physics simulation of a ball going into a basket (scene 736),,44
/scratch/vcj9002/MagicPhysics/test_ball_in_basket_collect/737/env/camera/cam_0,A physics simulation of a ball going into a basket (scene 737),,51
/scratch/vcj9002/MagicPhysics/test_ball_in_basket_collect/738/env/camera/cam_0,A physics simulation of a ball going into a basket (scene 738),,31
/scratch/vcj9002/MagicPhysics/test_ball_in_basket_collect/739/env/camera/cam_0,A physics simulation of a ball going into a basket (scene 739),,51
/scratch/vcj9002/MagicPhysics/test_ball_in_basket_collect/74/env/camera/cam_0,A physics simulation of a ball going into a basket (scene 74),,50
/scratch/vcj9002/MagicPhysics/test_ball_in_basket_collect/740/env/camera/cam_0,A physics simulation of a ball going into a basket (scene 740),,41
/scratch/vcj9002/MagicPhysics/test_ball_in_basket_collect/741/env/camera/cam_0,A physics simulation of a ball going into a basket (scene 741),,41
/scratch/vcj9002/MagicPhysics/test_ball_in_basket_collect/742/env/camera/cam_0,A physics simulation of a ball going into a basket (scene 742),,61
/scratch/vcj9002/MagicPhysics/test_ball_in_basket_collect/743/env/camera/cam_0,A physics simulation of a ball going into a basket (scene 743),,34
/scratch/vcj9002/MagicPhysics/test_ball_in_basket_collect/744/env/camera/cam_0,A physics simulation of a ball going into a basket (scene 744),,57
/scratch/vcj9002/MagicPhysics/test_ball_in_basket_collect/745/env/camera/cam_0,A physics simulation of a ball going into a basket (scene 745),,54
/scratch/vcj9002/MagicPhysics/test_ball_in_basket_collect/746/env/camera/cam_0,A physics simulation of a ball going into a basket (scene 746),,49
/scratch/vcj9002/MagicPhysics/test_ball_in_basket_collect/747/env/camera/cam_0,A physics simulation of a ball going into a basket (scene 747),,44
/scratch/vcj9002/MagicPhysics/test_ball_in_basket_collect/748/env/camera/cam_0,A physics simulation of a ball going into a basket (scene 748),,54
/scratch/vcj9002/MagicPhysics/test_ball_in_basket_collect/749/env/camera/cam_0,A physics simulation of a ball going into a basket (scene 749),,38
/scratch/vcj9002/MagicPhysics/test_ball_in_basket_collect/75/env/camera/cam_0,A physics simulation of a ball going into a basket (scene 75),,53
/scratch/vcj9002/MagicPhysics/test_ball_in_basket_collect/750/env/camera/cam_0,A physics simulation of a ball going into a basket (scene 750),,57
/scratch/vcj9002/MagicPhysics/test_ball_in_basket_collect/751/env/camera/cam_0,A physics simulation of a ball going into a basket (scene 751),,51
/scratch/vcj9002/MagicPhysics/test_ball_in_basket_collect/752/env/camera/cam_0,A physics simulation of a ball going into a basket (scene 752),,53
/scratch/vcj9002/MagicPhysics/test_ball_in_basket_collect/753/env/camera/cam_0,A physics simulation of a ball going into a basket (scene 753),,31
/scratch/vcj9002/MagicPhysics/test_ball_in_basket_collect/754/env/camera/cam_0,A physics simulation of a ball going into a basket (scene 754),,62
/scratch/vcj9002/MagicPhysics/test_ball_in_basket_collect/755/env/camera/cam_0,A physics simulation of a ball going into a basket (scene 755),,49
/scratch/vcj9002/MagicPhysics/test_ball_in_basket_collect/756/env/camera/cam_0,A physics simulation of a ball going into a basket (scene 756),,44
/scratch/vcj9002/MagicPhysics/test_ball_in_basket_collect/757/env/camera/cam_0,A physics simulation of a ball going into a basket (scene 757),,51
/scratch/vcj9002/MagicPhysics/test_ball_in_basket_collect/758/env/camera/cam_0,A physics simulation of a ball going into a basket (scene 758),,55
/scratch/vcj9002/MagicPhysics/test_ball_in_basket_collect/759/env/camera/cam_0,A physics simulation of a ball going into a basket (scene 759),,47
/scratch/vcj9002/MagicPhysics/test_ball_in_basket_collect/76/env/camera/cam_0,A physics simulation of a ball going into a basket (scene 76),,52
/scratch/vcj9002/MagicPhysics/test_ball_in_basket_collect/760/env/camera/cam_0,A physics simulation of a ball going into a basket (scene 760),,50
/scratch/vcj9002/MagicPhysics/test_ball_in_basket_collect/761/env/camera/cam_0,A physics simulation of a ball going into a basket (scene 761),,44
/scratch/vcj9002/MagicPhysics/test_ball_in_basket_collect/762/env/camera/cam_0,A physics simulation of a ball going into a basket (scene 762),,55
/scratch/vcj9002/MagicPhysics/test_ball_in_basket_collect/763/env/camera/cam_0,A physics simulation of a ball going into a basket (scene 763),,47
/scratch/vcj9002/MagicPhysics/test_ball_in_basket_collect/764/env/camera/cam_0,A physics simulation of a ball going into a basket (scene 764),,44
/scratch/vcj9002/MagicPhysics/test_ball_in_basket_collect/765/env/camera/cam_0,A physics simulation of a ball going into a basket (scene 765),,41
/scratch/vcj9002/MagicPhysics/test_ball_in_basket_collect/766/env/camera/cam_0,A physics simulation of a ball going into a basket (scene 766),,44
/scratch/vcj9002/MagicPhysics/test_ball_in_basket_collect/767/env/camera/cam_0,A physics simulation of a ball going into a basket (scene 767),,44
/scratch/vcj9002/MagicPhysics/test_ball_in_basket_collect/768/env/camera/cam_0,A physics simulation of a ball going into a basket (scene 768),,41
/scratch/vcj9002/MagicPhysics/test_ball_in_basket_collect/769/env/camera/cam_0,A physics simulation of a ball going into a basket (scene 769),,53
/scratch/vcj9002/MagicPhysics/test_ball_in_basket_collect/77/env/camera/cam_0,A physics simulation of a ball going into a basket (scene 77),,54
/scratch/vcj9002/MagicPhysics/test_ball_in_basket_collect/770/env/camera/cam_0,A physics simulation of a ball going into a basket (scene 770),,59
/scratch/vcj9002/MagicPhysics/test_ball_in_basket_collect/771/env/camera/cam_0,A physics simulation of a ball going into a basket (scene 771),,31
/scratch/vcj9002/MagicPhysics/test_ball_in_basket_collect/772/env/camera/cam_0,A physics simulation of a ball going into a basket (scene 772),,53
/scratch/vcj9002/MagicPhysics/test_ball_in_basket_collect/773/env/camera/cam_0,A physics simulation of a ball going into a basket (scene 773),,44
/scratch/vcj9002/MagicPhysics/test_ball_in_basket_collect/774/env/camera/cam_0,A physics simulation of a ball going into a basket (scene 774),,55
/scratch/vcj9002/MagicPhysics/test_ball_in_basket_collect/775/env/camera/cam_0,A physics simulation of a ball going into a basket (scene 775),,47
/scratch/vcj9002/MagicPhysics/test_ball_in_basket_collect/776/env/camera/cam_0,A physics simulation of a ball going into a basket (scene 776),,44
/scratch/vcj9002/MagicPhysics/test_ball_in_basket_collect/777/env/camera/cam_0,A physics simulation of a ball going into a basket (scene 777),,51
/scratch/vcj9002/MagicPhysics/test_ball_in_basket_collect/778/env/camera/cam_0,A physics simulation of a ball going into a basket (scene 778),,55
/scratch/vcj9002/MagicPhysics/test_ball_in_basket_collect/779/env/camera/cam_0,A physics simulation of a ball going into a basket (scene 779),,47
/scratch/vcj9002/MagicPhysics/test_ball_in_basket_collect/78/env/camera/cam_0,A physics simulation of a ball going into a basket (scene 78),,57
/scratch/vcj9002/MagicPhysics/test_ball_in_basket_collect/780/env/camera/cam_0,A physics simulation of a ball going into a basket (scene 780),,54
/scratch/vcj9002/MagicPhysics/test_ball_in_basket_collect/781/env/camera/cam_0,A physics simulation of a ball going into a basket (scene 781),,60
/scratch/vcj9002/MagicPhysics/test_ball_in_basket_collect/782/env/camera/cam_0,A physics simulation of a ball going into a basket (scene 782),,47
/scratch/vcj9002/MagicPhysics/test_ball_in_basket_collect/783/env/camera/cam_0,A physics simulation of a ball going into a basket (scene 783),,51
/scratch/vcj9002/MagicPhysics/test_ball_in_basket_collect/784/env/camera/cam_0,A physics simulation of a ball going into a basket (scene 784),,55
/scratch/vcj9002/MagicPhysics/test_ball_in_basket_collect/785/env/camera/cam_0,A physics simulation of a ball going into a basket (scene 785),,51
/scratch/vcj9002/MagicPhysics/test_ball_in_basket_collect/786/env/camera/cam_0,A physics simulation of a ball going into a basket (scene 786),,51
/scratch/vcj9002/MagicPhysics/test_ball_in_basket_collect/787/env/camera/cam_0,A physics simulation of a ball going into a basket (scene 787),,60
/scratch/vcj9002/MagicPhysics/test_ball_in_basket_collect/788/env/camera/cam_0,A physics simulation of a ball going into a basket (scene 788),,44
/scratch/vcj9002/MagicPhysics/test_ball_in_basket_collect/789/env/camera/cam_0,A physics simulation of a ball going into a basket (scene 789),,54
/scratch/vcj9002/MagicPhysics/test_ball_in_basket_collect/79/env/camera/cam_0,A physics simulation of a ball going into a basket (scene 79),,47
/scratch/vcj9002/MagicPhysics/test_ball_in_basket_collect/790/env/camera/cam_0,A physics simulation of a ball going into a basket (scene 790),,44
/scratch/vcj9002/MagicPhysics/test_ball_in_basket_collect/791/env/camera/cam_0,A physics simulation of a ball going into a basket (scene 791),,54
/scratch/vcj9002/MagicPhysics/test_ball_in_basket_collect/792/env/camera/cam_0,A physics simulation of a ball going into a basket (scene 792),,44
/scratch/vcj9002/MagicPhysics/test_ball_in_basket_collect/793/env/camera/cam_0,A physics simulation of a ball going into a basket (scene 793),,59
/scratch/vcj9002/MagicPhysics/test_ball_in_basket_collect/794/env/camera/cam_0,A physics simulation of a ball going into a basket (scene 794),,44
/scratch/vcj9002/MagicPhysics/test_ball_in_basket_collect/795/env/camera/cam_0,A physics simulation of a ball going into a basket (scene 795),,41
/scratch/vcj9002/MagicPhysics/test_ball_in_basket_collect/796/env/camera/cam_0,A physics simulation of a ball going into a basket (scene 796),,50
/scratch/vcj9002/MagicPhysics/test_ball_in_basket_collect/797/env/camera/cam_0,A physics simulation of a ball going into a basket (scene 797),,49
/scratch/vcj9002/MagicPhysics/test_ball_in_basket_collect/798/env/camera/cam_0,A physics simulation of a ball going into a basket (scene 798),,44
/scratch/vcj9002/MagicPhysics/test_ball_in_basket_collect/799/env/camera/cam_0,A physics simulation of a ball going into a basket (scene 799),,49
/scratch/vcj9002/MagicPhysics/test_ball_in_basket_collect/8/env/camera/cam_0,A physics simulation of a ball going into a basket (scene 8),,45
/scratch/vcj9002/MagicPhysics/test_ball_in_basket_collect/80/env/camera/cam_0,A physics simulation of a ball going into a basket (scene 80),,49
/scratch/vcj9002/MagicPhysics/test_ball_in_basket_collect/800/env/camera/cam_0,A physics simulation of a ball going into a basket (scene 800),,52
/scratch/vcj9002/MagicPhysics/test_ball_in_basket_collect/801/env/camera/cam_0,A physics simulation of a ball going into a basket (scene 801),,44
/scratch/vcj9002/MagicPhysics/test_ball_in_basket_collect/802/env/camera/cam_0,A physics simulation of a ball going into a basket (scene 802),,64
/scratch/vcj9002/MagicPhysics/test_ball_in_basket_collect/803/env/camera/cam_0,A physics simulation of a ball going into a basket (scene 803),,53
/scratch/vcj9002/MagicPhysics/test_ball_in_basket_collect/804/env/camera/cam_0,A physics simulation of a ball going into a basket (scene 804),,44
/scratch/vcj9002/MagicPhysics/test_ball_in_basket_collect/805/env/camera/cam_0,A physics simulation of a ball going into a basket (scene 805),,44
/scratch/vcj9002/MagicPhysics/test_ball_in_basket_collect/806/env/camera/cam_0,A physics simulation of a ball going into a basket (scene 806),,41
/scratch/vcj9002/MagicPhysics/test_ball_in_basket_collect/807/env/camera/cam_0,A physics simulation of a ball going into a basket (scene 807),,55
/scratch/vcj9002/MagicPhysics/test_ball_in_basket_collect/808/env/camera/cam_0,A physics simulation of a ball going into a basket (scene 808),,47
/scratch/vcj9002/MagicPhysics/test_ball_in_basket_collect/809/env/camera/cam_0,A physics simulation of a ball going into a basket (scene 809),,54
/scratch/vcj9002/MagicPhysics/test_ball_in_basket_collect/81/env/camera/cam_0,A physics simulation of a ball going into a basket (scene 81),,51
/scratch/vcj9002/MagicPhysics/test_ball_in_basket_collect/810/env/camera/cam_0,A physics simulation of a ball going into a basket (scene 810),,51
/scratch/vcj9002/MagicPhysics/test_ball_in_basket_collect/811/env/camera/cam_0,A physics simulation of a ball going into a basket (scene 811),,44
/scratch/vcj9002/MagicPhysics/test_ball_in_basket_collect/812/env/camera/cam_0,A physics simulation of a ball going into a basket (scene 812),,57
/scratch/vcj9002/MagicPhysics/test_ball_in_basket_collect/813/env/camera/cam_0,A physics simulation of a ball going into a basket (scene 813),,44
/scratch/vcj9002/MagicPhysics/test_ball_in_basket_collect/814/env/camera/cam_0,A physics simulation of a ball going into a basket (scene 814),,47
/scratch/vcj9002/MagicPhysics/test_ball_in_basket_collect/815/env/camera/cam_0,A physics simulation of a ball going into a basket (scene 815),,31
/scratch/vcj9002/MagicPhysics/test_ball_in_basket_collect/816/env/camera/cam_0,A physics simulation of a ball going into a basket (scene 816),,57
/scratch/vcj9002/MagicPhysics/test_ball_in_basket_collect/817/env/camera/cam_0,A physics simulation of a ball going into a basket (scene 817),,47
/scratch/vcj9002/MagicPhysics/test_ball_in_basket_collect/818/env/camera/cam_0,A physics simulation of a ball going into a basket (scene 818),,55
/scratch/vcj9002/MagicPhysics/test_ball_in_basket_collect/819/env/camera/cam_0,A physics simulation of a ball going into a basket (scene 819),,47
/scratch/vcj9002/MagicPhysics/test_ball_in_basket_collect/82/env/camera/cam_0,A physics simulation of a ball going into a basket (scene 82),,44
/scratch/vcj9002/MagicPhysics/test_ball_in_basket_collect/820/env/camera/cam_0,A physics simulation of a ball going into a basket (scene 820),,51
/scratch/vcj9002/MagicPhysics/test_ball_in_basket_collect/821/env/camera/cam_0,A physics simulation of a ball going into a basket (scene 821),,61
/scratch/vcj9002/MagicPhysics/test_ball_in_basket_collect/822/env/camera/cam_0,A physics simulation of a ball going into a basket (scene 822),,47
/scratch/vcj9002/MagicPhysics/test_ball_in_basket_collect/823/env/camera/cam_0,A physics simulation of a ball going into a basket (scene 823),,51
/scratch/vcj9002/MagicPhysics/test_ball_in_basket_collect/824/env/camera/cam_0,A physics simulation of a ball going into a basket (scene 824),,51
/scratch/vcj9002/MagicPhysics/test_ball_in_basket_collect/825/env/camera/cam_0,A physics simulation of a ball going into a basket (scene 825),,50
/scratch/vcj9002/MagicPhysics/test_ball_in_basket_collect/826/env/camera/cam_0,A physics simulation of a ball going into a basket (scene 826),,54
/scratch/vcj9002/MagicPhysics/test_ball_in_basket_collect/827/env/camera/cam_0,A physics simulation of a ball going into a basket (scene 827),,47
/scratch/vcj9002/MagicPhysics/test_ball_in_basket_collect/828/env/camera/cam_0,A physics simulation of a ball going into a basket (scene 828),,50
/scratch/vcj9002/MagicPhysics/test_ball_in_basket_collect/829/env/camera/cam_0,A physics simulation of a ball going into a basket (scene 829),,47
/scratch/vcj9002/MagicPhysics/test_ball_in_basket_collect/83/env/camera/cam_0,A physics simulation of a ball going into a basket (scene 83),,44
/scratch/vcj9002/MagicPhysics/test_ball_in_basket_collect/830/env/camera/cam_0,A physics simulation of a ball going into a basket (scene 830),,49
/scratch/vcj9002/MagicPhysics/test_ball_in_basket_collect/831/env/camera/cam_0,A physics simulation of a ball going into a basket (scene 831),,57
/scratch/vcj9002/MagicPhysics/test_ball_in_basket_collect/832/env/camera/cam_0,A physics simulation of a ball going into a basket (scene 832),,47
/scratch/vcj9002/MagicPhysics/test_ball_in_basket_collect/833/env/camera/cam_0,A physics simulation of a ball going into a basket (scene 833),,31
/scratch/vcj9002/MagicPhysics/test_ball_in_basket_collect/834/env/camera/cam_0,A physics simulation of a ball going into a basket (scene 834),,56
/scratch/vcj9002/MagicPhysics/test_ball_in_basket_collect/835/env/camera/cam_0,A physics simulation of a ball going into a basket (scene 835),,44
/scratch/vcj9002/MagicPhysics/test_ball_in_basket_collect/836/env/camera/cam_0,A physics simulation of a ball going into a basket (scene 836),,46
/scratch/vcj9002/MagicPhysics/test_ball_in_basket_collect/837/env/camera/cam_0,A physics simulation of a ball going into a basket (scene 837),,50
/scratch/vcj9002/MagicPhysics/test_ball_in_basket_collect/838/env/camera/cam_0,A physics simulation of a ball going into a basket (scene 838),,41
/scratch/vcj9002/MagicPhysics/test_ball_in_basket_collect/839/env/camera/cam_0,A physics simulation of a ball going into a basket (scene 839),,47
/scratch/vcj9002/MagicPhysics/test_ball_in_basket_collect/84/env/camera/cam_0,A physics simulation of a ball going into a basket (scene 84),,44
/scratch/vcj9002/MagicPhysics/test_ball_in_basket_collect/840/env/camera/cam_0,A physics simulation of a ball going into a basket (scene 840),,52
/scratch/vcj9002/MagicPhysics/test_ball_in_basket_collect/841/env/camera/cam_0,A physics simulation of a ball going into a basket (scene 841),,52
/scratch/vcj9002/MagicPhysics/test_ball_in_basket_collect/85/env/camera/cam_0,A physics simulation of a ball going into a basket (scene 85),,52
/scratch/vcj9002/MagicPhysics/test_ball_in_basket_collect/86/env/camera/cam_0,A physics simulation of a ball going into a basket (scene 86),,44
/scratch/vcj9002/MagicPhysics/test_ball_in_basket_collect/87/env/camera/cam_0,A physics simulation of a ball going into a basket (scene 87),,53
/scratch/vcj9002/MagicPhysics/test_ball_in_basket_collect/88/env/camera/cam_0,A physics simulation of a ball going into a basket (scene 88),,44
/scratch/vcj9002/MagicPhysics/test_ball_in_basket_collect/89/env/camera/cam_0,A physics simulation of a ball going into a basket (scene 89),,48
/scratch/vcj9002/MagicPhysics/test_ball_in_basket_collect/9/env/camera/cam_0,A physics simulation of a ball going into a basket (scene 9),,46
/scratch/vcj9002/MagicPhysics/test_ball_in_basket_collect/90/env/camera/cam_0,A physics simulation of a ball going into a basket (scene 90),,57
/scratch/vcj9002/MagicPhysics/test_ball_in_basket_collect/91/env/camera/cam_0,A physics simulation of a ball going into a basket (scene 91),,34
/scratch/vcj9002/MagicPhysics/test_ball_in_basket_collect/92/env/camera/cam_0,A physics simulation of a ball going into a basket (scene 92),,55
/scratch/vcj9002/MagicPhysics/test_ball_in_basket_collect/93/env/camera/cam_0,A physics simulation of a ball going into a basket (scene 93),,63
/scratch/vcj9002/MagicPhysics/test_ball_in_basket_collect/94/env/camera/cam_0,A physics simulation of a ball going into a basket (scene 94),,50
/scratch/vcj9002/MagicPhysics/test_ball_in_basket_collect/95/env/camera/cam_0,A physics simulation of a ball going into a basket (scene 95),,44
/scratch/vcj9002/MagicPhysics/test_ball_in_basket_collect/96/env/camera/cam_0,A physics simulation of a ball going into a basket (scene 96),,44
/scratch/vcj9002/MagicPhysics/test_ball_in_basket_collect/97/env/camera/cam_0,A physics simulation of a ball going into a basket (scene 97),,44
/scratch/vcj9002/MagicPhysics/test_ball_in_basket_collect/98/env/camera/cam_0,A physics simulation of a ball going into a basket (scene 98),,58
/scratch/vcj9002/MagicPhysics/test_ball_in_basket_collect/99/env/camera/cam_0,A physics simulation of a ball going into a basket (scene 99),,44
/scratch/vcj9002/MagicPhysics/test_ball_ramp_collect/0/env/camera/cam_0,A physics simulation of a ball rolling down a ramp (scene 0),,242
/scratch/vcj9002/MagicPhysics/test_ball_ramp_collect/1/env/camera/cam_0,A physics simulation of a ball rolling down a ramp (scene 1),,244
/scratch/vcj9002/MagicPhysics/test_ball_ramp_collect/10/env/camera/cam_0,A physics simulation of a ball rolling down a ramp (scene 10),,247
/scratch/vcj9002/MagicPhysics/test_ball_ramp_collect/100/env/camera/cam_0,A physics simulation of a ball rolling down a ramp (scene 100),,247
/scratch/vcj9002/MagicPhysics/test_ball_ramp_collect/101/env/camera/cam_0,A physics simulation of a ball rolling down a ramp (scene 101),,247
/scratch/vcj9002/MagicPhysics/test_ball_ramp_collect/102/env/camera/cam_0,A physics simulation of a ball rolling down a ramp (scene 102),,247
/scratch/vcj9002/MagicPhysics/test_ball_ramp_collect/103/env/camera/cam_0,A physics simulation of a ball rolling down a ramp (scene 103),,249
/scratch/vcj9002/MagicPhysics/test_ball_ramp_collect/104/env/camera/cam_0,A physics simulation of a ball rolling down a ramp (scene 104),,249
/scratch/vcj9002/MagicPhysics/test_ball_ramp_collect/105/env/camera/cam_0,A physics simulation of a ball rolling down a ramp (scene 105),,250
/scratch/vcj9002/MagicPhysics/test_ball_ramp_collect/106/env/camera/cam_0,A physics simulation of a ball rolling down a ramp (scene 106),,250
/scratch/vcj9002/MagicPhysics/test_ball_ramp_collect/107/env/camera/cam_0,A physics simulation of a ball rolling down a ramp (scene 107),,254
/scratch/vcj9002/MagicPhysics/test_ball_ramp_collect/108/env/camera/cam_0,A physics simulation of a ball rolling down a ramp (scene 108),,264
/scratch/vcj9002/MagicPhysics/test_ball_ramp_collect/109/env/camera/cam_0,A physics simulation of a ball rolling down a ramp (scene 109),,264
/scratch/vcj9002/MagicPhysics/test_ball_ramp_collect/11/env/camera/cam_0,A physics simulation of a ball rolling down a ramp (scene 11),,249
/scratch/vcj9002/MagicPhysics/test_ball_ramp_collect/110/env/camera/cam_0,A physics simulation of a ball rolling down a ramp (scene 110),,247
/scratch/vcj9002/MagicPhysics/test_ball_ramp_collect/111/env/camera/cam_0,A physics simulation of a ball rolling down a ramp (scene 111),,247
/scratch/vcj9002/MagicPhysics/test_ball_ramp_collect/112/env/camera/cam_0,A physics simulation of a ball rolling down a ramp (scene 112),,247
/scratch/vcj9002/MagicPhysics/test_ball_ramp_collect/113/env/camera/cam_0,A physics simulation of a ball rolling down a ramp (scene 113),,249
/scratch/vcj9002/MagicPhysics/test_ball_ramp_collect/114/env/camera/cam_0,A physics simulation of a ball rolling down a ramp (scene 114),,249
/scratch/vcj9002/MagicPhysics/test_ball_ramp_collect/115/env/camera/cam_0,A physics simulation of a ball rolling down a ramp (scene 115),,250
/scratch/vcj9002/MagicPhysics/test_ball_ramp_collect/116/env/camera/cam_0,A physics simulation of a ball rolling down a ramp (scene 116),,250
/scratch/vcj9002/MagicPhysics/test_ball_ramp_collect/117/env/camera/cam_0,A physics simulation of a ball rolling down a ramp (scene 117),,254
/scratch/vcj9002/MagicPhysics/test_ball_ramp_collect/118/env/camera/cam_0,A physics simulation of a ball rolling down a ramp (scene 118),,264
/scratch/vcj9002/MagicPhysics/test_ball_ramp_collect/119/env/camera/cam_0,A physics simulation of a ball rolling down a ramp (scene 119),,264
/scratch/vcj9002/MagicPhysics/test_ball_ramp_collect/12/env/camera/cam_0,A physics simulation of a ball rolling down a ramp (scene 12),,247
/scratch/vcj9002/MagicPhysics/test_ball_ramp_collect/120/env/camera/cam_0,A physics simulation of a ball rolling down a ramp (scene 120),,247
/scratch/vcj9002/MagicPhysics/test_ball_ramp_collect/121/env/camera/cam_0,A physics simulation of a ball rolling down a ramp (scene 121),,247
/scratch/vcj9002/MagicPhysics/test_ball_ramp_collect/122/env/camera/cam_0,A physics simulation of a ball rolling down a ramp (scene 122),,247
/scratch/vcj9002/MagicPhysics/test_ball_ramp_collect/123/env/camera/cam_0,A physics simulation of a ball rolling down a ramp (scene 123),,249
/scratch/vcj9002/MagicPhysics/test_ball_ramp_collect/124/env/camera/cam_0,A physics simulation of a ball rolling down a ramp (scene 124),,249
/scratch/vcj9002/MagicPhysics/test_ball_ramp_collect/125/env/camera/cam_0,A physics simulation of a ball rolling down a ramp (scene 125),,250
/scratch/vcj9002/MagicPhysics/test_ball_ramp_collect/126/env/camera/cam_0,A physics simulation of a ball rolling down a ramp (scene 126),,250
/scratch/vcj9002/MagicPhysics/test_ball_ramp_collect/127/env/camera/cam_0,A physics simulation of a ball rolling down a ramp (scene 127),,254
/scratch/vcj9002/MagicPhysics/test_ball_ramp_collect/128/env/camera/cam_0,A physics simulation of a ball rolling down a ramp (scene 128),,264
/scratch/vcj9002/MagicPhysics/test_ball_ramp_collect/129/env/camera/cam_0,A physics simulation of a ball rolling down a ramp (scene 129),,264
/scratch/vcj9002/MagicPhysics/test_ball_ramp_collect/13/env/camera/cam_0,A physics simulation of a ball rolling down a ramp (scene 13),,247
/scratch/vcj9002/MagicPhysics/test_ball_ramp_collect/130/env/camera/cam_0,A physics simulation of a ball rolling down a ramp (scene 130),,247
/scratch/vcj9002/MagicPhysics/test_ball_ramp_collect/131/env/camera/cam_0,A physics simulation of a ball rolling down a ramp (scene 131),,78
/scratch/vcj9002/MagicPhysics/test_ball_ramp_collect/14/env/camera/cam_0,A physics simulation of a ball rolling down a ramp (scene 14),,249
/scratch/vcj9002/MagicPhysics/test_ball_ramp_collect/15/env/camera/cam_0,A physics simulation of a ball rolling down a ramp (scene 15),,254
/scratch/vcj9002/MagicPhysics/test_ball_ramp_collect/16/env/camera/cam_0,A physics simulation of a ball rolling down a ramp (scene 16),,250
/scratch/vcj9002/MagicPhysics/test_ball_ramp_collect/17/env/camera/cam_0,A physics simulation of a ball rolling down a ramp (scene 17),,250
/scratch/vcj9002/MagicPhysics/test_ball_ramp_collect/18/env/camera/cam_0,A physics simulation of a ball rolling down a ramp (scene 18),,264
/scratch/vcj9002/MagicPhysics/test_ball_ramp_collect/19/env/camera/cam_0,A physics simulation of a ball rolling down a ramp (scene 19),,264
/scratch/vcj9002/MagicPhysics/test_ball_ramp_collect/2/env/camera/cam_0,A physics simulation of a ball rolling down a ramp (scene 2),,249
/scratch/vcj9002/MagicPhysics/test_ball_ramp_collect/20/env/camera/cam_0,A physics simulation of a ball rolling down a ramp (scene 20),,247
/scratch/vcj9002/MagicPhysics/test_ball_ramp_collect/21/env/camera/cam_0,A physics simulation of a ball rolling down a ramp (scene 21),,249
/scratch/vcj9002/MagicPhysics/test_ball_ramp_collect/22/env/camera/cam_0,A physics simulation of a ball rolling down a ramp (scene 22),,247
/scratch/vcj9002/MagicPhysics/test_ball_ramp_collect/23/env/camera/cam_0,A physics simulation of a ball rolling down a ramp (scene 23),,247
/scratch/vcj9002/MagicPhysics/test_ball_ramp_collect/24/env/camera/cam_0,A physics simulation of a ball rolling down a ramp (scene 24),,249
/scratch/vcj9002/MagicPhysics/test_ball_ramp_collect/25/env/camera/cam_0,A physics simulation of a ball rolling down a ramp (scene 25),,254
/scratch/vcj9002/MagicPhysics/test_ball_ramp_collect/26/env/camera/cam_0,A physics simulation of a ball rolling down a ramp (scene 26),,250
/scratch/vcj9002/MagicPhysics/test_ball_ramp_collect/27/env/camera/cam_0,A physics simulation of a ball rolling down a ramp (scene 27),,250
/scratch/vcj9002/MagicPhysics/test_ball_ramp_collect/28/env/camera/cam_0,A physics simulation of a ball rolling down a ramp (scene 28),,264
/scratch/vcj9002/MagicPhysics/test_ball_ramp_collect/29/env/camera/cam_0,A physics simulation of a ball rolling down a ramp (scene 29),,264
/scratch/vcj9002/MagicPhysics/test_ball_ramp_collect/3/env/camera/cam_0,A physics simulation of a ball rolling down a ramp (scene 3),,252
/scratch/vcj9002/MagicPhysics/test_ball_ramp_collect/30/env/camera/cam_0,A physics simulation of a ball rolling down a ramp (scene 30),,247
/scratch/vcj9002/MagicPhysics/test_ball_ramp_collect/31/env/camera/cam_0,A physics simulation of a ball rolling down a ramp (scene 31),,249
/scratch/vcj9002/MagicPhysics/test_ball_ramp_collect/32/env/camera/cam_0,A physics simulation of a ball rolling down a ramp (scene 32),,247
/scratch/vcj9002/MagicPhysics/test_ball_ramp_collect/33/env/camera/cam_0,A physics simulation of a ball rolling down a ramp (scene 33),,247
/scratch/vcj9002/MagicPhysics/test_ball_ramp_collect/34/env/camera/cam_0,A physics simulation of a ball rolling down a ramp (scene 34),,249
/scratch/vcj9002/MagicPhysics/test_ball_ramp_collect/35/env/camera/cam_0,A physics simulation of a ball rolling down a ramp (scene 35),,254
/scratch/vcj9002/MagicPhysics/test_ball_ramp_collect/36/env/camera/cam_0,A physics simulation of a ball rolling down a ramp (scene 36),,250
/scratch/vcj9002/MagicPhysics/test_ball_ramp_collect/37/env/camera/cam_0,A physics simulation of a ball rolling down a ramp (scene 37),,250
/scratch/vcj9002/MagicPhysics/test_ball_ramp_collect/38/env/camera/cam_0,A physics simulation of a ball rolling down a ramp (scene 38),,264
/scratch/vcj9002/MagicPhysics/test_ball_ramp_collect/39/env/camera/cam_0,A physics simulation of a ball rolling down a ramp (scene 39),,264
/scratch/vcj9002/MagicPhysics/test_ball_ramp_collect/4/env/camera/cam_0,A physics simulation of a ball rolling down a ramp (scene 4),,252
/scratch/vcj9002/MagicPhysics/test_ball_ramp_collect/40/env/camera/cam_0,A physics simulation of a ball rolling down a ramp (scene 40),,247
/scratch/vcj9002/MagicPhysics/test_ball_ramp_collect/41/env/camera/cam_0,A physics simulation of a ball rolling down a ramp (scene 41),,249
/scratch/vcj9002/MagicPhysics/test_ball_ramp_collect/42/env/camera/cam_0,A physics simulation of a ball rolling down a ramp (scene 42),,247
/scratch/vcj9002/MagicPhysics/test_ball_ramp_collect/43/env/camera/cam_0,A physics simulation of a ball rolling down a ramp (scene 43),,247
/scratch/vcj9002/MagicPhysics/test_ball_ramp_collect/44/env/camera/cam_0,A physics simulation of a ball rolling down a ramp (scene 44),,249
/scratch/vcj9002/MagicPhysics/test_ball_ramp_collect/45/env/camera/cam_0,A physics simulation of a ball rolling down a ramp (scene 45),,254
/scratch/vcj9002/MagicPhysics/test_ball_ramp_collect/46/env/camera/cam_0,A physics simulation of a ball rolling down a ramp (scene 46),,250
/scratch/vcj9002/MagicPhysics/test_ball_ramp_collect/47/env/camera/cam_0,A physics simulation of a ball rolling down a ramp (scene 47),,250
/scratch/vcj9002/MagicPhysics/test_ball_ramp_collect/48/env/camera/cam_0,A physics simulation of a ball rolling down a ramp (scene 48),,264
/scratch/vcj9002/MagicPhysics/test_ball_ramp_collect/49/env/camera/cam_0,A physics simulation of a ball rolling down a ramp (scene 49),,264
/scratch/vcj9002/MagicPhysics/test_ball_ramp_collect/5/env/camera/cam_0,A physics simulation of a ball rolling down a ramp (scene 5),,253
/scratch/vcj9002/MagicPhysics/test_ball_ramp_collect/50/env/camera/cam_0,A physics simulation of a ball rolling down a ramp (scene 50),,247
/scratch/vcj9002/MagicPhysics/test_ball_ramp_collect/51/env/camera/cam_0,A physics simulation of a ball rolling down a ramp (scene 51),,247
/scratch/vcj9002/MagicPhysics/test_ball_ramp_collect/52/env/camera/cam_0,A physics simulation of a ball rolling down a ramp (scene 52),,247
/scratch/vcj9002/MagicPhysics/test_ball_ramp_collect/53/env/camera/cam_0,A physics simulation of a ball rolling down a ramp (scene 53),,249
/scratch/vcj9002/MagicPhysics/test_ball_ramp_collect/54/env/camera/cam_0,A physics simulation of a ball rolling down a ramp (scene 54),,249
/scratch/vcj9002/MagicPhysics/test_ball_ramp_collect/55/env/camera/cam_0,A physics simulation of a ball rolling down a ramp (scene 55),,250
/scratch/vcj9002/MagicPhysics/test_ball_ramp_collect/56/env/camera/cam_0,A physics simulation of a ball rolling down a ramp (scene 56),,254
/scratch/vcj9002/MagicPhysics/test_ball_ramp_collect/57/env/camera/cam_0,A physics simulation of a ball rolling down a ramp (scene 57),,250
/scratch/vcj9002/MagicPhysics/test_ball_ramp_collect/58/env/camera/cam_0,A physics simulation of a ball rolling down a ramp (scene 58),,264
/scratch/vcj9002/MagicPhysics/test_ball_ramp_collect/59/env/camera/cam_0,A physics simulation of a ball rolling down a ramp (scene 59),,264
/scratch/vcj9002/MagicPhysics/test_ball_ramp_collect/6/env/camera/cam_0,A physics simulation of a ball rolling down a ramp (scene 6),,259
/scratch/vcj9002/MagicPhysics/test_ball_ramp_collect/60/env/camera/cam_0,A physics simulation of a ball rolling down a ramp (scene 60),,247
/scratch/vcj9002/MagicPhysics/test_ball_ramp_collect/61/env/camera/cam_0,A physics simulation of a ball rolling down a ramp (scene 61),,247
/scratch/vcj9002/MagicPhysics/test_ball_ramp_collect/62/env/camera/cam_0,A physics simulation of a ball rolling down a ramp (scene 62),,247
/scratch/vcj9002/MagicPhysics/test_ball_ramp_collect/63/env/camera/cam_0,A physics simulation of a ball rolling down a ramp (scene 63),,249
/scratch/vcj9002/MagicPhysics/test_ball_ramp_collect/64/env/camera/cam_0,A physics simulation of a ball rolling down a ramp (scene 64),,249
/scratch/vcj9002/MagicPhysics/test_ball_ramp_collect/65/env/camera/cam_0,A physics simulation of a ball rolling down a ramp (scene 65),,250
/scratch/vcj9002/MagicPhysics/test_ball_ramp_collect/66/env/camera/cam_0,A physics simulation of a ball rolling down a ramp (scene 66),,250
/scratch/vcj9002/MagicPhysics/test_ball_ramp_collect/67/env/camera/cam_0,A physics simulation of a ball rolling down a ramp (scene 67),,254
/scratch/vcj9002/MagicPhysics/test_ball_ramp_collect/68/env/camera/cam_0,A physics simulation of a ball rolling down a ramp (scene 68),,264
/scratch/vcj9002/MagicPhysics/test_ball_ramp_collect/69/env/camera/cam_0,A physics simulation of a ball rolling down a ramp (scene 69),,264
/scratch/vcj9002/MagicPhysics/test_ball_ramp_collect/7/env/camera/cam_0,A physics simulation of a ball rolling down a ramp (scene 7),,259
/scratch/vcj9002/MagicPhysics/test_ball_ramp_collect/70/env/camera/cam_0,A physics simulation of a ball rolling down a ramp (scene 70),,247
/scratch/vcj9002/MagicPhysics/test_ball_ramp_collect/71/env/camera/cam_0,A physics simulation of a ball rolling down a ramp (scene 71),,247
/scratch/vcj9002/MagicPhysics/test_ball_ramp_collect/72/env/camera/cam_0,A physics simulation of a ball rolling down a ramp (scene 72),,247
/scratch/vcj9002/MagicPhysics/test_ball_ramp_collect/73/env/camera/cam_0,A physics simulation of a ball rolling down a ramp (scene 73),,249
/scratch/vcj9002/MagicPhysics/test_ball_ramp_collect/74/env/camera/cam_0,A physics simulation of a ball rolling down a ramp (scene 74),,249
/scratch/vcj9002/MagicPhysics/test_ball_ramp_collect/75/env/camera/cam_0,A physics simulation of a ball rolling down a ramp (scene 75),,250
/scratch/vcj9002/MagicPhysics/test_ball_ramp_collect/76/env/camera/cam_0,A physics simulation of a ball rolling down a ramp (scene 76),,250
/scratch/vcj9002/MagicPhysics/test_ball_ramp_collect/77/env/camera/cam_0,A physics simulation of a ball rolling down a ramp (scene 77),,254
/scratch/vcj9002/MagicPhysics/test_ball_ramp_collect/78/env/camera/cam_0,A physics simulation of a ball rolling down a ramp (scene 78),,264
/scratch/vcj9002/MagicPhysics/test_ball_ramp_collect/79/env/camera/cam_0,A physics simulation of a ball rolling down a ramp (scene 79),,264
/scratch/vcj9002/MagicPhysics/test_ball_ramp_collect/8/env/camera/cam_0,A physics simulation of a ball rolling down a ramp (scene 8),,269
/scratch/vcj9002/MagicPhysics/test_ball_ramp_collect/80/env/camera/cam_0,A physics simulation of a ball rolling down a ramp (scene 80),,247
/scratch/vcj9002/MagicPhysics/test_ball_ramp_collect/81/env/camera/cam_0,A physics simulation of a ball rolling down a ramp (scene 81),,247
/scratch/vcj9002/MagicPhysics/test_ball_ramp_collect/82/env/camera/cam_0,A physics simulation of a ball rolling down a ramp (scene 82),,247
/scratch/vcj9002/MagicPhysics/test_ball_ramp_collect/83/env/camera/cam_0,A physics simulation of a ball rolling down a ramp (scene 83),,249
/scratch/vcj9002/MagicPhysics/test_ball_ramp_collect/84/env/camera/cam_0,A physics simulation of a ball rolling down a ramp (scene 84),,249
/scratch/vcj9002/MagicPhysics/test_ball_ramp_collect/85/env/camera/cam_0,A physics simulation of a ball rolling down a ramp (scene 85),,250
/scratch/vcj9002/MagicPhysics/test_ball_ramp_collect/86/env/camera/cam_0,A physics simulation of a ball rolling down a ramp (scene 86),,250
/scratch/vcj9002/MagicPhysics/test_ball_ramp_collect/87/env/camera/cam_0,A physics simulation of a ball rolling down a ramp (scene 87),,254
/scratch/vcj9002/MagicPhysics/test_ball_ramp_collect/88/env/camera/cam_0,A physics simulation of a ball rolling down a ramp (scene 88),,264
/scratch/vcj9002/MagicPhysics/test_ball_ramp_collect/89/env/camera/cam_0,A physics simulation of a ball rolling down a ramp (scene 89),,264
/scratch/vcj9002/MagicPhysics/test_ball_ramp_collect/9/env/camera/cam_0,A physics simulation of a ball rolling down a ramp (scene 9),,269
/scratch/vcj9002/MagicPhysics/test_ball_ramp_collect/90/env/camera/cam_0,A physics simulation of a ball rolling down a ramp (scene 90),,247
/scratch/vcj9002/MagicPhysics/test_ball_ramp_collect/91/env/camera/cam_0,A physics simulation of a ball rolling down a ramp (scene 91),,247
/scratch/vcj9002/MagicPhysics/test_ball_ramp_collect/92/env/camera/cam_0,A physics simulation of a ball rolling down a ramp (scene 92),,247
/scratch/vcj9002/MagicPhysics/test_ball_ramp_collect/93/env/camera/cam_0,A physics simulation of a ball rolling down a ramp (scene 93),,249
/scratch/vcj9002/MagicPhysics/test_ball_ramp_collect/94/env/camera/cam_0,A physics simulation of a ball rolling down a ramp (scene 94),,249
/scratch/vcj9002/MagicPhysics/test_ball_ramp_collect/95/env/camera/cam_0,A physics simulation of a ball rolling down a ramp (scene 95),,250
/scratch/vcj9002/MagicPhysics/test_ball_ramp_collect/96/env/camera/cam_0,A physics simulation of a ball rolling down a ramp (scene 96),,250
/scratch/vcj9002/MagicPhysics/test_ball_ramp_collect/97/env/camera/cam_0,A physics simulation of a ball rolling down a ramp (scene 97),,254
/scratch/vcj9002/MagicPhysics/test_ball_ramp_collect/98/env/camera/cam_0,A physics simulation of a ball rolling down a ramp (scene 98),,264
/scratch/vcj9002/MagicPhysics/test_ball_ramp_collect/99/env/camera/cam_0,A physics simulation of a ball rolling down a ramp (scene 99),,264
/scratch/vcj9002/MagicPhysics/test_ball_rolls_on_glass_collect/0/env/camera/cam_0,A physics simulation of a ball rolling on glass (scene 0),,79
/scratch/vcj9002/MagicPhysics/test_ball_rolls_on_glass_collect/1/env/camera/cam_0,A physics simulation of a ball rolling on glass (scene 1),,79
/scratch/vcj9002/MagicPhysics/test_ball_rolls_on_glass_collect/10/env/camera/cam_0,A physics simulation of a ball rolling on glass (scene 10),,80
/scratch/vcj9002/MagicPhysics/test_ball_rolls_on_glass_collect/100/env/camera/cam_0,A physics simulation of a ball rolling on glass (scene 100),,80
/scratch/vcj9002/MagicPhysics/test_ball_rolls_on_glass_collect/101/env/camera/cam_0,A physics simulation of a ball rolling on glass (scene 101),,80
/scratch/vcj9002/MagicPhysics/test_ball_rolls_on_glass_collect/102/env/camera/cam_0,A physics simulation of a ball rolling on glass (scene 102),,80
/scratch/vcj9002/MagicPhysics/test_ball_rolls_on_glass_collect/103/env/camera/cam_0,A physics simulation of a ball rolling on glass (scene 103),,80
/scratch/vcj9002/MagicPhysics/test_ball_rolls_on_glass_collect/104/env/camera/cam_0,A physics simulation of a ball rolling on glass (scene 104),,80
/scratch/vcj9002/MagicPhysics/test_ball_rolls_on_glass_collect/105/env/camera/cam_0,A physics simulation of a ball rolling on glass (scene 105),,80
/scratch/vcj9002/MagicPhysics/test_ball_rolls_on_glass_collect/106/env/camera/cam_0,A physics simulation of a ball rolling on glass (scene 106),,80
/scratch/vcj9002/MagicPhysics/test_ball_rolls_on_glass_collect/107/env/camera/cam_0,A physics simulation of a ball rolling on glass (scene 107),,80
/scratch/vcj9002/MagicPhysics/test_ball_rolls_on_glass_collect/108/env/camera/cam_0,A physics simulation of a ball rolling on glass (scene 108),,80
/scratch/vcj9002/MagicPhysics/test_ball_rolls_on_glass_collect/109/env/camera/cam_0,A physics simulation of a ball rolling on glass (scene 109),,80
/scratch/vcj9002/MagicPhysics/test_ball_rolls_on_glass_collect/11/env/camera/cam_0,A physics simulation of a ball rolling on glass (scene 11),,80
/scratch/vcj9002/MagicPhysics/test_ball_rolls_on_glass_collect/110/env/camera/cam_0,A physics simulation of a ball rolling on glass (scene 110),,80
/scratch/vcj9002/MagicPhysics/test_ball_rolls_on_glass_collect/111/env/camera/cam_0,A physics simulation of a ball rolling on glass (scene 111),,80
/scratch/vcj9002/MagicPhysics/test_ball_rolls_on_glass_collect/112/env/camera/cam_0,A physics simulation of a ball rolling on glass (scene 112),,80
/scratch/vcj9002/MagicPhysics/test_ball_rolls_on_glass_collect/113/env/camera/cam_0,A physics simulation of a ball rolling on glass (scene 113),,80
/scratch/vcj9002/MagicPhysics/test_ball_rolls_on_glass_collect/114/env/camera/cam_0,A physics simulation of a ball rolling on glass (scene 114),,80
/scratch/vcj9002/MagicPhysics/test_ball_rolls_on_glass_collect/115/env/camera/cam_0,A physics simulation of a ball rolling on glass (scene 115),,80
/scratch/vcj9002/MagicPhysics/test_ball_rolls_on_glass_collect/116/env/camera/cam_0,A physics simulation of a ball rolling on glass (scene 116),,80
/scratch/vcj9002/MagicPhysics/test_ball_rolls_on_glass_collect/117/env/camera/cam_0,A physics simulation of a ball rolling on glass (scene 117),,80
/scratch/vcj9002/MagicPhysics/test_ball_rolls_on_glass_collect/118/env/camera/cam_0,A physics simulation of a ball rolling on glass (scene 118),,80
/scratch/vcj9002/MagicPhysics/test_ball_rolls_on_glass_collect/119/env/camera/cam_0,A physics simulation of a ball rolling on glass (scene 119),,80
/scratch/vcj9002/MagicPhysics/test_ball_rolls_on_glass_collect/12/env/camera/cam_0,A physics simulation of a ball rolling on glass (scene 12),,80
/scratch/vcj9002/MagicPhysics/test_ball_rolls_on_glass_collect/120/env/camera/cam_0,A physics simulation of a ball rolling on glass (scene 120),,80
/scratch/vcj9002/MagicPhysics/test_ball_rolls_on_glass_collect/121/env/camera/cam_0,A physics simulation of a ball rolling on glass (scene 121),,80
/scratch/vcj9002/MagicPhysics/test_ball_rolls_on_glass_collect/122/env/camera/cam_0,A physics simulation of a ball rolling on glass (scene 122),,80
/scratch/vcj9002/MagicPhysics/test_ball_rolls_on_glass_collect/123/env/camera/cam_0,A physics simulation of a ball rolling on glass (scene 123),,80
/scratch/vcj9002/MagicPhysics/test_ball_rolls_on_glass_collect/124/env/camera/cam_0,A physics simulation of a ball rolling on glass (scene 124),,80
/scratch/vcj9002/MagicPhysics/test_ball_rolls_on_glass_collect/125/env/camera/cam_0,A physics simulation of a ball rolling on glass (scene 125),,80
/scratch/vcj9002/MagicPhysics/test_ball_rolls_on_glass_collect/126/env/camera/cam_0,A physics simulation of a ball rolling on glass (scene 126),,80
/scratch/vcj9002/MagicPhysics/test_ball_rolls_on_glass_collect/127/env/camera/cam_0,A physics simulation of a ball rolling on glass (scene 127),,80
/scratch/vcj9002/MagicPhysics/test_ball_rolls_on_glass_collect/128/env/camera/cam_0,A physics simulation of a ball rolling on glass (scene 128),,80
/scratch/vcj9002/MagicPhysics/test_ball_rolls_on_glass_collect/129/env/camera/cam_0,A physics simulation of a ball rolling on glass (scene 129),,80
/scratch/vcj9002/MagicPhysics/test_ball_rolls_on_glass_collect/13/env/camera/cam_0,A physics simulation of a ball rolling on glass (scene 13),,80
/scratch/vcj9002/MagicPhysics/test_ball_rolls_on_glass_collect/130/env/camera/cam_0,A physics simulation of a ball rolling on glass (scene 130),,80
/scratch/vcj9002/MagicPhysics/test_ball_rolls_on_glass_collect/131/env/camera/cam_0,A physics simulation of a ball rolling on glass (scene 131),,80
/scratch/vcj9002/MagicPhysics/test_ball_rolls_on_glass_collect/132/env/camera/cam_0,A physics simulation of a ball rolling on glass (scene 132),,80
/scratch/vcj9002/MagicPhysics/test_ball_rolls_on_glass_collect/133/env/camera/cam_0,A physics simulation of a ball rolling on glass (scene 133),,80
/scratch/vcj9002/MagicPhysics/test_ball_rolls_on_glass_collect/134/env/camera/cam_0,A physics simulation of a ball rolling on glass (scene 134),,80
/scratch/vcj9002/MagicPhysics/test_ball_rolls_on_glass_collect/135/env/camera/cam_0,A physics simulation of a ball rolling on glass (scene 135),,80
/scratch/vcj9002/MagicPhysics/test_ball_rolls_on_glass_collect/136/env/camera/cam_0,A physics simulation of a ball rolling on glass (scene 136),,80
/scratch/vcj9002/MagicPhysics/test_ball_rolls_on_glass_collect/137/env/camera/cam_0,A physics simulation of a ball rolling on glass (scene 137),,80
/scratch/vcj9002/MagicPhysics/test_ball_rolls_on_glass_collect/138/env/camera/cam_0,A physics simulation of a ball rolling on glass (scene 138),,80
/scratch/vcj9002/MagicPhysics/test_ball_rolls_on_glass_collect/139/env/camera/cam_0,A physics simulation of a ball rolling on glass (scene 139),,80
/scratch/vcj9002/MagicPhysics/test_ball_rolls_on_glass_collect/14/env/camera/cam_0,A physics simulation of a ball rolling on glass (scene 14),,80
/scratch/vcj9002/MagicPhysics/test_ball_rolls_on_glass_collect/140/env/camera/cam_0,A physics simulation of a ball rolling on glass (scene 140),,80
/scratch/vcj9002/MagicPhysics/test_ball_rolls_on_glass_collect/141/env/camera/cam_0,A physics simulation of a ball rolling on glass (scene 141),,80
/scratch/vcj9002/MagicPhysics/test_ball_rolls_on_glass_collect/142/env/camera/cam_0,A physics simulation of a ball rolling on glass (scene 142),,80
/scratch/vcj9002/MagicPhysics/test_ball_rolls_on_glass_collect/143/env/camera/cam_0,A physics simulation of a ball rolling on glass (scene 143),,80
/scratch/vcj9002/MagicPhysics/test_ball_rolls_on_glass_collect/144/env/camera/cam_0,A physics simulation of a ball rolling on glass (scene 144),,80
/scratch/vcj9002/MagicPhysics/test_ball_rolls_on_glass_collect/145/env/camera/cam_0,A physics simulation of a ball rolling on glass (scene 145),,80
/scratch/vcj9002/MagicPhysics/test_ball_rolls_on_glass_collect/146/env/camera/cam_0,A physics simulation of a ball rolling on glass (scene 146),,80
/scratch/vcj9002/MagicPhysics/test_ball_rolls_on_glass_collect/147/env/camera/cam_0,A physics simulation of a ball rolling on glass (scene 147),,80
/scratch/vcj9002/MagicPhysics/test_ball_rolls_on_glass_collect/148/env/camera/cam_0,A physics simulation of a ball rolling on glass (scene 148),,80
/scratch/vcj9002/MagicPhysics/test_ball_rolls_on_glass_collect/149/env/camera/cam_0,A physics simulation of a ball rolling on glass (scene 149),,80
/scratch/vcj9002/MagicPhysics/test_ball_rolls_on_glass_collect/15/env/camera/cam_0,A physics simulation of a ball rolling on glass (scene 15),,80
/scratch/vcj9002/MagicPhysics/test_ball_rolls_on_glass_collect/150/env/camera/cam_0,A physics simulation of a ball rolling on glass (scene 150),,80
/scratch/vcj9002/MagicPhysics/test_ball_rolls_on_glass_collect/151/env/camera/cam_0,A physics simulation of a ball rolling on glass (scene 151),,80
/scratch/vcj9002/MagicPhysics/test_ball_rolls_on_glass_collect/152/env/camera/cam_0,A physics simulation of a ball rolling on glass (scene 152),,80
/scratch/vcj9002/MagicPhysics/test_ball_rolls_on_glass_collect/153/env/camera/cam_0,A physics simulation of a ball rolling on glass (scene 153),,80
/scratch/vcj9002/MagicPhysics/test_ball_rolls_on_glass_collect/154/env/camera/cam_0,A physics simulation of a ball rolling on glass (scene 154),,80
/scratch/vcj9002/MagicPhysics/test_ball_rolls_on_glass_collect/155/env/camera/cam_0,A physics simulation of a ball rolling on glass (scene 155),,80
/scratch/vcj9002/MagicPhysics/test_ball_rolls_on_glass_collect/156/env/camera/cam_0,A physics simulation of a ball rolling on glass (scene 156),,80
/scratch/vcj9002/MagicPhysics/test_ball_rolls_on_glass_collect/157/env/camera/cam_0,A physics simulation of a ball rolling on glass (scene 157),,80
/scratch/vcj9002/MagicPhysics/test_ball_rolls_on_glass_collect/158/env/camera/cam_0,A physics simulation of a ball rolling on glass (scene 158),,80
/scratch/vcj9002/MagicPhysics/test_ball_rolls_on_glass_collect/159/env/camera/cam_0,A physics simulation of a ball rolling on glass (scene 159),,80
/scratch/vcj9002/MagicPhysics/test_ball_rolls_on_glass_collect/16/env/camera/cam_0,A physics simulation of a ball rolling on glass (scene 16),,80
/scratch/vcj9002/MagicPhysics/test_ball_rolls_on_glass_collect/160/env/camera/cam_0,A physics simulation of a ball rolling on glass (scene 160),,80
/scratch/vcj9002/MagicPhysics/test_ball_rolls_on_glass_collect/161/env/camera/cam_0,A physics simulation of a ball rolling on glass (scene 161),,80
/scratch/vcj9002/MagicPhysics/test_ball_rolls_on_glass_collect/162/env/camera/cam_0,A physics simulation of a ball rolling on glass (scene 162),,80
/scratch/vcj9002/MagicPhysics/test_ball_rolls_on_glass_collect/163/env/camera/cam_0,A physics simulation of a ball rolling on glass (scene 163),,80
/scratch/vcj9002/MagicPhysics/test_ball_rolls_on_glass_collect/164/env/camera/cam_0,A physics simulation of a ball rolling on glass (scene 164),,80
/scratch/vcj9002/MagicPhysics/test_ball_rolls_on_glass_collect/165/env/camera/cam_0,A physics simulation of a ball rolling on glass (scene 165),,80
/scratch/vcj9002/MagicPhysics/test_ball_rolls_on_glass_collect/166/env/camera/cam_0,A physics simulation of a ball rolling on glass (scene 166),,80
/scratch/vcj9002/MagicPhysics/test_ball_rolls_on_glass_collect/167/env/camera/cam_0,A physics simulation of a ball rolling on glass (scene 167),,80
/scratch/vcj9002/MagicPhysics/test_ball_rolls_on_glass_collect/168/env/camera/cam_0,A physics simulation of a ball rolling on glass (scene 168),,80
/scratch/vcj9002/MagicPhysics/test_ball_rolls_on_glass_collect/169/env/camera/cam_0,A physics simulation of a ball rolling on glass (scene 169),,80
/scratch/vcj9002/MagicPhysics/test_ball_rolls_on_glass_collect/17/env/camera/cam_0,A physics simulation of a ball rolling on glass (scene 17),,80
/scratch/vcj9002/MagicPhysics/test_ball_rolls_on_glass_collect/170/env/camera/cam_0,A physics simulation of a ball rolling on glass (scene 170),,80
/scratch/vcj9002/MagicPhysics/test_ball_rolls_on_glass_collect/171/env/camera/cam_0,A physics simulation of a ball rolling on glass (scene 171),,80
/scratch/vcj9002/MagicPhysics/test_ball_rolls_on_glass_collect/172/env/camera/cam_0,A physics simulation of a ball rolling on glass (scene 172),,80
/scratch/vcj9002/MagicPhysics/test_ball_rolls_on_glass_collect/173/env/camera/cam_0,A physics simulation of a ball rolling on glass (scene 173),,80
/scratch/vcj9002/MagicPhysics/test_ball_rolls_on_glass_collect/174/env/camera/cam_0,A physics simulation of a ball rolling on glass (scene 174),,80
/scratch/vcj9002/MagicPhysics/test_ball_rolls_on_glass_collect/175/env/camera/cam_0,A physics simulation of a ball rolling on glass (scene 175),,80
/scratch/vcj9002/MagicPhysics/test_ball_rolls_on_glass_collect/176/env/camera/cam_0,A physics simulation of a ball rolling on glass (scene 176),,80
/scratch/vcj9002/MagicPhysics/test_ball_rolls_on_glass_collect/177/env/camera/cam_0,A physics simulation of a ball rolling on glass (scene 177),,80
/scratch/vcj9002/MagicPhysics/test_ball_rolls_on_glass_collect/178/env/camera/cam_0,A physics simulation of a ball rolling on glass (scene 178),,80
/scratch/vcj9002/MagicPhysics/test_ball_rolls_on_glass_collect/179/env/camera/cam_0,A physics simulation of a ball rolling on glass (scene 179),,80
/scratch/vcj9002/MagicPhysics/test_ball_rolls_on_glass_collect/18/env/camera/cam_0,A physics simulation of a ball rolling on glass (scene 18),,80
/scratch/vcj9002/MagicPhysics/test_ball_rolls_on_glass_collect/180/env/camera/cam_0,A physics simulation of a ball rolling on glass (scene 180),,80
/scratch/vcj9002/MagicPhysics/test_ball_rolls_on_glass_collect/181/env/camera/cam_0,A physics simulation of a ball rolling on glass (scene 181),,80
/scratch/vcj9002/MagicPhysics/test_ball_rolls_on_glass_collect/182/env/camera/cam_0,A physics simulation of a ball rolling on glass (scene 182),,80
/scratch/vcj9002/MagicPhysics/test_ball_rolls_on_glass_collect/183/env/camera/cam_0,A physics simulation of a ball rolling on glass (scene 183),,80
/scratch/vcj9002/MagicPhysics/test_ball_rolls_on_glass_collect/184/env/camera/cam_0,A physics simulation of a ball rolling on glass (scene 184),,80
/scratch/vcj9002/MagicPhysics/test_ball_rolls_on_glass_collect/185/env/camera/cam_0,A physics simulation of a ball rolling on glass (scene 185),,80
/scratch/vcj9002/MagicPhysics/test_ball_rolls_on_glass_collect/186/env/camera/cam_0,A physics simulation of a ball rolling on glass (scene 186),,80
/scratch/vcj9002/MagicPhysics/test_ball_rolls_on_glass_collect/187/env/camera/cam_0,A physics simulation of a ball rolling on glass (scene 187),,80
/scratch/vcj9002/MagicPhysics/test_ball_rolls_on_glass_collect/188/env/camera/cam_0,A physics simulation of a ball rolling on glass (scene 188),,80
/scratch/vcj9002/MagicPhysics/test_ball_rolls_on_glass_collect/189/env/camera/cam_0,A physics simulation of a ball rolling on glass (scene 189),,80
/scratch/vcj9002/MagicPhysics/test_ball_rolls_on_glass_collect/19/env/camera/cam_0,A physics simulation of a ball rolling on glass (scene 19),,80
/scratch/vcj9002/MagicPhysics/test_ball_rolls_on_glass_collect/190/env/camera/cam_0,A physics simulation of a ball rolling on glass (scene 190),,80
/scratch/vcj9002/MagicPhysics/test_ball_rolls_on_glass_collect/191/env/camera/cam_0,A physics simulation of a ball rolling on glass (scene 191),,80
/scratch/vcj9002/MagicPhysics/test_ball_rolls_on_glass_collect/192/env/camera/cam_0,A physics simulation of a ball rolling on glass (scene 192),,80
/scratch/vcj9002/MagicPhysics/test_ball_rolls_on_glass_collect/193/env/camera/cam_0,A physics simulation of a ball rolling on glass (scene 193),,80
/scratch/vcj9002/MagicPhysics/test_ball_rolls_on_glass_collect/194/env/camera/cam_0,A physics simulation of a ball rolling on glass (scene 194),,80
/scratch/vcj9002/MagicPhysics/test_ball_rolls_on_glass_collect/195/env/camera/cam_0,A physics simulation of a ball rolling on glass (scene 195),,80
/scratch/vcj9002/MagicPhysics/test_ball_rolls_on_glass_collect/196/env/camera/cam_0,A physics simulation of a ball rolling on glass (scene 196),,80
/scratch/vcj9002/MagicPhysics/test_ball_rolls_on_glass_collect/197/env/camera/cam_0,A physics simulation of a ball rolling on glass (scene 197),,80
/scratch/vcj9002/MagicPhysics/test_ball_rolls_on_glass_collect/198/env/camera/cam_0,A physics simulation of a ball rolling on glass (scene 198),,80
/scratch/vcj9002/MagicPhysics/test_ball_rolls_on_glass_collect/199/env/camera/cam_0,A physics simulation of a ball rolling on glass (scene 199),,80
/scratch/vcj9002/MagicPhysics/test_ball_rolls_on_glass_collect/2/env/camera/cam_0,A physics simulation of a ball rolling on glass (scene 2),,79
/scratch/vcj9002/MagicPhysics/test_ball_rolls_on_glass_collect/20/env/camera/cam_0,A physics simulation of a ball rolling on glass (scene 20),,80
/scratch/vcj9002/MagicPhysics/test_ball_rolls_on_glass_collect/200/env/camera/cam_0,A physics simulation of a ball rolling on glass (scene 200),,80
/scratch/vcj9002/MagicPhysics/test_ball_rolls_on_glass_collect/201/env/camera/cam_0,A physics simulation of a ball rolling on glass (scene 201),,80
/scratch/vcj9002/MagicPhysics/test_ball_rolls_on_glass_collect/202/env/camera/cam_0,A physics simulation of a ball rolling on glass (scene 202),,80
/scratch/vcj9002/MagicPhysics/test_ball_rolls_on_glass_collect/203/env/camera/cam_0,A physics simulation of a ball rolling on glass (scene 203),,80
/scratch/vcj9002/MagicPhysics/test_ball_rolls_on_glass_collect/204/env/camera/cam_0,A physics simulation of a ball rolling on glass (scene 204),,80
/scratch/vcj9002/MagicPhysics/test_ball_rolls_on_glass_collect/205/env/camera/cam_0,A physics simulation of a ball rolling on glass (scene 205),,80
/scratch/vcj9002/MagicPhysics/test_ball_rolls_on_glass_collect/206/env/camera/cam_0,A physics simulation of a ball rolling on glass (scene 206),,80
/scratch/vcj9002/MagicPhysics/test_ball_rolls_on_glass_collect/207/env/camera/cam_0,A physics simulation of a ball rolling on glass (scene 207),,80
/scratch/vcj9002/MagicPhysics/test_ball_rolls_on_glass_collect/208/env/camera/cam_0,A physics simulation of a ball rolling on glass (scene 208),,80
/scratch/vcj9002/MagicPhysics/test_ball_rolls_on_glass_collect/209/env/camera/cam_0,A physics simulation of a ball rolling on glass (scene 209),,80
/scratch/vcj9002/MagicPhysics/test_ball_rolls_on_glass_collect/21/env/camera/cam_0,A physics simulation of a ball rolling on glass (scene 21),,80
/scratch/vcj9002/MagicPhysics/test_ball_rolls_on_glass_collect/210/env/camera/cam_0,A physics simulation of a ball rolling on glass (scene 210),,80
/scratch/vcj9002/MagicPhysics/test_ball_rolls_on_glass_collect/211/env/camera/cam_0,A physics simulation of a ball rolling on glass (scene 211),,80
/scratch/vcj9002/MagicPhysics/test_ball_rolls_on_glass_collect/212/env/camera/cam_0,A physics simulation of a ball rolling on glass (scene 212),,80
/scratch/vcj9002/MagicPhysics/test_ball_rolls_on_glass_collect/213/env/camera/cam_0,A physics simulation of a ball rolling on glass (scene 213),,80
/scratch/vcj9002/MagicPhysics/test_ball_rolls_on_glass_collect/214/env/camera/cam_0,A physics simulation of a ball rolling on glass (scene 214),,80
/scratch/vcj9002/MagicPhysics/test_ball_rolls_on_glass_collect/215/env/camera/cam_0,A physics simulation of a ball rolling on glass (scene 215),,80
/scratch/vcj9002/MagicPhysics/test_ball_rolls_on_glass_collect/216/env/camera/cam_0,A physics simulation of a ball rolling on glass (scene 216),,80
/scratch/vcj9002/MagicPhysics/test_ball_rolls_on_glass_collect/217/env/camera/cam_0,A physics simulation of a ball rolling on glass (scene 217),,80
/scratch/vcj9002/MagicPhysics/test_ball_rolls_on_glass_collect/218/env/camera/cam_0,A physics simulation of a ball rolling on glass (scene 218),,80
/scratch/vcj9002/MagicPhysics/test_ball_rolls_on_glass_collect/219/env/camera/cam_0,A physics simulation of a ball rolling on glass (scene 219),,80
/scratch/vcj9002/MagicPhysics/test_ball_rolls_on_glass_collect/22/env/camera/cam_0,A physics simulation of a ball rolling on glass (scene 22),,80
/scratch/vcj9002/MagicPhysics/test_ball_rolls_on_glass_collect/220/env/camera/cam_0,A physics simulation of a ball rolling on glass (scene 220),,80
/scratch/vcj9002/MagicPhysics/test_ball_rolls_on_glass_collect/221/env/camera/cam_0,A physics simulation of a ball rolling on glass (scene 221),,80
/scratch/vcj9002/MagicPhysics/test_ball_rolls_on_glass_collect/222/env/camera/cam_0,A physics simulation of a ball rolling on glass (scene 222),,80
/scratch/vcj9002/MagicPhysics/test_ball_rolls_on_glass_collect/223/env/camera/cam_0,A physics simulation of a ball rolling on glass (scene 223),,80
/scratch/vcj9002/MagicPhysics/test_ball_rolls_on_glass_collect/224/env/camera/cam_0,A physics simulation of a ball rolling on glass (scene 224),,80
/scratch/vcj9002/MagicPhysics/test_ball_rolls_on_glass_collect/225/env/camera/cam_0,A physics simulation of a ball rolling on glass (scene 225),,80
/scratch/vcj9002/MagicPhysics/test_ball_rolls_on_glass_collect/226/env/camera/cam_0,A physics simulation of a ball rolling on glass (scene 226),,80
/scratch/vcj9002/MagicPhysics/test_ball_rolls_on_glass_collect/227/env/camera/cam_0,A physics simulation of a ball rolling on glass (scene 227),,80
/scratch/vcj9002/MagicPhysics/test_ball_rolls_on_glass_collect/228/env/camera/cam_0,A physics simulation of a ball rolling on glass (scene 228),,80
/scratch/vcj9002/MagicPhysics/test_ball_rolls_on_glass_collect/229/env/camera/cam_0,A physics simulation of a ball rolling on glass (scene 229),,80
/scratch/vcj9002/MagicPhysics/test_ball_rolls_on_glass_collect/23/env/camera/cam_0,A physics simulation of a ball rolling on glass (scene 23),,80
/scratch/vcj9002/MagicPhysics/test_ball_rolls_on_glass_collect/230/env/camera/cam_0,A physics simulation of a ball rolling on glass (scene 230),,80
/scratch/vcj9002/MagicPhysics/test_ball_rolls_on_glass_collect/231/env/camera/cam_0,A physics simulation of a ball rolling on glass (scene 231),,80
/scratch/vcj9002/MagicPhysics/test_ball_rolls_on_glass_collect/232/env/camera/cam_0,A physics simulation of a ball rolling on glass (scene 232),,80
/scratch/vcj9002/MagicPhysics/test_ball_rolls_on_glass_collect/233/env/camera/cam_0,A physics simulation of a ball rolling on glass (scene 233),,80
/scratch/vcj9002/MagicPhysics/test_ball_rolls_on_glass_collect/234/env/camera/cam_0,A physics simulation of a ball rolling on glass (scene 234),,80
/scratch/vcj9002/MagicPhysics/test_ball_rolls_on_glass_collect/235/env/camera/cam_0,A physics simulation of a ball rolling on glass (scene 235),,80
/scratch/vcj9002/MagicPhysics/test_ball_rolls_on_glass_collect/236/env/camera/cam_0,A physics simulation of a ball rolling on glass (scene 236),,80
/scratch/vcj9002/MagicPhysics/test_ball_rolls_on_glass_collect/237/env/camera/cam_0,A physics simulation of a ball rolling on glass (scene 237),,80
/scratch/vcj9002/MagicPhysics/test_ball_rolls_on_glass_collect/238/env/camera/cam_0,A physics simulation of a ball rolling on glass (scene 238),,80
/scratch/vcj9002/MagicPhysics/test_ball_rolls_on_glass_collect/239/env/camera/cam_0,A physics simulation of a ball rolling on glass (scene 239),,80
/scratch/vcj9002/MagicPhysics/test_ball_rolls_on_glass_collect/24/env/camera/cam_0,A physics simulation of a ball rolling on glass (scene 24),,80
/scratch/vcj9002/MagicPhysics/test_ball_rolls_on_glass_collect/240/env/camera/cam_0,A physics simulation of a ball rolling on glass (scene 240),,80
/scratch/vcj9002/MagicPhysics/test_ball_rolls_on_glass_collect/241/env/camera/cam_0,A physics simulation of a ball rolling on glass (scene 241),,80
/scratch/vcj9002/MagicPhysics/test_ball_rolls_on_glass_collect/242/env/camera/cam_0,A physics simulation of a ball rolling on glass (scene 242),,80
/scratch/vcj9002/MagicPhysics/test_ball_rolls_on_glass_collect/243/env/camera/cam_0,A physics simulation of a ball rolling on glass (scene 243),,80
/scratch/vcj9002/MagicPhysics/test_ball_rolls_on_glass_collect/244/env/camera/cam_0,A physics simulation of a ball rolling on glass (scene 244),,80
/scratch/vcj9002/MagicPhysics/test_ball_rolls_on_glass_collect/245/env/camera/cam_0,A physics simulation of a ball rolling on glass (scene 245),,80
/scratch/vcj9002/MagicPhysics/test_ball_rolls_on_glass_collect/246/env/camera/cam_0,A physics simulation of a ball rolling on glass (scene 246),,80
/scratch/vcj9002/MagicPhysics/test_ball_rolls_on_glass_collect/247/env/camera/cam_0,A physics simulation of a ball rolling on glass (scene 247),,80
/scratch/vcj9002/MagicPhysics/test_ball_rolls_on_glass_collect/248/env/camera/cam_0,A physics simulation of a ball rolling on glass (scene 248),,80
/scratch/vcj9002/MagicPhysics/test_ball_rolls_on_glass_collect/249/env/camera/cam_0,A physics simulation of a ball rolling on glass (scene 249),,80
/scratch/vcj9002/MagicPhysics/test_ball_rolls_on_glass_collect/25/env/camera/cam_0,A physics simulation of a ball rolling on glass (scene 25),,80
/scratch/vcj9002/MagicPhysics/test_ball_rolls_on_glass_collect/250/env/camera/cam_0,A physics simulation of a ball rolling on glass (scene 250),,80
/scratch/vcj9002/MagicPhysics/test_ball_rolls_on_glass_collect/251/env/camera/cam_0,A physics simulation of a ball rolling on glass (scene 251),,80
/scratch/vcj9002/MagicPhysics/test_ball_rolls_on_glass_collect/252/env/camera/cam_0,A physics simulation of a ball rolling on glass (scene 252),,80
/scratch/vcj9002/MagicPhysics/test_ball_rolls_on_glass_collect/253/env/camera/cam_0,A physics simulation of a ball rolling on glass (scene 253),,80
/scratch/vcj9002/MagicPhysics/test_ball_rolls_on_glass_collect/254/env/camera/cam_0,A physics simulation of a ball rolling on glass (scene 254),,80
/scratch/vcj9002/MagicPhysics/test_ball_rolls_on_glass_collect/255/env/camera/cam_0,A physics simulation of a ball rolling on glass (scene 255),,80
/scratch/vcj9002/MagicPhysics/test_ball_rolls_on_glass_collect/256/env/camera/cam_0,A physics simulation of a ball rolling on glass (scene 256),,80
/scratch/vcj9002/MagicPhysics/test_ball_rolls_on_glass_collect/257/env/camera/cam_0,A physics simulation of a ball rolling on glass (scene 257),,80
/scratch/vcj9002/MagicPhysics/test_ball_rolls_on_glass_collect/258/env/camera/cam_0,A physics simulation of a ball rolling on glass (scene 258),,80
/scratch/vcj9002/MagicPhysics/test_ball_rolls_on_glass_collect/259/env/camera/cam_0,A physics simulation of a ball rolling on glass (scene 259),,80
/scratch/vcj9002/MagicPhysics/test_ball_rolls_on_glass_collect/26/env/camera/cam_0,A physics simulation of a ball rolling on glass (scene 26),,80
/scratch/vcj9002/MagicPhysics/test_ball_rolls_on_glass_collect/260/env/camera/cam_0,A physics simulation of a ball rolling on glass (scene 260),,80
/scratch/vcj9002/MagicPhysics/test_ball_rolls_on_glass_collect/261/env/camera/cam_0,A physics simulation of a ball rolling on glass (scene 261),,80
/scratch/vcj9002/MagicPhysics/test_ball_rolls_on_glass_collect/262/env/camera/cam_0,A physics simulation of a ball rolling on glass (scene 262),,80
/scratch/vcj9002/MagicPhysics/test_ball_rolls_on_glass_collect/263/env/camera/cam_0,A physics simulation of a ball rolling on glass (scene 263),,80
/scratch/vcj9002/MagicPhysics/test_ball_rolls_on_glass_collect/264/env/camera/cam_0,A physics simulation of a ball rolling on glass (scene 264),,80
/scratch/vcj9002/MagicPhysics/test_ball_rolls_on_glass_collect/265/env/camera/cam_0,A physics simulation of a ball rolling on glass (scene 265),,80
/scratch/vcj9002/MagicPhysics/test_ball_rolls_on_glass_collect/266/env/camera/cam_0,A physics simulation of a ball rolling on glass (scene 266),,80
/scratch/vcj9002/MagicPhysics/test_ball_rolls_on_glass_collect/267/env/camera/cam_0,A physics simulation of a ball rolling on glass (scene 267),,80
/scratch/vcj9002/MagicPhysics/test_ball_rolls_on_glass_collect/268/env/camera/cam_0,A physics simulation of a ball rolling on glass (scene 268),,80
/scratch/vcj9002/MagicPhysics/test_ball_rolls_on_glass_collect/269/env/camera/cam_0,A physics simulation of a ball rolling on glass (scene 269),,80
/scratch/vcj9002/MagicPhysics/test_ball_rolls_on_glass_collect/27/env/camera/cam_0,A physics simulation of a ball rolling on glass (scene 27),,80
/scratch/vcj9002/MagicPhysics/test_ball_rolls_on_glass_collect/270/env/camera/cam_0,A physics simulation of a ball rolling on glass (scene 270),,80
/scratch/vcj9002/MagicPhysics/test_ball_rolls_on_glass_collect/271/env/camera/cam_0,A physics simulation of a ball rolling on glass (scene 271),,80
/scratch/vcj9002/MagicPhysics/test_ball_rolls_on_glass_collect/272/env/camera/cam_0,A physics simulation of a ball rolling on glass (scene 272),,80
/scratch/vcj9002/MagicPhysics/test_ball_rolls_on_glass_collect/273/env/camera/cam_0,A physics simulation of a ball rolling on glass (scene 273),,80
/scratch/vcj9002/MagicPhysics/test_ball_rolls_on_glass_collect/274/env/camera/cam_0,A physics simulation of a ball rolling on glass (scene 274),,80
/scratch/vcj9002/MagicPhysics/test_ball_rolls_on_glass_collect/275/env/camera/cam_0,A physics simulation of a ball rolling on glass (scene 275),,80
/scratch/vcj9002/MagicPhysics/test_ball_rolls_on_glass_collect/276/env/camera/cam_0,A physics simulation of a ball rolling on glass (scene 276),,80
/scratch/vcj9002/MagicPhysics/test_ball_rolls_on_glass_collect/277/env/camera/cam_0,A physics simulation of a ball rolling on glass (scene 277),,80
/scratch/vcj9002/MagicPhysics/test_ball_rolls_on_glass_collect/278/env/camera/cam_0,A physics simulation of a ball rolling on glass (scene 278),,80
/scratch/vcj9002/MagicPhysics/test_ball_rolls_on_glass_collect/279/env/camera/cam_0,A physics simulation of a ball rolling on glass (scene 279),,80
/scratch/vcj9002/MagicPhysics/test_ball_rolls_on_glass_collect/28/env/camera/cam_0,A physics simulation of a ball rolling on glass (scene 28),,80
/scratch/vcj9002/MagicPhysics/test_ball_rolls_on_glass_collect/280/env/camera/cam_0,A physics simulation of a ball rolling on glass (scene 280),,80
/scratch/vcj9002/MagicPhysics/test_ball_rolls_on_glass_collect/281/env/camera/cam_0,A physics simulation of a ball rolling on glass (scene 281),,80
/scratch/vcj9002/MagicPhysics/test_ball_rolls_on_glass_collect/282/env/camera/cam_0,A physics simulation of a ball rolling on glass (scene 282),,80
/scratch/vcj9002/MagicPhysics/test_ball_rolls_on_glass_collect/283/env/camera/cam_0,A physics simulation of a ball rolling on glass (scene 283),,80
/scratch/vcj9002/MagicPhysics/test_ball_rolls_on_glass_collect/284/env/camera/cam_0,A physics simulation of a ball rolling on glass (scene 284),,80
/scratch/vcj9002/MagicPhysics/test_ball_rolls_on_glass_collect/285/env/camera/cam_0,A physics simulation of a ball rolling on glass (scene 285),,80
/scratch/vcj9002/MagicPhysics/test_ball_rolls_on_glass_collect/286/env/camera/cam_0,A physics simulation of a ball rolling on glass (scene 286),,80
/scratch/vcj9002/MagicPhysics/test_ball_rolls_on_glass_collect/287/env/camera/cam_0,A physics simulation of a ball rolling on glass (scene 287),,80
/scratch/vcj9002/MagicPhysics/test_ball_rolls_on_glass_collect/288/env/camera/cam_0,A physics simulation of a ball rolling on glass (scene 288),,80
/scratch/vcj9002/MagicPhysics/test_ball_rolls_on_glass_collect/289/env/camera/cam_0,A physics simulation of a ball rolling on glass (scene 289),,80
/scratch/vcj9002/MagicPhysics/test_ball_rolls_on_glass_collect/29/env/camera/cam_0,A physics simulation of a ball rolling on glass (scene 29),,80
/scratch/vcj9002/MagicPhysics/test_ball_rolls_on_glass_collect/290/env/camera/cam_0,A physics simulation of a ball rolling on glass (scene 290),,80
/scratch/vcj9002/MagicPhysics/test_ball_rolls_on_glass_collect/291/env/camera/cam_0,A physics simulation of a ball rolling on glass (scene 291),,80
/scratch/vcj9002/MagicPhysics/test_ball_rolls_on_glass_collect/292/env/camera/cam_0,A physics simulation of a ball rolling on glass (scene 292),,80
/scratch/vcj9002/MagicPhysics/test_ball_rolls_on_glass_collect/293/env/camera/cam_0,A physics simulation of a ball rolling on glass (scene 293),,80
/scratch/vcj9002/MagicPhysics/test_ball_rolls_on_glass_collect/294/env/camera/cam_0,A physics simulation of a ball rolling on glass (scene 294),,80
/scratch/vcj9002/MagicPhysics/test_ball_rolls_on_glass_collect/295/env/camera/cam_0,A physics simulation of a ball rolling on glass (scene 295),,80
/scratch/vcj9002/MagicPhysics/test_ball_rolls_on_glass_collect/296/env/camera/cam_0,A physics simulation of a ball rolling on glass (scene 296),,80
/scratch/vcj9002/MagicPhysics/test_ball_rolls_on_glass_collect/297/env/camera/cam_0,A physics simulation of a ball rolling on glass (scene 297),,80
/scratch/vcj9002/MagicPhysics/test_ball_rolls_on_glass_collect/298/env/camera/cam_0,A physics simulation of a ball rolling on glass (scene 298),,80
/scratch/vcj9002/MagicPhysics/test_ball_rolls_on_glass_collect/299/env/camera/cam_0,A physics simulation of a ball rolling on glass (scene 299),,80
/scratch/vcj9002/MagicPhysics/test_ball_rolls_on_glass_collect/3/env/camera/cam_0,A physics simulation of a ball rolling on glass (scene 3),,79
/scratch/vcj9002/MagicPhysics/test_ball_rolls_on_glass_collect/30/env/camera/cam_0,A physics simulation of a ball rolling on glass (scene 30),,80
/scratch/vcj9002/MagicPhysics/test_ball_rolls_on_glass_collect/300/env/camera/cam_0,A physics simulation of a ball rolling on glass (scene 300),,80
/scratch/vcj9002/MagicPhysics/test_ball_rolls_on_glass_collect/301/env/camera/cam_0,A physics simulation of a ball rolling on glass (scene 301),,80
/scratch/vcj9002/MagicPhysics/test_ball_rolls_on_glass_collect/302/env/camera/cam_0,A physics simulation of a ball rolling on glass (scene 302),,80
/scratch/vcj9002/MagicPhysics/test_ball_rolls_on_glass_collect/303/env/camera/cam_0,A physics simulation of a ball rolling on glass (scene 303),,80
/scratch/vcj9002/MagicPhysics/test_ball_rolls_on_glass_collect/304/env/camera/cam_0,A physics simulation of a ball rolling on glass (scene 304),,80
/scratch/vcj9002/MagicPhysics/test_ball_rolls_on_glass_collect/305/env/camera/cam_0,A physics simulation of a ball rolling on glass (scene 305),,80
/scratch/vcj9002/MagicPhysics/test_ball_rolls_on_glass_collect/306/env/camera/cam_0,A physics simulation of a ball rolling on glass (scene 306),,80
/scratch/vcj9002/MagicPhysics/test_ball_rolls_on_glass_collect/307/env/camera/cam_0,A physics simulation of a ball rolling on glass (scene 307),,80
/scratch/vcj9002/MagicPhysics/test_ball_rolls_on_glass_collect/308/env/camera/cam_0,A physics simulation of a ball rolling on glass (scene 308),,80
/scratch/vcj9002/MagicPhysics/test_ball_rolls_on_glass_collect/309/env/camera/cam_0,A physics simulation of a ball rolling on glass (scene 309),,80
/scratch/vcj9002/MagicPhysics/test_ball_rolls_on_glass_collect/31/env/camera/cam_0,A physics simulation of a ball rolling on glass (scene 31),,80
/scratch/vcj9002/MagicPhysics/test_ball_rolls_on_glass_collect/310/env/camera/cam_0,A physics simulation of a ball rolling on glass (scene 310),,80
/scratch/vcj9002/MagicPhysics/test_ball_rolls_on_glass_collect/311/env/camera/cam_0,A physics simulation of a ball rolling on glass (scene 311),,80
/scratch/vcj9002/MagicPhysics/test_ball_rolls_on_glass_collect/312/env/camera/cam_0,A physics simulation of a ball rolling on glass (scene 312),,80
/scratch/vcj9002/MagicPhysics/test_ball_rolls_on_glass_collect/313/env/camera/cam_0,A physics simulation of a ball rolling on glass (scene 313),,80
/scratch/vcj9002/MagicPhysics/test_ball_rolls_on_glass_collect/314/env/camera/cam_0,A physics simulation of a ball rolling on glass (scene 314),,80
/scratch/vcj9002/MagicPhysics/test_ball_rolls_on_glass_collect/315/env/camera/cam_0,A physics simulation of a ball rolling on glass (scene 315),,80
/scratch/vcj9002/MagicPhysics/test_ball_rolls_on_glass_collect/316/env/camera/cam_0,A physics simulation of a ball rolling on glass (scene 316),,80
/scratch/vcj9002/MagicPhysics/test_ball_rolls_on_glass_collect/317/env/camera/cam_0,A physics simulation of a ball rolling on glass (scene 317),,80
/scratch/vcj9002/MagicPhysics/test_ball_rolls_on_glass_collect/318/env/camera/cam_0,A physics simulation of a ball rolling on glass (scene 318),,80
/scratch/vcj9002/MagicPhysics/test_ball_rolls_on_glass_collect/319/env/camera/cam_0,A physics simulation of a ball rolling on glass (scene 319),,80
/scratch/vcj9002/MagicPhysics/test_ball_rolls_on_glass_collect/32/env/camera/cam_0,A physics simulation of a ball rolling on glass (scene 32),,80
/scratch/vcj9002/MagicPhysics/test_ball_rolls_on_glass_collect/320/env/camera/cam_0,A physics simulation of a ball rolling on glass (scene 320),,80
/scratch/vcj9002/MagicPhysics/test_ball_rolls_on_glass_collect/321/env/camera/cam_0,A physics simulation of a ball rolling on glass (scene 321),,80
/scratch/vcj9002/MagicPhysics/test_ball_rolls_on_glass_collect/322/env/camera/cam_0,A physics simulation of a ball rolling on glass (scene 322),,80
/scratch/vcj9002/MagicPhysics/test_ball_rolls_on_glass_collect/323/env/camera/cam_0,A physics simulation of a ball rolling on glass (scene 323),,80
/scratch/vcj9002/MagicPhysics/test_ball_rolls_on_glass_collect/324/env/camera/cam_0,A physics simulation of a ball rolling on glass (scene 324),,80
/scratch/vcj9002/MagicPhysics/test_ball_rolls_on_glass_collect/325/env/camera/cam_0,A physics simulation of a ball rolling on glass (scene 325),,80
/scratch/vcj9002/MagicPhysics/test_ball_rolls_on_glass_collect/326/env/camera/cam_0,A physics simulation of a ball rolling on glass (scene 326),,80
/scratch/vcj9002/MagicPhysics/test_ball_rolls_on_glass_collect/327/env/camera/cam_0,A physics simulation of a ball rolling on glass (scene 327),,80
/scratch/vcj9002/MagicPhysics/test_ball_rolls_on_glass_collect/328/env/camera/cam_0,A physics simulation of a ball rolling on glass (scene 328),,80
/scratch/vcj9002/MagicPhysics/test_ball_rolls_on_glass_collect/329/env/camera/cam_0,A physics simulation of a ball rolling on glass (scene 329),,80
/scratch/vcj9002/MagicPhysics/test_ball_rolls_on_glass_collect/33/env/camera/cam_0,A physics simulation of a ball rolling on glass (scene 33),,80
/scratch/vcj9002/MagicPhysics/test_ball_rolls_on_glass_collect/330/env/camera/cam_0,A physics simulation of a ball rolling on glass (scene 330),,80
/scratch/vcj9002/MagicPhysics/test_ball_rolls_on_glass_collect/331/env/camera/cam_0,A physics simulation of a ball rolling on glass (scene 331),,80
/scratch/vcj9002/MagicPhysics/test_ball_rolls_on_glass_collect/332/env/camera/cam_0,A physics simulation of a ball rolling on glass (scene 332),,80
/scratch/vcj9002/MagicPhysics/test_ball_rolls_on_glass_collect/333/env/camera/cam_0,A physics simulation of a ball rolling on glass (scene 333),,80
/scratch/vcj9002/MagicPhysics/test_ball_rolls_on_glass_collect/334/env/camera/cam_0,A physics simulation of a ball rolling on glass (scene 334),,80
/scratch/vcj9002/MagicPhysics/test_ball_rolls_on_glass_collect/335/env/camera/cam_0,A physics simulation of a ball rolling on glass (scene 335),,80
/scratch/vcj9002/MagicPhysics/test_ball_rolls_on_glass_collect/336/env/camera/cam_0,A physics simulation of a ball rolling on glass (scene 336),,80
/scratch/vcj9002/MagicPhysics/test_ball_rolls_on_glass_collect/337/env/camera/cam_0,A physics simulation of a ball rolling on glass (scene 337),,80
/scratch/vcj9002/MagicPhysics/test_ball_rolls_on_glass_collect/338/env/camera/cam_0,A physics simulation of a ball rolling on glass (scene 338),,80
/scratch/vcj9002/MagicPhysics/test_ball_rolls_on_glass_collect/339/env/camera/cam_0,A physics simulation of a ball rolling on glass (scene 339),,80
/scratch/vcj9002/MagicPhysics/test_ball_rolls_on_glass_collect/34/env/camera/cam_0,A physics simulation of a ball rolling on glass (scene 34),,80
/scratch/vcj9002/MagicPhysics/test_ball_rolls_on_glass_collect/340/env/camera/cam_0,A physics simulation of a ball rolling on glass (scene 340),,80
/scratch/vcj9002/MagicPhysics/test_ball_rolls_on_glass_collect/341/env/camera/cam_0,A physics simulation of a ball rolling on glass (scene 341),,80
/scratch/vcj9002/MagicPhysics/test_ball_rolls_on_glass_collect/342/env/camera/cam_0,A physics simulation of a ball rolling on glass (scene 342),,80
/scratch/vcj9002/MagicPhysics/test_ball_rolls_on_glass_collect/343/env/camera/cam_0,A physics simulation of a ball rolling on glass (scene 343),,80
/scratch/vcj9002/MagicPhysics/test_ball_rolls_on_glass_collect/344/env/camera/cam_0,A physics simulation of a ball rolling on glass (scene 344),,80
/scratch/vcj9002/MagicPhysics/test_ball_rolls_on_glass_collect/345/env/camera/cam_0,A physics simulation of a ball rolling on glass (scene 345),,80
/scratch/vcj9002/MagicPhysics/test_ball_rolls_on_glass_collect/346/env/camera/cam_0,A physics simulation of a ball rolling on glass (scene 346),,80
/scratch/vcj9002/MagicPhysics/test_ball_rolls_on_glass_collect/347/env/camera/cam_0,A physics simulation of a ball rolling on glass (scene 347),,80
/scratch/vcj9002/MagicPhysics/test_ball_rolls_on_glass_collect/348/env/camera/cam_0,A physics simulation of a ball rolling on glass (scene 348),,80
/scratch/vcj9002/MagicPhysics/test_ball_rolls_on_glass_collect/349/env/camera/cam_0,A physics simulation of a ball rolling on glass (scene 349),,80
/scratch/vcj9002/MagicPhysics/test_ball_rolls_on_glass_collect/35/env/camera/cam_0,A physics simulation of a ball rolling on glass (scene 35),,80
/scratch/vcj9002/MagicPhysics/test_ball_rolls_on_glass_collect/350/env/camera/cam_0,A physics simulation of a ball rolling on glass (scene 350),,80
/scratch/vcj9002/MagicPhysics/test_ball_rolls_on_glass_collect/351/env/camera/cam_0,A physics simulation of a ball rolling on glass (scene 351),,80
/scratch/vcj9002/MagicPhysics/test_ball_rolls_on_glass_collect/352/env/camera/cam_0,A physics simulation of a ball rolling on glass (scene 352),,80
/scratch/vcj9002/MagicPhysics/test_ball_rolls_on_glass_collect/353/env/camera/cam_0,A physics simulation of a ball rolling on glass (scene 353),,80
/scratch/vcj9002/MagicPhysics/test_ball_rolls_on_glass_collect/354/env/camera/cam_0,A physics simulation of a ball rolling on glass (scene 354),,80
/scratch/vcj9002/MagicPhysics/test_ball_rolls_on_glass_collect/355/env/camera/cam_0,A physics simulation of a ball rolling on glass (scene 355),,80
/scratch/vcj9002/MagicPhysics/test_ball_rolls_on_glass_collect/356/env/camera/cam_0,A physics simulation of a ball rolling on glass (scene 356),,80
/scratch/vcj9002/MagicPhysics/test_ball_rolls_on_glass_collect/357/env/camera/cam_0,A physics simulation of a ball rolling on glass (scene 357),,80
/scratch/vcj9002/MagicPhysics/test_ball_rolls_on_glass_collect/358/env/camera/cam_0,A physics simulation of a ball rolling on glass (scene 358),,80
/scratch/vcj9002/MagicPhysics/test_ball_rolls_on_glass_collect/359/env/camera/cam_0,A physics simulation of a ball rolling on glass (scene 359),,80
/scratch/vcj9002/MagicPhysics/test_ball_rolls_on_glass_collect/36/env/camera/cam_0,A physics simulation of a ball rolling on glass (scene 36),,80
/scratch/vcj9002/MagicPhysics/test_ball_rolls_on_glass_collect/360/env/camera/cam_0,A physics simulation of a ball rolling on glass (scene 360),,80
/scratch/vcj9002/MagicPhysics/test_ball_rolls_on_glass_collect/361/env/camera/cam_0,A physics simulation of a ball rolling on glass (scene 361),,80
/scratch/vcj9002/MagicPhysics/test_ball_rolls_on_glass_collect/362/env/camera/cam_0,A physics simulation of a ball rolling on glass (scene 362),,80
/scratch/vcj9002/MagicPhysics/test_ball_rolls_on_glass_collect/363/env/camera/cam_0,A physics simulation of a ball rolling on glass (scene 363),,80
/scratch/vcj9002/MagicPhysics/test_ball_rolls_on_glass_collect/364/env/camera/cam_0,A physics simulation of a ball rolling on glass (scene 364),,80
/scratch/vcj9002/MagicPhysics/test_ball_rolls_on_glass_collect/365/env/camera/cam_0,A physics simulation of a ball rolling on glass (scene 365),,80
/scratch/vcj9002/MagicPhysics/test_ball_rolls_on_glass_collect/366/env/camera/cam_0,A physics simulation of a ball rolling on glass (scene 366),,80
/scratch/vcj9002/MagicPhysics/test_ball_rolls_on_glass_collect/367/env/camera/cam_0,A physics simulation of a ball rolling on glass (scene 367),,80
/scratch/vcj9002/MagicPhysics/test_ball_rolls_on_glass_collect/368/env/camera/cam_0,A physics simulation of a ball rolling on glass (scene 368),,80
/scratch/vcj9002/MagicPhysics/test_ball_rolls_on_glass_collect/369/env/camera/cam_0,A physics simulation of a ball rolling on glass (scene 369),,80
/scratch/vcj9002/MagicPhysics/test_ball_rolls_on_glass_collect/37/env/camera/cam_0,A physics simulation of a ball rolling on glass (scene 37),,80
/scratch/vcj9002/MagicPhysics/test_ball_rolls_on_glass_collect/370/env/camera/cam_0,A physics simulation of a ball rolling on glass (scene 370),,80
/scratch/vcj9002/MagicPhysics/test_ball_rolls_on_glass_collect/371/env/camera/cam_0,A physics simulation of a ball rolling on glass (scene 371),,80
/scratch/vcj9002/MagicPhysics/test_ball_rolls_on_glass_collect/372/env/camera/cam_0,A physics simulation of a ball rolling on glass (scene 372),,80
/scratch/vcj9002/MagicPhysics/test_ball_rolls_on_glass_collect/373/env/camera/cam_0,A physics simulation of a ball rolling on glass (scene 373),,80
/scratch/vcj9002/MagicPhysics/test_ball_rolls_on_glass_collect/374/env/camera/cam_0,A physics simulation of a ball rolling on glass (scene 374),,80
/scratch/vcj9002/MagicPhysics/test_ball_rolls_on_glass_collect/375/env/camera/cam_0,A physics simulation of a ball rolling on glass (scene 375),,80
/scratch/vcj9002/MagicPhysics/test_ball_rolls_on_glass_collect/376/env/camera/cam_0,A physics simulation of a ball rolling on glass (scene 376),,80
/scratch/vcj9002/MagicPhysics/test_ball_rolls_on_glass_collect/377/env/camera/cam_0,A physics simulation of a ball rolling on glass (scene 377),,80
/scratch/vcj9002/MagicPhysics/test_ball_rolls_on_glass_collect/378/env/camera/cam_0,A physics simulation of a ball rolling on glass (scene 378),,80
/scratch/vcj9002/MagicPhysics/test_ball_rolls_on_glass_collect/379/env/camera/cam_0,A physics simulation of a ball rolling on glass (scene 379),,80
/scratch/vcj9002/MagicPhysics/test_ball_rolls_on_glass_collect/38/env/camera/cam_0,A physics simulation of a ball rolling on glass (scene 38),,80
/scratch/vcj9002/MagicPhysics/test_ball_rolls_on_glass_collect/380/env/camera/cam_0,A physics simulation of a ball rolling on glass (scene 380),,80
/scratch/vcj9002/MagicPhysics/test_ball_rolls_on_glass_collect/381/env/camera/cam_0,A physics simulation of a ball rolling on glass (scene 381),,80
/scratch/vcj9002/MagicPhysics/test_ball_rolls_on_glass_collect/382/env/camera/cam_0,A physics simulation of a ball rolling on glass (scene 382),,80
/scratch/vcj9002/MagicPhysics/test_ball_rolls_on_glass_collect/383/env/camera/cam_0,A physics simulation of a ball rolling on glass (scene 383),,80
/scratch/vcj9002/MagicPhysics/test_ball_rolls_on_glass_collect/384/env/camera/cam_0,A physics simulation of a ball rolling on glass (scene 384),,80
/scratch/vcj9002/MagicPhysics/test_ball_rolls_on_glass_collect/385/env/camera/cam_0,A physics simulation of a ball rolling on glass (scene 385),,80
/scratch/vcj9002/MagicPhysics/test_ball_rolls_on_glass_collect/386/env/camera/cam_0,A physics simulation of a ball rolling on glass (scene 386),,80
/scratch/vcj9002/MagicPhysics/test_ball_rolls_on_glass_collect/387/env/camera/cam_0,A physics simulation of a ball rolling on glass (scene 387),,80
/scratch/vcj9002/MagicPhysics/test_ball_rolls_on_glass_collect/388/env/camera/cam_0,A physics simulation of a ball rolling on glass (scene 388),,80
/scratch/vcj9002/MagicPhysics/test_ball_rolls_on_glass_collect/389/env/camera/cam_0,A physics simulation of a ball rolling on glass (scene 389),,80
/scratch/vcj9002/MagicPhysics/test_ball_rolls_on_glass_collect/39/env/camera/cam_0,A physics simulation of a ball rolling on glass (scene 39),,80
/scratch/vcj9002/MagicPhysics/test_ball_rolls_on_glass_collect/390/env/camera/cam_0,A physics simulation of a ball rolling on glass (scene 390),,80
/scratch/vcj9002/MagicPhysics/test_ball_rolls_on_glass_collect/391/env/camera/cam_0,A physics simulation of a ball rolling on glass (scene 391),,80
/scratch/vcj9002/MagicPhysics/test_ball_rolls_on_glass_collect/392/env/camera/cam_0,A physics simulation of a ball rolling on glass (scene 392),,80
/scratch/vcj9002/MagicPhysics/test_ball_rolls_on_glass_collect/393/env/camera/cam_0,A physics simulation of a ball rolling on glass (scene 393),,80
/scratch/vcj9002/MagicPhysics/test_ball_rolls_on_glass_collect/394/env/camera/cam_0,A physics simulation of a ball rolling on glass (scene 394),,30
/scratch/vcj9002/MagicPhysics/test_ball_rolls_on_glass_collect/396/env/camera/cam_0,A physics simulation of a ball rolling on glass (scene 396),,80
/scratch/vcj9002/MagicPhysics/test_ball_rolls_on_glass_collect/4/env/camera/cam_0,A physics simulation of a ball rolling on glass (scene 4),,79
/scratch/vcj9002/MagicPhysics/test_ball_rolls_on_glass_collect/40/env/camera/cam_0,A physics simulation of a ball rolling on glass (scene 40),,80
/scratch/vcj9002/MagicPhysics/test_ball_rolls_on_glass_collect/41/env/camera/cam_0,A physics simulation of a ball rolling on glass (scene 41),,80
/scratch/vcj9002/MagicPhysics/test_ball_rolls_on_glass_collect/42/env/camera/cam_0,A physics simulation of a ball rolling on glass (scene 42),,80
/scratch/vcj9002/MagicPhysics/test_ball_rolls_on_glass_collect/43/env/camera/cam_0,A physics simulation of a ball rolling on glass (scene 43),,80
/scratch/vcj9002/MagicPhysics/test_ball_rolls_on_glass_collect/44/env/camera/cam_0,A physics simulation of a ball rolling on glass (scene 44),,80
/scratch/vcj9002/MagicPhysics/test_ball_rolls_on_glass_collect/45/env/camera/cam_0,A physics simulation of a ball rolling on glass (scene 45),,80
/scratch/vcj9002/MagicPhysics/test_ball_rolls_on_glass_collect/46/env/camera/cam_0,A physics simulation of a ball rolling on glass (scene 46),,80
/scratch/vcj9002/MagicPhysics/test_ball_rolls_on_glass_collect/47/env/camera/cam_0,A physics simulation of a ball rolling on glass (scene 47),,80
/scratch/vcj9002/MagicPhysics/test_ball_rolls_on_glass_collect/48/env/camera/cam_0,A physics simulation of a ball rolling on glass (scene 48),,80
/scratch/vcj9002/MagicPhysics/test_ball_rolls_on_glass_collect/49/env/camera/cam_0,A physics simulation of a ball rolling on glass (scene 49),,80
/scratch/vcj9002/MagicPhysics/test_ball_rolls_on_glass_collect/5/env/camera/cam_0,A physics simulation of a ball rolling on glass (scene 5),,79
/scratch/vcj9002/MagicPhysics/test_ball_rolls_on_glass_collect/50/env/camera/cam_0,A physics simulation of a ball rolling on glass (scene 50),,80
/scratch/vcj9002/MagicPhysics/test_ball_rolls_on_glass_collect/51/env/camera/cam_0,A physics simulation of a ball rolling on glass (scene 51),,80
/scratch/vcj9002/MagicPhysics/test_ball_rolls_on_glass_collect/52/env/camera/cam_0,A physics simulation of a ball rolling on glass (scene 52),,80
/scratch/vcj9002/MagicPhysics/test_ball_rolls_on_glass_collect/53/env/camera/cam_0,A physics simulation of a ball rolling on glass (scene 53),,80
/scratch/vcj9002/MagicPhysics/test_ball_rolls_on_glass_collect/54/env/camera/cam_0,A physics simulation of a ball rolling on glass (scene 54),,80
/scratch/vcj9002/MagicPhysics/test_ball_rolls_on_glass_collect/55/env/camera/cam_0,A physics simulation of a ball rolling on glass (scene 55),,80
/scratch/vcj9002/MagicPhysics/test_ball_rolls_on_glass_collect/56/env/camera/cam_0,A physics simulation of a ball rolling on glass (scene 56),,80
/scratch/vcj9002/MagicPhysics/test_ball_rolls_on_glass_collect/57/env/camera/cam_0,A physics simulation of a ball rolling on glass (scene 57),,80
/scratch/vcj9002/MagicPhysics/test_ball_rolls_on_glass_collect/58/env/camera/cam_0,A physics simulation of a ball rolling on glass (scene 58),,80
/scratch/vcj9002/MagicPhysics/test_ball_rolls_on_glass_collect/59/env/camera/cam_0,A physics simulation of a ball rolling on glass (scene 59),,80
/scratch/vcj9002/MagicPhysics/test_ball_rolls_on_glass_collect/6/env/camera/cam_0,A physics simulation of a ball rolling on glass (scene 6),,79
/scratch/vcj9002/MagicPhysics/test_ball_rolls_on_glass_collect/60/env/camera/cam_0,A physics simulation of a ball rolling on glass (scene 60),,80
/scratch/vcj9002/MagicPhysics/test_ball_rolls_on_glass_collect/61/env/camera/cam_0,A physics simulation of a ball rolling on glass (scene 61),,80
/scratch/vcj9002/MagicPhysics/test_ball_rolls_on_glass_collect/62/env/camera/cam_0,A physics simulation of a ball rolling on glass (scene 62),,80
/scratch/vcj9002/MagicPhysics/test_ball_rolls_on_glass_collect/63/env/camera/cam_0,A physics simulation of a ball rolling on glass (scene 63),,80
/scratch/vcj9002/MagicPhysics/test_ball_rolls_on_glass_collect/64/env/camera/cam_0,A physics simulation of a ball rolling on glass (scene 64),,80
/scratch/vcj9002/MagicPhysics/test_ball_rolls_on_glass_collect/65/env/camera/cam_0,A physics simulation of a ball rolling on glass (scene 65),,80
/scratch/vcj9002/MagicPhysics/test_ball_rolls_on_glass_collect/66/env/camera/cam_0,A physics simulation of a ball rolling on glass (scene 66),,80
/scratch/vcj9002/MagicPhysics/test_ball_rolls_on_glass_collect/67/env/camera/cam_0,A physics simulation of a ball rolling on glass (scene 67),,80
/scratch/vcj9002/MagicPhysics/test_ball_rolls_on_glass_collect/68/env/camera/cam_0,A physics simulation of a ball rolling on glass (scene 68),,80
/scratch/vcj9002/MagicPhysics/test_ball_rolls_on_glass_collect/69/env/camera/cam_0,A physics simulation of a ball rolling on glass (scene 69),,80
/scratch/vcj9002/MagicPhysics/test_ball_rolls_on_glass_collect/7/env/camera/cam_0,A physics simulation of a ball rolling on glass (scene 7),,79
/scratch/vcj9002/MagicPhysics/test_ball_rolls_on_glass_collect/70/env/camera/cam_0,A physics simulation of a ball rolling on glass (scene 70),,80
/scratch/vcj9002/MagicPhysics/test_ball_rolls_on_glass_collect/71/env/camera/cam_0,A physics simulation of a ball rolling on glass (scene 71),,80
/scratch/vcj9002/MagicPhysics/test_ball_rolls_on_glass_collect/72/env/camera/cam_0,A physics simulation of a ball rolling on glass (scene 72),,80
/scratch/vcj9002/MagicPhysics/test_ball_rolls_on_glass_collect/73/env/camera/cam_0,A physics simulation of a ball rolling on glass (scene 73),,80
/scratch/vcj9002/MagicPhysics/test_ball_rolls_on_glass_collect/74/env/camera/cam_0,A physics simulation of a ball rolling on glass (scene 74),,80
/scratch/vcj9002/MagicPhysics/test_ball_rolls_on_glass_collect/75/env/camera/cam_0,A physics simulation of a ball rolling on glass (scene 75),,80
/scratch/vcj9002/MagicPhysics/test_ball_rolls_on_glass_collect/76/env/camera/cam_0,A physics simulation of a ball rolling on glass (scene 76),,80
/scratch/vcj9002/MagicPhysics/test_ball_rolls_on_glass_collect/77/env/camera/cam_0,A physics simulation of a ball rolling on glass (scene 77),,80
/scratch/vcj9002/MagicPhysics/test_ball_rolls_on_glass_collect/78/env/camera/cam_0,A physics simulation of a ball rolling on glass (scene 78),,80
/scratch/vcj9002/MagicPhysics/test_ball_rolls_on_glass_collect/79/env/camera/cam_0,A physics simulation of a ball rolling on glass (scene 79),,80
/scratch/vcj9002/MagicPhysics/test_ball_rolls_on_glass_collect/8/env/camera/cam_0,A physics simulation of a ball rolling on glass (scene 8),,79
/scratch/vcj9002/MagicPhysics/test_ball_rolls_on_glass_collect/80/env/camera/cam_0,A physics simulation of a ball rolling on glass (scene 80),,80
/scratch/vcj9002/MagicPhysics/test_ball_rolls_on_glass_collect/81/env/camera/cam_0,A physics simulation of a ball rolling on glass (scene 81),,80
/scratch/vcj9002/MagicPhysics/test_ball_rolls_on_glass_collect/82/env/camera/cam_0,A physics simulation of a ball rolling on glass (scene 82),,80
/scratch/vcj9002/MagicPhysics/test_ball_rolls_on_glass_collect/83/env/camera/cam_0,A physics simulation of a ball rolling on glass (scene 83),,80
/scratch/vcj9002/MagicPhysics/test_ball_rolls_on_glass_collect/84/env/camera/cam_0,A physics simulation of a ball rolling on glass (scene 84),,80
/scratch/vcj9002/MagicPhysics/test_ball_rolls_on_glass_collect/85/env/camera/cam_0,A physics simulation of a ball rolling on glass (scene 85),,80
/scratch/vcj9002/MagicPhysics/test_ball_rolls_on_glass_collect/86/env/camera/cam_0,A physics simulation of a ball rolling on glass (scene 86),,80
/scratch/vcj9002/MagicPhysics/test_ball_rolls_on_glass_collect/87/env/camera/cam_0,A physics simulation of a ball rolling on glass (scene 87),,80
/scratch/vcj9002/MagicPhysics/test_ball_rolls_on_glass_collect/88/env/camera/cam_0,A physics simulation of a ball rolling on glass (scene 88),,80
/scratch/vcj9002/MagicPhysics/test_ball_rolls_on_glass_collect/89/env/camera/cam_0,A physics simulation of a ball rolling on glass (scene 89),,80
/scratch/vcj9002/MagicPhysics/test_ball_rolls_on_glass_collect/9/env/camera/cam_0,A physics simulation of a ball rolling on glass (scene 9),,79
/scratch/vcj9002/MagicPhysics/test_ball_rolls_on_glass_collect/90/env/camera/cam_0,A physics simulation of a ball rolling on glass (scene 90),,80
/scratch/vcj9002/MagicPhysics/test_ball_rolls_on_glass_collect/91/env/camera/cam_0,A physics simulation of a ball rolling on glass (scene 91),,80
/scratch/vcj9002/MagicPhysics/test_ball_rolls_on_glass_collect/92/env/camera/cam_0,A physics simulation of a ball rolling on glass (scene 92),,80
/scratch/vcj9002/MagicPhysics/test_ball_rolls_on_glass_collect/93/env/camera/cam_0,A physics simulation of a ball rolling on glass (scene 93),,80
/scratch/vcj9002/MagicPhysics/test_ball_rolls_on_glass_collect/94/env/camera/cam_0,A physics simulation of a ball rolling on glass (scene 94),,80
/scratch/vcj9002/MagicPhysics/test_ball_rolls_on_glass_collect/95/env/camera/cam_0,A physics simulation of a ball rolling on glass (scene 95),,80
/scratch/vcj9002/MagicPhysics/test_ball_rolls_on_glass_collect/96/env/camera/cam_0,A physics simulation of a ball rolling on glass (scene 96),,80
/scratch/vcj9002/MagicPhysics/test_ball_rolls_on_glass_collect/97/env/camera/cam_0,A physics simulation of a ball rolling on glass (scene 97),,80
/scratch/vcj9002/MagicPhysics/test_ball_rolls_on_glass_collect/98/env/camera/cam_0,A physics simulation of a ball rolling on glass (scene 98),,80
/scratch/vcj9002/MagicPhysics/test_ball_rolls_on_glass_collect/99/env/camera/cam_0,A physics simulation of a ball rolling on glass (scene 99),,80
/scratch/vcj9002/MagicPhysics/test_ball_train_collect/0/env/camera/cam_0,A physics simulation of multiple balls in sequence (scene 0),,139
/scratch/vcj9002/MagicPhysics/test_ball_train_collect/1/env/camera/cam_0,A physics simulation of multiple balls in sequence (scene 1),,151
/scratch/vcj9002/MagicPhysics/test_ball_train_collect/10/env/camera/cam_0,A physics simulation of multiple balls in sequence (scene 10),,146
/scratch/vcj9002/MagicPhysics/test_ball_train_collect/100/env/camera/cam_0,A physics simulation of multiple balls in sequence (scene 100),,131
/scratch/vcj9002/MagicPhysics/test_ball_train_collect/101/env/camera/cam_0,A physics simulation of multiple balls in sequence (scene 101),,173
/scratch/vcj9002/MagicPhysics/test_ball_train_collect/102/env/camera/cam_0,A physics simulation of multiple balls in sequence (scene 102),,182
/scratch/vcj9002/MagicPhysics/test_ball_train_collect/103/env/camera/cam_0,A physics simulation of multiple balls in sequence (scene 103),,147
/scratch/vcj9002/MagicPhysics/test_ball_train_collect/104/env/camera/cam_0,A physics simulation of multiple balls in sequence (scene 104),,209
/scratch/vcj9002/MagicPhysics/test_ball_train_collect/105/env/camera/cam_0,A physics simulation of multiple balls in sequence (scene 105),,209
/scratch/vcj9002/MagicPhysics/test_ball_train_collect/106/env/camera/cam_0,A physics simulation of multiple balls in sequence (scene 106),,139
/scratch/vcj9002/MagicPhysics/test_ball_train_collect/107/env/camera/cam_0,A physics simulation of multiple balls in sequence (scene 107),,139
/scratch/vcj9002/MagicPhysics/test_ball_train_collect/108/env/camera/cam_0,A physics simulation of multiple balls in sequence (scene 108),,178
/scratch/vcj9002/MagicPhysics/test_ball_train_collect/109/env/camera/cam_0,A physics simulation of multiple balls in sequence (scene 109),,189
/scratch/vcj9002/MagicPhysics/test_ball_train_collect/11/env/camera/cam_0,A physics simulation of multiple balls in sequence (scene 11),,131
/scratch/vcj9002/MagicPhysics/test_ball_train_collect/110/env/camera/cam_0,A physics simulation of multiple balls in sequence (scene 110),,189
/scratch/vcj9002/MagicPhysics/test_ball_train_collect/111/env/camera/cam_0,A physics simulation of multiple balls in sequence (scene 111),,165
/scratch/vcj9002/MagicPhysics/test_ball_train_collect/112/env/camera/cam_0,A physics simulation of multiple balls in sequence (scene 112),,182
/scratch/vcj9002/MagicPhysics/test_ball_train_collect/113/env/camera/cam_0,A physics simulation of multiple balls in sequence (scene 113),,211
/scratch/vcj9002/MagicPhysics/test_ball_train_collect/114/env/camera/cam_0,A physics simulation of multiple balls in sequence (scene 114),,123
/scratch/vcj9002/MagicPhysics/test_ball_train_collect/115/env/camera/cam_0,A physics simulation of multiple balls in sequence (scene 115),,123
/scratch/vcj9002/MagicPhysics/test_ball_train_collect/116/env/camera/cam_0,A physics simulation of multiple balls in sequence (scene 116),,175
/scratch/vcj9002/MagicPhysics/test_ball_train_collect/117/env/camera/cam_0,A physics simulation of multiple balls in sequence (scene 117),,175
/scratch/vcj9002/MagicPhysics/test_ball_train_collect/118/env/camera/cam_0,A physics simulation of multiple balls in sequence (scene 118),,157
/scratch/vcj9002/MagicPhysics/test_ball_train_collect/119/env/camera/cam_0,A physics simulation of multiple balls in sequence (scene 119),,180
/scratch/vcj9002/MagicPhysics/test_ball_train_collect/12/env/camera/cam_0,A physics simulation of multiple balls in sequence (scene 12),,168
/scratch/vcj9002/MagicPhysics/test_ball_train_collect/120/env/camera/cam_0,A physics simulation of multiple balls in sequence (scene 120),,180
/scratch/vcj9002/MagicPhysics/test_ball_train_collect/121/env/camera/cam_0,A physics simulation of multiple balls in sequence (scene 121),,145
/scratch/vcj9002/MagicPhysics/test_ball_train_collect/122/env/camera/cam_0,A physics simulation of multiple balls in sequence (scene 122),,145
/scratch/vcj9002/MagicPhysics/test_ball_train_collect/123/env/camera/cam_0,A physics simulation of multiple balls in sequence (scene 123),,212
/scratch/vcj9002/MagicPhysics/test_ball_train_collect/124/env/camera/cam_0,A physics simulation of multiple balls in sequence (scene 124),,184
/scratch/vcj9002/MagicPhysics/test_ball_train_collect/125/env/camera/cam_0,A physics simulation of multiple balls in sequence (scene 125),,174
/scratch/vcj9002/MagicPhysics/test_ball_train_collect/126/env/camera/cam_0,A physics simulation of multiple balls in sequence (scene 126),,191
/scratch/vcj9002/MagicPhysics/test_ball_train_collect/127/env/camera/cam_0,A physics simulation of multiple balls in sequence (scene 127),,191
/scratch/vcj9002/MagicPhysics/test_ball_train_collect/128/env/camera/cam_0,A physics simulation of multiple balls in sequence (scene 128),,153
/scratch/vcj9002/MagicPhysics/test_ball_train_collect/129/env/camera/cam_0,A physics simulation of multiple balls in sequence (scene 129),,148
/scratch/vcj9002/MagicPhysics/test_ball_train_collect/13/env/camera/cam_0,A physics simulation of multiple balls in sequence (scene 13),,168
/scratch/vcj9002/MagicPhysics/test_ball_train_collect/130/env/camera/cam_0,A physics simulation of multiple balls in sequence (scene 130),,141
/scratch/vcj9002/MagicPhysics/test_ball_train_collect/131/env/camera/cam_0,A physics simulation of multiple balls in sequence (scene 131),,164
/scratch/vcj9002/MagicPhysics/test_ball_train_collect/132/env/camera/cam_0,A physics simulation of multiple balls in sequence (scene 132),,164
/scratch/vcj9002/MagicPhysics/test_ball_train_collect/133/env/camera/cam_0,A physics simulation of multiple balls in sequence (scene 133),,203
/scratch/vcj9002/MagicPhysics/test_ball_train_collect/134/env/camera/cam_0,A physics simulation of multiple balls in sequence (scene 134),,203
/scratch/vcj9002/MagicPhysics/test_ball_train_collect/135/env/camera/cam_0,A physics simulation of multiple balls in sequence (scene 135),,164
/scratch/vcj9002/MagicPhysics/test_ball_train_collect/136/env/camera/cam_0,A physics simulation of multiple balls in sequence (scene 136),,164
/scratch/vcj9002/MagicPhysics/test_ball_train_collect/137/env/camera/cam_0,A physics simulation of multiple balls in sequence (scene 137),,209
/scratch/vcj9002/MagicPhysics/test_ball_train_collect/138/env/camera/cam_0,A physics simulation of multiple balls in sequence (scene 138),,154
/scratch/vcj9002/MagicPhysics/test_ball_train_collect/139/env/camera/cam_0,A physics simulation of multiple balls in sequence (scene 139),,153
/scratch/vcj9002/MagicPhysics/test_ball_train_collect/14/env/camera/cam_0,A physics simulation of multiple balls in sequence (scene 14),,146
/scratch/vcj9002/MagicPhysics/test_ball_train_collect/140/env/camera/cam_0,A physics simulation of multiple balls in sequence (scene 140),,174
/scratch/vcj9002/MagicPhysics/test_ball_train_collect/141/env/camera/cam_0,A physics simulation of multiple balls in sequence (scene 141),,174
/scratch/vcj9002/MagicPhysics/test_ball_train_collect/142/env/camera/cam_0,A physics simulation of multiple balls in sequence (scene 142),,217
/scratch/vcj9002/MagicPhysics/test_ball_train_collect/143/env/camera/cam_0,A physics simulation of multiple balls in sequence (scene 143),,181
/scratch/vcj9002/MagicPhysics/test_ball_train_collect/144/env/camera/cam_0,A physics simulation of multiple balls in sequence (scene 144),,196
/scratch/vcj9002/MagicPhysics/test_ball_train_collect/145/env/camera/cam_0,A physics simulation of multiple balls in sequence (scene 145),,196
/scratch/vcj9002/MagicPhysics/test_ball_train_collect/146/env/camera/cam_0,A physics simulation of multiple balls in sequence (scene 146),,196
/scratch/vcj9002/MagicPhysics/test_ball_train_collect/147/env/camera/cam_0,A physics simulation of multiple balls in sequence (scene 147),,196
/scratch/vcj9002/MagicPhysics/test_ball_train_collect/148/env/camera/cam_0,A physics simulation of multiple balls in sequence (scene 148),,125
/scratch/vcj9002/MagicPhysics/test_ball_train_collect/149/env/camera/cam_0,A physics simulation of multiple balls in sequence (scene 149),,125
/scratch/vcj9002/MagicPhysics/test_ball_train_collect/15/env/camera/cam_0,A physics simulation of multiple balls in sequence (scene 15),,146
/scratch/vcj9002/MagicPhysics/test_ball_train_collect/150/env/camera/cam_0,A physics simulation of multiple balls in sequence (scene 150),,163
/scratch/vcj9002/MagicPhysics/test_ball_train_collect/151/env/camera/cam_0,A physics simulation of multiple balls in sequence (scene 151),,199
/scratch/vcj9002/MagicPhysics/test_ball_train_collect/152/env/camera/cam_0,A physics simulation of multiple balls in sequence (scene 152),,156
/scratch/vcj9002/MagicPhysics/test_ball_train_collect/153/env/camera/cam_0,A physics simulation of multiple balls in sequence (scene 153),,120
/scratch/vcj9002/MagicPhysics/test_ball_train_collect/154/env/camera/cam_0,A physics simulation of multiple balls in sequence (scene 154),,120
/scratch/vcj9002/MagicPhysics/test_ball_train_collect/155/env/camera/cam_0,A physics simulation of multiple balls in sequence (scene 155),,143
/scratch/vcj9002/MagicPhysics/test_ball_train_collect/156/env/camera/cam_0,A physics simulation of multiple balls in sequence (scene 156),,195
/scratch/vcj9002/MagicPhysics/test_ball_train_collect/157/env/camera/cam_0,A physics simulation of multiple balls in sequence (scene 157),,195
/scratch/vcj9002/MagicPhysics/test_ball_train_collect/158/env/camera/cam_0,A physics simulation of multiple balls in sequence (scene 158),,170
/scratch/vcj9002/MagicPhysics/test_ball_train_collect/159/env/camera/cam_0,A physics simulation of multiple balls in sequence (scene 159),,170
/scratch/vcj9002/MagicPhysics/test_ball_train_collect/16/env/camera/cam_0,A physics simulation of multiple balls in sequence (scene 16),,157
/scratch/vcj9002/MagicPhysics/test_ball_train_collect/160/env/camera/cam_0,A physics simulation of multiple balls in sequence (scene 160),,172
/scratch/vcj9002/MagicPhysics/test_ball_train_collect/161/env/camera/cam_0,A physics simulation of multiple balls in sequence (scene 161),,138
/scratch/vcj9002/MagicPhysics/test_ball_train_collect/162/env/camera/cam_0,A physics simulation of multiple balls in sequence (scene 162),,142
/scratch/vcj9002/MagicPhysics/test_ball_train_collect/163/env/camera/cam_0,A physics simulation of multiple balls in sequence (scene 163),,136
/scratch/vcj9002/MagicPhysics/test_ball_train_collect/164/env/camera/cam_0,A physics simulation of multiple balls in sequence (scene 164),,175
/scratch/vcj9002/MagicPhysics/test_ball_train_collect/165/env/camera/cam_0,A physics simulation of multiple balls in sequence (scene 165),,175
/scratch/vcj9002/MagicPhysics/test_ball_train_collect/166/env/camera/cam_0,A physics simulation of multiple balls in sequence (scene 166),,160
/scratch/vcj9002/MagicPhysics/test_ball_train_collect/167/env/camera/cam_0,A physics simulation of multiple balls in sequence (scene 167),,160
/scratch/vcj9002/MagicPhysics/test_ball_train_collect/168/env/camera/cam_0,A physics simulation of multiple balls in sequence (scene 168),,144
/scratch/vcj9002/MagicPhysics/test_ball_train_collect/169/env/camera/cam_0,A physics simulation of multiple balls in sequence (scene 169),,170
/scratch/vcj9002/MagicPhysics/test_ball_train_collect/17/env/camera/cam_0,A physics simulation of multiple balls in sequence (scene 17),,179
/scratch/vcj9002/MagicPhysics/test_ball_train_collect/170/env/camera/cam_0,A physics simulation of multiple balls in sequence (scene 170),,170
/scratch/vcj9002/MagicPhysics/test_ball_train_collect/171/env/camera/cam_0,A physics simulation of multiple balls in sequence (scene 171),,164
/scratch/vcj9002/MagicPhysics/test_ball_train_collect/172/env/camera/cam_0,A physics simulation of multiple balls in sequence (scene 172),,161
/scratch/vcj9002/MagicPhysics/test_ball_train_collect/173/env/camera/cam_0,A physics simulation of multiple balls in sequence (scene 173),,160
/scratch/vcj9002/MagicPhysics/test_ball_train_collect/174/env/camera/cam_0,A physics simulation of multiple balls in sequence (scene 174),,160
/scratch/vcj9002/MagicPhysics/test_ball_train_collect/175/env/camera/cam_0,A physics simulation of multiple balls in sequence (scene 175),,204
/scratch/vcj9002/MagicPhysics/test_ball_train_collect/176/env/camera/cam_0,A physics simulation of multiple balls in sequence (scene 176),,151
/scratch/vcj9002/MagicPhysics/test_ball_train_collect/177/env/camera/cam_0,A physics simulation of multiple balls in sequence (scene 177),,151
/scratch/vcj9002/MagicPhysics/test_ball_train_collect/18/env/camera/cam_0,A physics simulation of multiple balls in sequence (scene 18),,179
/scratch/vcj9002/MagicPhysics/test_ball_train_collect/19/env/camera/cam_0,A physics simulation of multiple balls in sequence (scene 19),,187
/scratch/vcj9002/MagicPhysics/test_ball_train_collect/2/env/camera/cam_0,A physics simulation of multiple balls in sequence (scene 2),,151
/scratch/vcj9002/MagicPhysics/test_ball_train_collect/20/env/camera/cam_0,A physics simulation of multiple balls in sequence (scene 20),,167
/scratch/vcj9002/MagicPhysics/test_ball_train_collect/21/env/camera/cam_0,A physics simulation of multiple balls in sequence (scene 21),,162
/scratch/vcj9002/MagicPhysics/test_ball_train_collect/22/env/camera/cam_0,A physics simulation of multiple balls in sequence (scene 22),,162
/scratch/vcj9002/MagicPhysics/test_ball_train_collect/23/env/camera/cam_0,A physics simulation of multiple balls in sequence (scene 23),,182
/scratch/vcj9002/MagicPhysics/test_ball_train_collect/24/env/camera/cam_0,A physics simulation of multiple balls in sequence (scene 24),,182
/scratch/vcj9002/MagicPhysics/test_ball_train_collect/25/env/camera/cam_0,A physics simulation of multiple balls in sequence (scene 25),,196
/scratch/vcj9002/MagicPhysics/test_ball_train_collect/26/env/camera/cam_0,A physics simulation of multiple balls in sequence (scene 26),,164
/scratch/vcj9002/MagicPhysics/test_ball_train_collect/27/env/camera/cam_0,A physics simulation of multiple balls in sequence (scene 27),,176
/scratch/vcj9002/MagicPhysics/test_ball_train_collect/28/env/camera/cam_0,A physics simulation of multiple balls in sequence (scene 28),,176
/scratch/vcj9002/MagicPhysics/test_ball_train_collect/29/env/camera/cam_0,A physics simulation of multiple balls in sequence (scene 29),,187
/scratch/vcj9002/MagicPhysics/test_ball_train_collect/3/env/camera/cam_0,A physics simulation of multiple balls in sequence (scene 3),,176
/scratch/vcj9002/MagicPhysics/test_ball_train_collect/30/env/camera/cam_0,A physics simulation of multiple balls in sequence (scene 30),,174
/scratch/vcj9002/MagicPhysics/test_ball_train_collect/31/env/camera/cam_0,A physics simulation of multiple balls in sequence (scene 31),,146
/scratch/vcj9002/MagicPhysics/test_ball_train_collect/32/env/camera/cam_0,A physics simulation of multiple balls in sequence (scene 32),,146
/scratch/vcj9002/MagicPhysics/test_ball_train_collect/33/env/camera/cam_0,A physics simulation of multiple balls in sequence (scene 33),,150
/scratch/vcj9002/MagicPhysics/test_ball_train_collect/34/env/camera/cam_0,A physics simulation of multiple balls in sequence (scene 34),,146
/scratch/vcj9002/MagicPhysics/test_ball_train_collect/35/env/camera/cam_0,A physics simulation of multiple balls in sequence (scene 35),,176
/scratch/vcj9002/MagicPhysics/test_ball_train_collect/36/env/camera/cam_0,A physics simulation of multiple balls in sequence (scene 36),,176
/scratch/vcj9002/MagicPhysics/test_ball_train_collect/37/env/camera/cam_0,A physics simulation of multiple balls in sequence (scene 37),,137
/scratch/vcj9002/MagicPhysics/test_ball_train_collect/38/env/camera/cam_0,A physics simulation of multiple balls in sequence (scene 38),,137
/scratch/vcj9002/MagicPhysics/test_ball_train_collect/39/env/camera/cam_0,A physics simulation of multiple balls in sequence (scene 39),,161
/scratch/vcj9002/MagicPhysics/test_ball_train_collect/4/env/camera/cam_0,A physics simulation of multiple balls in sequence (scene 4),,176
/scratch/vcj9002/MagicPhysics/test_ball_train_collect/40/env/camera/cam_0,A physics simulation of multiple balls in sequence (scene 40),,161
/scratch/vcj9002/MagicPhysics/test_ball_train_collect/41/env/camera/cam_0,A physics simulation of multiple balls in sequence (scene 41),,152
/scratch/vcj9002/MagicPhysics/test_ball_train_collect/42/env/camera/cam_0,A physics simulation of multiple balls in sequence (scene 42),,166
/scratch/vcj9002/MagicPhysics/test_ball_train_collect/43/env/camera/cam_0,A physics simulation of multiple balls in sequence (scene 43),,176
/scratch/vcj9002/MagicPhysics/test_ball_train_collect/44/env/camera/cam_0,A physics simulation of multiple balls in sequence (scene 44),,176
/scratch/vcj9002/MagicPhysics/test_ball_train_collect/45/env/camera/cam_0,A physics simulation of multiple balls in sequence (scene 45),,172
/scratch/vcj9002/MagicPhysics/test_ball_train_collect/46/env/camera/cam_0,A physics simulation of multiple balls in sequence (scene 46),,172
/scratch/vcj9002/MagicPhysics/test_ball_train_collect/47/env/camera/cam_0,A physics simulation of multiple balls in sequence (scene 47),,156
/scratch/vcj9002/MagicPhysics/test_ball_train_collect/48/env/camera/cam_0,A physics simulation of multiple balls in sequence (scene 48),,156
/scratch/vcj9002/MagicPhysics/test_ball_train_collect/49/env/camera/cam_0,A physics simulation of multiple balls in sequence (scene 49),,160
/scratch/vcj9002/MagicPhysics/test_ball_train_collect/5/env/camera/cam_0,A physics simulation of multiple balls in sequence (scene 5),,176
/scratch/vcj9002/MagicPhysics/test_ball_train_collect/50/env/camera/cam_0,A physics simulation of multiple balls in sequence (scene 50),,126
/scratch/vcj9002/MagicPhysics/test_ball_train_collect/51/env/camera/cam_0,A physics simulation of multiple balls in sequence (scene 51),,119
/scratch/vcj9002/MagicPhysics/test_ball_train_collect/52/env/camera/cam_0,A physics simulation of multiple balls in sequence (scene 52),,119
/scratch/vcj9002/MagicPhysics/test_ball_train_collect/53/env/camera/cam_0,A physics simulation of multiple balls in sequence (scene 53),,191
/scratch/vcj9002/MagicPhysics/test_ball_train_collect/54/env/camera/cam_0,A physics simulation of multiple balls in sequence (scene 54),,165
/scratch/vcj9002/MagicPhysics/test_ball_train_collect/55/env/camera/cam_0,A physics simulation of multiple balls in sequence (scene 55),,165
/scratch/vcj9002/MagicPhysics/test_ball_train_collect/56/env/camera/cam_0,A physics simulation of multiple balls in sequence (scene 56),,196
/scratch/vcj9002/MagicPhysics/test_ball_train_collect/57/env/camera/cam_0,A physics simulation of multiple balls in sequence (scene 57),,196
/scratch/vcj9002/MagicPhysics/test_ball_train_collect/58/env/camera/cam_0,A physics simulation of multiple balls in sequence (scene 58),,208
/scratch/vcj9002/MagicPhysics/test_ball_train_collect/59/env/camera/cam_0,A physics simulation of multiple balls in sequence (scene 59),,170
/scratch/vcj9002/MagicPhysics/test_ball_train_collect/6/env/camera/cam_0,A physics simulation of multiple balls in sequence (scene 6),,185
/scratch/vcj9002/MagicPhysics/test_ball_train_collect/60/env/camera/cam_0,A physics simulation of multiple balls in sequence (scene 60),,184
/scratch/vcj9002/MagicPhysics/test_ball_train_collect/61/env/camera/cam_0,A physics simulation of multiple balls in sequence (scene 61),,183
/scratch/vcj9002/MagicPhysics/test_ball_train_collect/62/env/camera/cam_0,A physics simulation of multiple balls in sequence (scene 62),,183
/scratch/vcj9002/MagicPhysics/test_ball_train_collect/63/env/camera/cam_0,A physics simulation of multiple balls in sequence (scene 63),,138
/scratch/vcj9002/MagicPhysics/test_ball_train_collect/64/env/camera/cam_0,A physics simulation of multiple balls in sequence (scene 64),,138
/scratch/vcj9002/MagicPhysics/test_ball_train_collect/65/env/camera/cam_0,A physics simulation of multiple balls in sequence (scene 65),,163
/scratch/vcj9002/MagicPhysics/test_ball_train_collect/66/env/camera/cam_0,A physics simulation of multiple balls in sequence (scene 66),,191
/scratch/vcj9002/MagicPhysics/test_ball_train_collect/67/env/camera/cam_0,A physics simulation of multiple balls in sequence (scene 67),,191
/scratch/vcj9002/MagicPhysics/test_ball_train_collect/68/env/camera/cam_0,A physics simulation of multiple balls in sequence (scene 68),,184
/scratch/vcj9002/MagicPhysics/test_ball_train_collect/69/env/camera/cam_0,A physics simulation of multiple balls in sequence (scene 69),,178
/scratch/vcj9002/MagicPhysics/test_ball_train_collect/7/env/camera/cam_0,A physics simulation of multiple balls in sequence (scene 7),,185
/scratch/vcj9002/MagicPhysics/test_ball_train_collect/70/env/camera/cam_0,A physics simulation of multiple balls in sequence (scene 70),,126
/scratch/vcj9002/MagicPhysics/test_ball_train_collect/71/env/camera/cam_0,A physics simulation of multiple balls in sequence (scene 71),,121
/scratch/vcj9002/MagicPhysics/test_ball_train_collect/72/env/camera/cam_0,A physics simulation of multiple balls in sequence (scene 72),,157
/scratch/vcj9002/MagicPhysics/test_ball_train_collect/73/env/camera/cam_0,A physics simulation of multiple balls in sequence (scene 73),,157
/scratch/vcj9002/MagicPhysics/test_ball_train_collect/74/env/camera/cam_0,A physics simulation of multiple balls in sequence (scene 74),,176
/scratch/vcj9002/MagicPhysics/test_ball_train_collect/75/env/camera/cam_0,A physics simulation of multiple balls in sequence (scene 75),,176
/scratch/vcj9002/MagicPhysics/test_ball_train_collect/76/env/camera/cam_0,A physics simulation of multiple balls in sequence (scene 76),,191
/scratch/vcj9002/MagicPhysics/test_ball_train_collect/77/env/camera/cam_0,A physics simulation of multiple balls in sequence (scene 77),,191
/scratch/vcj9002/MagicPhysics/test_ball_train_collect/78/env/camera/cam_0,A physics simulation of multiple balls in sequence (scene 78),,194
/scratch/vcj9002/MagicPhysics/test_ball_train_collect/79/env/camera/cam_0,A physics simulation of multiple balls in sequence (scene 79),,181
/scratch/vcj9002/MagicPhysics/test_ball_train_collect/8/env/camera/cam_0,A physics simulation of multiple balls in sequence (scene 8),,188
/scratch/vcj9002/MagicPhysics/test_ball_train_collect/80/env/camera/cam_0,A physics simulation of multiple balls in sequence (scene 80),,195
/scratch/vcj9002/MagicPhysics/test_ball_train_collect/81/env/camera/cam_0,A physics simulation of multiple balls in sequence (scene 81),,200
/scratch/vcj9002/MagicPhysics/test_ball_train_collect/82/env/camera/cam_0,A physics simulation of multiple balls in sequence (scene 82),,174
/scratch/vcj9002/MagicPhysics/test_ball_train_collect/83/env/camera/cam_0,A physics simulation of multiple balls in sequence (scene 83),,174
/scratch/vcj9002/MagicPhysics/test_ball_train_collect/84/env/camera/cam_0,A physics simulation of multiple balls in sequence (scene 84),,201
/scratch/vcj9002/MagicPhysics/test_ball_train_collect/85/env/camera/cam_0,A physics simulation of multiple balls in sequence (scene 85),,201
/scratch/vcj9002/MagicPhysics/test_ball_train_collect/86/env/camera/cam_0,A physics simulation of multiple balls in sequence (scene 86),,189
/scratch/vcj9002/MagicPhysics/test_ball_train_collect/87/env/camera/cam_0,A physics simulation of multiple balls in sequence (scene 87),,189
/scratch/vcj9002/MagicPhysics/test_ball_train_collect/88/env/camera/cam_0,A physics simulation of multiple balls in sequence (scene 88),,162
/scratch/vcj9002/MagicPhysics/test_ball_train_collect/89/env/camera/cam_0,A physics simulation of multiple balls in sequence (scene 89),,206
/scratch/vcj9002/MagicPhysics/test_ball_train_collect/9/env/camera/cam_0,A physics simulation of multiple balls in sequence (scene 9),,193
/scratch/vcj9002/MagicPhysics/test_ball_train_collect/90/env/camera/cam_0,A physics simulation of multiple balls in sequence (scene 90),,199
/scratch/vcj9002/MagicPhysics/test_ball_train_collect/91/env/camera/cam_0,A physics simulation of multiple balls in sequence (scene 91),,139
/scratch/vcj9002/MagicPhysics/test_ball_train_collect/92/env/camera/cam_0,A physics simulation of multiple balls in sequence (scene 92),,139
/scratch/vcj9002/MagicPhysics/test_ball_train_collect/93/env/camera/cam_0,A physics simulation of multiple balls in sequence (scene 93),,155
/scratch/vcj9002/MagicPhysics/test_ball_train_collect/94/env/camera/cam_0,A physics simulation of multiple balls in sequence (scene 94),,155
/scratch/vcj9002/MagicPhysics/test_ball_train_collect/95/env/camera/cam_0,A physics simulation of multiple balls in sequence (scene 95),,201
/scratch/vcj9002/MagicPhysics/test_ball_train_collect/96/env/camera/cam_0,A physics simulation of multiple balls in sequence (scene 96),,152
/scratch/vcj9002/MagicPhysics/test_ball_train_collect/97/env/camera/cam_0,A physics simulation of multiple balls in sequence (scene 97),,152
/scratch/vcj9002/MagicPhysics/test_ball_train_collect/98/env/camera/cam_0,A physics simulation of multiple balls in sequence (scene 98),,169
/scratch/vcj9002/MagicPhysics/test_ball_train_collect/99/env/camera/cam_0,A physics simulation of multiple balls in sequence (scene 99),,131
