{"epoch/epoch":4,"train/noise_loss_weighted":0.027285639196634293,"epoch/total_loss_avg":2.349268275669643,"train/warp_loss_weighted":0.0220947265625,"_step":2625,"_wandb":{"runtime":26399},"train/noise_loss":0.015398490242660046,"_timestamp":1.7656663774308429e+09,"train/learning_rate":0.0001,"epoch/warp_loss_avg":11.695032552083333,"train/total_loss":0.04443359375,"train/depth_loss":0.22265625,"train/depth_loss_weighted":0.022216796875,"epoch/noise_loss_avg":0.08492945402505853,"train/timestep":672,"train/global_step":2620,"train/epoch":4,"_runtime":26399.523879232,"epoch/depth_loss_avg":11.777162504650297,"train/warp_loss":0.220703125}