{"train/motion_loss_weighted":0.000492095947265625,"train/motion_loss":0.004913330078125,"train/global_step":2620,"epoch/motion_loss_avg":0.010758696056547619,"_step":2625,"train/timestep":380,"_timestamp":1.764786383273067e+09,"epoch/noise_loss_avg":0.09151469106475513,"train/learning_rate":0.0001,"train/epoch":4,"train/noise_loss":0.028461137786507607,"epoch/epoch":4,"epoch/total_loss_avg":0.05413019174089034,"train/total_loss":0.0552917905151844,"train/noise_loss_weighted":0.05479969456791878,"_runtime":24692.614404363,"_wandb":{"runtime":24692}}