{"_wandb":{"runtime":25720},"train/timestep":482,"epoch/depth_loss_avg":0.1349160621279762,"epoch/noise_loss_avg":0.07913737198604005,"train/epoch":4,"train/noise_loss":0.020184597000479698,"_runtime":25720.756951648,"epoch/epoch":4,"_timestamp":1.7647901339760423e+09,"train/learning_rate":0.0001,"_step":2625,"train/global_step":2620,"train/noise_loss_weighted":0.04184379801154137,"train/total_loss":0.005157470703125,"train/depth_loss_weighted":0.005157470703125,"train/depth_loss":0.051513671875,"epoch/total_loss_avg":0.013492082868303572}