{"train/depth_loss":0.0279541015625,"_step":2625,"train/epoch":4,"train/noise_loss":0.02499428205192089,"epoch/total_loss_avg":2.6489649600074405,"epoch/noise_loss_avg":0.08215783388664324,"_wandb":{"runtime":25935},"epoch/warp_loss_avg":13.184727260044642,"train/learning_rate":0.0001,"_runtime":25935.513339269,"epoch/depth_loss_avg":13.280898670014881,"train/warp_loss_weighted":0.0028076171875,"train/noise_loss_weighted":0.01453243475407362,"train/warp_loss":0.028076171875,"_timestamp":1.7656660130842388e+09,"train/depth_loss_weighted":0.0027923583984375,"train/global_step":2620,"epoch/epoch":4,"train/timestep":908,"train/total_loss":0.005615234375}