{"epoch/depth_loss_avg":13.342677408854167,"train/epoch":4,"_wandb":{"runtime":26072},"_timestamp":1.765574255253418e+09,"train/depth_loss":0.0703125,"train/total_loss":0.00701904296875,"train/timestep":360,"epoch/epoch":4,"train/noise_loss_weighted":0.07158424705266953,"epoch/total_loss_avg":1.3366734967912945,"train/global_step":2620,"train/depth_loss_weighted":0.00701904296875,"_runtime":26072.782288778,"epoch/noise_loss_avg":0.08425385254302195,"train/noise_loss":0.038226183503866196,"train/learning_rate":0.0001,"_step":2625}