{"_timestamp":1.7656660223922105e+09,"train/noise_loss":0.4356154203414917,"epoch/epoch":4,"epoch/noise_loss_avg":0.07606356190783636,"train/warp_loss":0.037109375,"_step":2625,"train/total_loss":0.0074462890625,"epoch/depth_loss_avg":12.728125465029763,"_wandb":{"runtime":26035},"train/noise_loss_weighted":0.08160260319709778,"epoch/warp_loss_avg":12.63275413876488,"train/timestep":30,"train/global_step":2620,"_runtime":26035.847926836,"train/depth_loss_weighted":0.0037384033203125,"train/learning_rate":0.0001,"train/epoch":4,"train/depth_loss":0.037353515625,"epoch/total_loss_avg":2.538473481677827,"train/warp_loss_weighted":0.0037078857421875}